zip_code,Year,Pandemic,ACS_PCT_HH_ABOVE65_ZC,CCBP_TOT_CHS_ZP,CCBP_TOT_CS_ZP,CCBP_TOT_FF_ZP,CCBP_TOT_FSR_ZP,CCBP_TOT_RET_ZP,drive_time_hospital_min,green_coverage_pct,healthcare_facilities_per_10k_older_adults,pct_asian_60_plus,pct_black_60_plus,pct_disabled_60_plus,pct_hispanic_60_plus,pct_limited_english_60_plus,pct_no_computer,pct_no_internet,pct_pop_60_plus,pct_snap_households_60_plus,pct_white_non_hispanic_60_plus,senior_households_total,transit_coverage_pct,qol_composite_index
94022,2015,0,0.932428,-0.217891,-0.82198,-0.634746,0.013578,-0.584846,0.013689,1.321261,-0.19919,-0.048339,-0.051186,-0.821596,-0.191511,0.026953,-0.270283,0.335821,1.265244,0.743712,0.842373,-0.169083,-1.088704,-0.50304
94022,2016,0,1.116098,-0.301599,-0.82198,-0.679977,0.089868,-0.584846,0.013689,1.321261,-0.19919,-0.074825,-0.145851,-0.452198,-0.250695,0.010785,-0.436572,0.317798,1.290377,0.676574,0.757403,-0.165191,-1.088704,-0.774853
94022,2017,0,1.233857,0.121126,-0.143573,-0.634746,0.242447,-0.508212,0.013689,1.321261,-0.19919,-0.030183,-0.179743,-0.369248,-0.183688,0.187189,0.352433,0.409721,1.290835,0.613782,0.631043,-0.195545,-1.088704,0.032718
94022,2018,0,1.394678,0.187275,-0.133939,-0.634746,0.356882,-0.569236,0.013689,1.321261,-0.19919,-0.081516,-0.216387,-0.281041,-0.141143,0.12845,0.4961,0.485211,1.446384,0.638532,0.437532,-0.172196,-1.088704,0.14344
94022,2019,0,1.370071,-0.263815,-0.638501,-0.679977,0.433172,-0.719252,0.013689,1.321261,-0.19919,-0.032763,-0.248215,0.184562,-0.181024,0.233336,0.725967,0.551265,1.348028,0.651662,0.320315,-0.192043,-1.088704,0.051555
94022,2020,1,1.365677,-0.077909,-0.638501,-0.634746,0.318737,-0.708499,0.013689,1.321261,-0.19919,0.106661,-0.311955,0.165999,-0.220905,0.315051,0.9271,0.607883,1.332031,0.889979,-0.003122,-0.207609,-1.088704,0.537182
94022,2021,1,1.382375,-0.068094,-0.638501,-0.634746,0.166157,-0.633319,0.013689,1.321261,-0.19919,0.079328,-0.234709,0.288765,-0.233492,0.377718,0.7547,0.541829,1.339637,0.930108,0.005544,-0.163245,-1.088704,0.437055
94022,2022,1,1.595923,0.03948,-0.361707,-0.589515,0.280592,-0.262728,0.013689,1.321261,-0.19919,-0.057432,-0.262365,0.289411,-0.267255,0.351278,0.812167,0.598447,1.595702,0.985954,-0.219081,-0.095143,-1.088704,0.254162
94022,2023,0,1.594166,-0.008852,-0.638501,-0.544284,0.166157,-0.262728,0.013689,1.321261,-0.19919,-0.053151,-0.307697,0.653082,-0.170978,0.346287,0.725967,0.598447,1.555365,0.776229,-0.248337,-0.110709,-1.088704,0.306352
94022,2024,0,1.594166,0.034973,-0.638501,-0.544284,0.166157,-0.262728,0.013689,1.321261,-0.19919,-0.102644,-0.268085,0.686489,-0.242466,0.330464,0.783434,0.617319,1.71167,0.811611,-0.36072,-0.075685,-1.088704,0.310154
94022,2025,0,1.555491,-0.43426,-0.65487,-0.621193,0.226063,-0.277363,0.013689,1.321261,-0.19919,-0.029521,-0.240559,0.598841,-0.208376,0.305901,0.745691,0.597066,1.417341,0.829401,-0.316154,-0.154948,-1.088704,-0.430164
94022,2026,0,1.521863,-0.43849,-0.679886,-0.621193,0.279493,-0.30397,0.013689,1.321261,-0.19919,-0.029521,-0.226451,0.521986,-0.208376,0.286254,0.715801,0.580713,1.417341,0.845675,-0.274931,-0.154948,-1.088704,-0.400852
94022,2027,0,1.492622,-0.483157,-0.70454,-0.621193,0.287787,-0.33889,0.013689,1.321261,-0.19919,-0.029521,-0.219226,0.454578,-0.208376,0.27055,0.692131,0.567509,1.417341,0.860563,-0.236798,-0.154948,-1.088704,-0.498041
94022,2028,0,1.467195,-0.494274,-0.721469,-0.621193,0.260079,-0.377919,0.013689,1.321261,-0.19919,-0.029521,-0.215527,0.395465,-0.208376,0.257988,0.673385,0.556848,1.417341,0.874184,-0.201532,-0.154948,-1.088704,-0.543306
94022,2029,0,1.445087,-0.463515,-0.726892,-0.621193,0.229917,-0.416779,0.013689,1.321261,-0.19919,-0.029521,-0.213635,0.343617,-0.208376,0.24794,0.658541,0.54824,1.417341,0.886644,-0.168911,-0.154948,-1.088704,-0.500394
94024,2015,0,0.832245,-0.366641,-0.82198,-0.860903,-1.016335,0.340718,0.281181,-0.539198,-0.161213,-0.08736,-0.722829,0.434356,-0.913525,1.045056,0.423383,1.090806,0.917558,0.975312,2.481953,-0.162856,-0.68797,-0.257933
94024,2016,0,0.635394,-0.189588,-0.638501,-0.815671,-0.97819,0.32875,0.281181,-0.539198,-0.161213,-0.08736,-0.722829,0.434356,-0.913525,1.045056,0.747326,1.085208,0.819189,0.983141,2.481953,-0.209944,-0.68797,0.25266
94024,2017,0,0.755789,-0.183694,-0.553385,-0.860903,-0.863755,0.820548,0.281181,-0.539198,-0.161213,-0.08736,-0.722829,0.434356,-0.913525,1.045056,0.7547,0.532393,0.920927,0.979906,2.481953,-0.160132,-0.68797,0.821598
94024,2018,0,0.703061,-0.132261,-0.593447,-0.906134,-0.9019,0.802817,0.281181,-0.539198,-0.161213,-0.08736,-0.722829,0.434356,-0.913525,1.045056,0.438633,0.475775,0.794878,0.984125,2.481953,-0.171807,-0.68797,0.926098
94024,2019,0,0.810275,0.015825,-0.550272,-0.906134,-0.940045,0.893815,0.281181,-0.539198,-0.161213,-0.08736,-0.722829,0.434356,-0.913525,1.045056,0.4099,0.466338,0.955502,0.897312,2.481953,-0.123551,-0.68797,1.082298
94024,2020,1,0.76985,0.115554,-0.535221,-0.906134,-0.940045,0.797386,0.281181,-0.539198,-0.161213,-0.08736,-0.722829,0.434356,-0.913525,1.045056,0.438633,0.541829,0.943325,0.929574,2.481953,-0.171807,-0.68797,1.194309
94024,2021,1,0.834003,0.151753,-0.493745,-0.951365,-0.940045,0.8777,0.281181,-0.539198,-0.161213,-0.08736,-0.722829,0.434356,-0.913525,1.045056,0.4099,0.560702,1.124856,0.923642,2.481953,-0.056616,-0.68797,1.221056
94024,2022,1,0.971975,0.094313,-0.638501,-0.996596,-0.97819,0.827235,0.281181,-0.539198,-0.161213,-0.08736,-0.722829,0.434356,-0.913525,1.045056,0.467366,0.636192,1.284072,0.906888,2.481953,0.002535,-0.68797,1.181494
94024,2023,0,1.055461,-0.028449,-0.638501,-1.041828,-0.97819,0.759433,0.281181,-0.539198,-0.161213,-0.126898,-0.845623,0.642639,-0.877313,1.026733,0.725967,0.721119,1.391149,0.917086,2.376887,0.035225,-0.68797,1.022995
94024,2024,0,1.055461,-0.068643,-0.638501,-1.041828,-0.97819,0.712513,0.281181,-0.539198,-0.161213,-0.126898,-0.845623,0.642639,-0.877313,1.026733,0.8409,0.787173,1.208786,0.881499,2.376887,-0.057006,-0.68797,1.072394
94024,2025,0,0.841741,-0.311582,-0.65685,-0.958113,-0.968704,0.827442,0.281181,-0.539198,-0.161213,-0.095337,-0.748377,0.470539,-0.906797,1.04142,0.781786,0.578396,1.165132,0.937852,2.473141,-0.107585,-0.687971,0.499654
94024,2026,0,0.841741,-0.282512,-0.65685,-0.879374,-0.954216,0.834405,0.281181,-0.539198,-0.161213,-0.095337,-0.748377,0.470539,-0.906797,1.04142,0.741807,0.578396,1.132996,0.937852,2.473141,-0.107585,-0.687971,0.458324
94024,2027,0,0.841741,-0.283609,-0.65685,-0.863836,-0.954216,0.832009,0.281181,-0.539198,-0.161213,-0.095337,-0.748377,0.470539,-0.906797,1.04142,0.71477,0.578396,1.109338,0.937852,2.473141,-0.107585,-0.687971,0.433452
94024,2028,0,0.841741,-0.313992,-0.65685,-0.901326,-0.954216,0.819771,0.281181,-0.539198,-0.161213,-0.095337,-0.748377,0.470539,-0.906797,1.04142,0.696486,0.578396,1.091923,0.937852,2.473141,-0.107585,-0.687971,0.418058
94024,2029,0,0.841741,-0.345973,-0.65685,-0.944837,-0.954216,0.80744,0.281181,-0.539198,-0.161213,-0.095337,-0.748377,0.470539,-0.906797,1.04142,0.68412,0.578396,1.079102,0.937852,2.473141,-0.107585,-0.687971,0.408261
94028,2015,0,1.428951,-0.060666,-1.371373,-1.087059,-0.97819,-0.906965,-0.031734,0.259294,-0.203803,-0.048339,-0.051186,-0.821596,-0.191511,0.026953,-0.586256,0.970627,2.31416,1.020492,0.842373,-1.012774,-1.464667,-2.505608
94028,2016,0,1.795411,-0.092777,-1.486325,-1.087059,-0.863755,-0.906965,-0.031734,0.259294,-0.203803,-0.074825,-0.145851,-0.452198,-0.250695,0.010785,-0.463911,1.086988,2.157801,1.020492,0.757403,-1.016666,-1.464667,-2.145632
94028,2017,0,1.623166,-0.266501,-1.242078,-1.041828,-0.9019,-0.018945,-0.031734,0.259294,-0.203803,-0.030183,-0.179743,-0.369248,-0.183688,0.187189,0.237499,0.239867,1.800071,1.020492,0.631043,-1.058306,-1.464667,-0.978009
94028,2018,0,1.937777,-0.311128,-1.35627,-1.041828,-0.97819,0.029241,-0.031734,0.259294,-0.203803,-0.081516,-0.216387,-0.281041,-0.141143,0.12845,0.381166,0.239867,1.896919,1.020492,0.437532,-1.042739,-1.464667,-0.929403
94028,2019,0,1.899988,-0.33457,-1.456461,-1.041828,-1.016335,-0.219099,-0.031734,0.259294,-0.203803,-0.032763,-0.248215,0.184562,-0.181024,0.233336,0.4961,0.466338,1.71519,1.020492,0.320315,-1.06103,-1.464667,-0.816812
94028,2020,1,2.737486,-0.779639,-1.942587,-1.874957,-1.289004,-0.030399,-0.031734,0.259294,-0.203803,0.106661,-0.311955,0.165999,-0.220905,0.315051,0.4099,0.419157,2.956497,1.020492,-0.003122,-0.971913,-1.464667,-1.511415
94028,2021,1,2.657515,-0.800109,-1.907641,-1.895934,-1.322444,-0.052376,-0.031734,0.259294,-0.203803,0.079328,-0.234709,0.288765,-0.233492,0.377718,0.553567,0.43803,2.935555,0.885289,0.005544,-0.986701,-1.464667,-1.478572
94028,2022,1,2.743637,-0.648196,-1.709779,-1.72304,-1.016335,-0.002892,-0.031734,0.259294,-0.203803,-0.057432,-0.262365,0.289411,-0.267255,0.351278,0.8409,0.560702,3.075385,0.710115,-0.219081,-0.919766,-1.464667,-1.354093
94028,2023,0,2.922913,0.05717,-1.434288,-1.041828,-0.539585,0.048349,-0.031734,0.259294,-0.203803,-0.053151,-0.307697,0.653082,-0.170978,0.346287,0.8409,0.58901,3.46664,0.669338,-0.248337,-0.907313,-1.464667,-1.284002
94028,2024,0,2.922913,0.124722,-1.403103,-1.041828,-0.426278,0.01606,-0.031734,0.259294,-0.203803,-0.102644,-0.268085,0.686489,-0.242466,0.330464,0.8409,0.617319,3.65384,0.575226,-0.36072,-0.910037,-1.464667,-1.372243
94028,2025,0,2.752584,-0.526003,-1.935582,-1.048318,-0.994861,-0.906966,-0.031734,0.259294,-0.203803,-0.029521,-0.240559,0.598841,-0.208376,0.305901,0.790624,0.57331,3.241881,0.550298,-0.316154,-0.988805,-1.464667,-2.552003
94028,2026,0,2.62366,-0.614948,-1.907418,-1.05107,-0.974169,-0.906966,-0.031734,0.259294,-0.203803,-0.029521,-0.226451,0.521986,-0.208376,0.286254,0.748368,0.538985,3.006338,0.583246,-0.274931,-0.988805,-1.464667,-2.507283
94028,2027,0,2.526076,-0.65779,-1.889766,-1.05107,-0.971352,-0.906966,-0.031734,0.259294,-0.203803,-0.029521,-0.219226,0.454578,-0.208376,0.27055,0.712853,0.512212,2.871664,0.654492,-0.236798,-0.988805,-1.464667,-2.473996
94028,2028,0,2.452213,-0.675707,-1.88179,-1.05107,-0.985137,-0.906966,-0.031734,0.259294,-0.203803,-0.029521,-0.215527,0.395465,-0.208376,0.257988,0.683002,0.491331,2.794663,0.741784,-0.201532,-0.988805,-1.464667,-2.446931
94028,2029,0,2.396306,-0.680197,-1.876609,-1.05107,-1.000667,-0.906966,-0.031734,0.259294,-0.203803,-0.029521,-0.213635,0.343617,-0.208376,0.24794,0.657914,0.475044,2.750637,0.824998,-0.168911,-0.988805,-1.464667,-2.424917
94040,2015,0,-0.646777,0.21772,-0.271543,0.179417,0.128012,-0.584846,0.457826,-0.736804,-0.098117,-0.048339,-0.051186,-0.821596,-0.191511,0.026953,-0.277725,0.524901,-0.757628,0.579595,0.842373,-0.276101,0.875941,0.23373
94040,2016,0,-0.606352,0.531156,-0.088064,0.496036,0.242447,-0.584846,0.457826,-0.736804,-0.098117,-0.074825,-0.145851,-0.452198,-0.250695,0.010785,-0.153979,0.646471,-0.655595,0.760967,0.757403,-0.199437,0.875941,0.337207
94040,2017,0,-0.65205,0.2347,-0.638501,0.586499,0.433172,0.036532,0.457826,-0.736804,-0.098117,-0.030183,-0.179743,-0.369248,-0.183688,0.187189,-0.423368,0.013396,-0.601039,0.76836,0.631043,-0.157797,0.875941,0.753694
94040,2018,0,-0.642383,0.147929,-0.638501,0.496036,0.395027,0.056933,0.457826,-0.736804,-0.098117,-0.081516,-0.216387,-0.281041,-0.141143,0.12845,-0.136035,0.013396,-0.555979,0.698381,0.437532,-0.107596,0.875941,0.956607
94040,2019,0,-0.737293,0.218367,-0.455022,0.450805,0.242447,-0.061067,0.457826,-0.736804,-0.098117,-0.032763,-0.248215,0.184562,-0.181024,0.233336,0.093833,0.07945,-0.604,0.700245,0.320315,-0.139896,0.875941,1.006737
94040,2020,1,-0.61514,0.415161,-0.455022,0.405574,0.089868,0.140818,0.457826,-0.736804,-0.098117,0.106661,-0.311955,0.165999,-0.220905,0.315051,-0.107301,0.088886,-0.343488,0.445154,-0.003122,-0.01809,0.875941,1.180351
94040,2021,1,-0.705657,1.02142,0.278894,0.496036,-0.024567,0.139234,0.457826,-0.736804,-0.098117,0.079328,-0.234709,0.288765,-0.233492,0.377718,-0.107301,0.15494,-0.504351,0.376668,0.005544,-0.045331,0.875941,1.576606
94040,2022,1,-0.716202,0.984216,0.278894,0.450805,0.013578,0.101738,0.457826,-0.736804,-0.098117,-0.057432,-0.262365,0.289411,-0.267255,0.351278,0.122566,0.25874,-0.443897,0.052864,-0.219081,-0.021203,0.875941,1.653004
94040,2023,0,-0.704778,1.378028,0.829332,0.63173,-0.139002,0.091316,0.457826,-0.736804,-0.098117,-0.053151,-0.307697,0.653082,-0.170978,0.346287,0.180033,0.33423,-0.342935,-0.076535,-0.248337,0.042229,0.875941,1.444002
94040,2024,0,-0.704778,1.373457,0.829332,0.63173,-0.139002,0.085658,0.457826,-0.736804,-0.098117,-0.102644,-0.268085,0.686489,-0.242466,0.330464,0.3237,0.419157,-0.248437,-0.302729,-0.36072,0.076475,0.875941,1.424208
94040,2025,0,-0.673141,0.595748,-0.031355,0.482338,0.050809,-0.584848,0.457826,-0.736804,-0.098117,-0.029521,-0.240559,0.598841,-0.208376,0.305901,0.188626,0.443827,-0.505932,-0.218323,-0.316154,0.015808,0.875941,0.859976
94040,2026,0,-0.673141,0.58806,-0.031355,0.482338,0.275602,-0.584848,0.457826,-0.736804,-0.098117,-0.029521,-0.226451,0.521986,-0.208376,0.286254,0.096604,0.420399,-0.505932,-0.145437,-0.274931,-0.02202,0.875941,0.853316
94040,2027,0,-0.673141,0.586677,-0.031355,0.482338,0.376723,-0.584848,0.457826,-0.736804,-0.098117,-0.029521,-0.219226,0.454578,-0.208376,0.27055,0.03391,0.364901,-0.505932,-0.082499,-0.236798,-0.045607,0.875941,0.858886
94040,2028,0,-0.673141,0.614724,-0.031355,0.482338,0.300952,-0.584848,0.457826,-0.736804,-0.098117,-0.029521,-0.215527,0.395465,-0.208376,0.257988,-0.008801,0.293863,-0.505932,-0.028152,-0.201532,-0.060314,0.875941,0.874572
94040,2029,0,-0.673141,0.65959,-0.031355,0.482338,0.123259,-0.584848,0.457826,-0.736804,-0.098117,-0.029521,-0.213635,0.343617,-0.208376,0.24794,-0.0379,0.221763,-0.505932,0.018777,-0.168911,-0.069484,0.875941,0.892665
94041,2015,0,-0.956115,-0.58352,-0.455022,-0.77044,0.738331,-0.671089,0.46792,-0.793263,-0.146179,-0.048339,-0.051186,-0.821596,-0.191511,0.026953,-0.550542,-0.557401,-0.793933,0.739865,0.842373,-1.080098,1.218991,-0.305471
94041,2016,0,-1.1723,-0.58352,-0.455022,-0.725209,0.776476,-0.721099,0.46792,-0.793263,-0.146179,-0.074825,-0.145851,-0.452198,-0.250695,0.010785,-0.629946,-0.57626,-0.872378,0.552798,0.757403,-1.084768,1.218991,-0.287338
94041,2017,0,-1.130118,-0.461389,-0.638501,-0.634746,0.929055,-1.137897,0.46792,-0.793263,-0.146179,-0.030183,-0.179743,-0.369248,-0.183688,0.187189,0.036366,0.051141,-0.756667,0.344058,0.631043,-1.064921,1.218991,0.023206
94041,2018,0,-0.973691,-0.627481,-0.638501,-0.77044,0.852766,-1.060108,0.46792,-0.793263,-0.146179,-0.081516,-0.216387,-0.281041,-0.141143,0.12845,0.438633,0.032268,-0.579808,0.502921,0.437532,-0.99643,1.218991,0.096216
94041,2019,0,-0.808476,-0.614309,-0.638501,-0.815671,0.814621,-1.125538,0.46792,-0.793263,-0.146179,-0.032763,-0.248215,0.184562,-0.181024,0.233336,0.639767,0.192685,-0.459936,0.266069,0.320315,-0.947785,1.218991,0.132086
94041,2020,1,-1.06245,-0.459189,-0.638501,-0.725209,0.776476,-1.473161,0.46792,-0.793263,-0.146179,0.106661,-0.311955,0.165999,-0.220905,0.315051,0.725967,0.51352,-0.720504,0.637211,-0.003122,-1.052857,1.218991,0.272932
94041,2021,1,-0.793537,-0.358012,-0.536134,-0.679977,0.547606,-1.282723,0.46792,-0.793263,-0.146179,0.079328,-0.234709,0.288765,-0.233492,0.377718,0.697233,0.447466,-0.7029,0.833517,0.005544,-0.985923,1.218991,0.345859
94041,2022,1,-0.789143,-0.458636,-0.597347,-0.725209,0.662041,-1.328821,0.46792,-0.793263,-0.146179,-0.057432,-0.262365,0.289411,-0.267255,0.351278,0.639767,0.428593,-0.754493,1.020492,-0.219081,-0.975415,1.218991,0.351356
94041,2023,0,-0.84978,-0.549862,-0.723878,-0.77044,0.547606,-1.528233,0.46792,-0.793263,-0.146179,-0.053151,-0.307697,0.653082,-0.170978,0.346287,0.639767,0.428593,-0.981803,1.020492,-0.248337,-1.049355,1.218991,0.408155
94041,2024,0,-0.84978,-0.508966,-0.790698,-0.77044,0.547606,-1.550668,0.46792,-0.793263,-0.146179,-0.102644,-0.268085,0.686489,-0.242466,0.330464,0.381166,0.428593,-0.881557,1.020492,-0.36072,-1.021725,1.218991,0.253511
94041,2025,0,-0.938539,-0.583524,-0.612174,-0.738778,0.719377,-1.452326,0.46792,-0.793263,-0.146179,-0.029521,-0.240559,0.598841,-0.208376,0.305901,0.227307,0.391551,-0.750119,0.693707,-0.316154,-1.025918,1.218991,0.002089
94041,2026,0,-0.938539,-0.583524,-0.60101,-0.738778,0.719377,-1.420836,0.46792,-0.793263,-0.146179,-0.029521,-0.226451,0.521986,-0.208376,0.286254,0.18613,0.362332,-0.750119,0.693707,-0.274931,-1.025918,1.218991,-0.02059
94041,2027,0,-0.938539,-0.583524,-0.60101,-0.738778,0.719377,-1.399587,0.46792,-0.793263,-0.146179,-0.029521,-0.219226,0.454578,-0.208376,0.27055,0.224865,0.339286,-0.750119,0.693707,-0.236798,-1.025918,1.218991,-0.042524
94041,2028,0,-0.938539,-0.583524,-0.60101,-0.738778,0.719377,-1.383164,0.46792,-0.793263,-0.146179,-0.029521,-0.215527,0.395465,-0.208376,0.257988,0.297697,0.321107,-0.750119,0.693707,-0.201532,-1.025918,1.218991,-0.062172
94041,2029,0,-0.938539,-0.583524,-0.60101,-0.738778,0.719377,-1.369715,0.46792,-0.793263,-0.146179,-0.029521,-0.213635,0.343617,-0.208376,0.24794,0.366372,0.306768,-0.750119,0.693707,-0.168911,-1.025918,1.218991,-0.079055
94043,2015,0,-0.816386,0.203194,-0.271543,0.179417,-0.291582,-0.906965,0.195381,-0.293646,-0.193177,-0.048339,-0.051186,-0.821596,-0.191511,0.026953,-0.878654,0.728731,-0.570843,0.502511,0.842373,-0.285441,0.147428,-0.943947
94043,2016,0,-0.707414,0.124725,-0.271543,0.088954,-0.406016,-0.906965,0.195381,-0.293646,-0.193177,-0.074825,-0.145851,-0.452198,-0.250695,0.010785,-0.956815,0.723906,-0.541067,0.399376,0.757403,-0.263259,0.147428,-1.147206
94043,2017,0,-0.761021,-0.228677,-0.455022,0.134186,-0.482306,0.189356,0.195381,-0.293646,-0.193177,-0.030183,-0.179743,-0.369248,-0.183688,0.187189,-0.049834,-0.052659,-0.586532,0.128395,0.631043,-0.269485,0.147428,0.009719
94043,2018,0,-0.750475,-0.097386,0.095415,0.043723,-0.520451,0.06463,0.195381,-0.293646,-0.193177,-0.081516,-0.216387,-0.281041,-0.141143,0.12845,0.180033,0.107759,-0.616288,0.066963,0.437532,-0.239131,0.147428,-0.162485
94043,2019,0,-0.667868,-0.307796,-0.088064,-0.137202,-0.367871,-0.058826,0.195381,-0.293646,-0.193177,-0.032763,-0.248215,0.184562,-0.181024,0.233336,0.180033,0.15494,-0.585016,-0.073408,0.320315,-0.217727,0.147428,-0.153113
94043,2020,1,-0.664353,0.223062,0.2328,0.326868,0.405138,-0.016132,0.195381,-0.293646,-0.193177,0.106661,-0.311955,0.165999,-0.220905,0.315051,0.151299,0.220994,-0.468201,0.142244,-0.003122,-0.180757,0.147428,0.288534
94043,2021,1,-0.657323,0.321253,0.279736,0.408653,0.500017,-0.103269,0.195381,-0.293646,-0.193177,0.079328,-0.234709,0.288765,-0.233492,0.377718,0.180033,0.400284,-0.452764,0.208981,0.005544,-0.111098,0.147428,0.340248
94043,2022,1,-0.599322,0.397984,0.332249,0.429959,0.48401,-0.130778,0.195381,-0.293646,-0.193177,-0.057432,-0.262365,0.289411,-0.267255,0.351278,0.294966,0.504084,-0.390172,-0.113851,-0.219081,-0.105261,0.147428,0.349966
94043,2023,0,-0.552745,0.388955,0.25945,0.425401,0.533422,-0.221145,0.195381,-0.293646,-0.193177,-0.053151,-0.307697,0.653082,-0.170978,0.346287,0.180033,0.475775,-0.347962,-0.006238,-0.248337,-0.093975,0.147428,0.305324
94043,2024,0,-0.552745,0.438765,0.336132,0.443117,0.506207,-0.226504,0.195381,-0.293646,-0.193177,-0.102644,-0.268085,0.686489,-0.242466,0.330464,0.3237,0.58901,-0.326056,-0.311469,-0.36072,-0.058173,0.147428,0.339901
94043,2025,0,-0.673441,-0.206664,-0.143109,-0.112581,-0.390758,-0.906966,0.195382,-0.293646,-0.193177,-0.029521,-0.240559,0.598841,-0.208376,0.305901,0.272728,0.597019,-0.358233,0.094531,-0.316154,-0.065708,0.147428,-0.506177
94043,2026,0,-0.673441,-0.20697,-0.143109,-0.092654,-0.390758,-0.906966,0.195382,-0.293646,-0.193177,-0.029521,-0.226451,0.521986,-0.208376,0.286254,0.23554,0.55952,-0.383283,0.094531,-0.274931,-0.072751,0.147428,-0.526636
94043,2027,0,-0.673441,-0.215742,-0.143109,-0.076526,-0.390758,-0.906966,0.195382,-0.293646,-0.193177,-0.029521,-0.219226,0.454578,-0.208376,0.27055,0.208408,0.50779,-0.402786,0.094531,-0.236798,-0.079337,0.147428,-0.548517
94043,2028,0,-0.673441,-0.226031,-0.143109,-0.063472,-0.390758,-0.906966,0.195382,-0.293646,-0.193177,-0.029521,-0.215527,0.395465,-0.208376,0.257988,0.188613,0.456932,-0.417969,0.094531,-0.201532,-0.085493,0.147428,-0.567593
94043,2029,0,-0.673441,-0.23498,-0.143109,-0.052907,-0.390758,-0.906966,0.195382,-0.293646,-0.193177,-0.029521,-0.213635,0.343617,-0.208376,0.24794,0.17417,0.413211,-0.42979,0.094531,-0.168911,-0.091249,0.147428,-0.582921
94085,2015,0,-1.479002,0.334934,0.462373,0.088954,-0.291582,-0.19371,0.326604,-0.86675,-0.17866,-0.048339,-0.051186,-0.821596,-0.191511,0.026953,-0.190865,-0.499294,-1.441038,-0.229191,0.842373,-1.045463,0.972647,0.058082
94085,2016,0,-1.311151,0.435534,0.278894,0.179417,-0.139002,-0.332413,0.326604,-0.86675,-0.17866,-0.074825,-0.145851,-0.452198,-0.250695,0.010785,-0.509383,-0.355975,-1.343959,-0.868668,0.757403,-1.044685,0.972647,-0.124146
94085,2017,0,-1.299726,0.334597,0.095415,0.224648,-0.139002,-0.237338,0.326604,-0.86675,-0.17866,-0.030183,-0.179743,-0.369248,-0.183688,0.187189,-0.365902,-0.477292,-1.274137,-0.774575,0.631043,-1.018223,0.972647,0.019105
94085,2018,0,-1.330484,0.624442,0.645853,0.315111,-0.215292,-0.147585,0.326604,-0.86675,-0.17866,-0.081516,-0.216387,-0.281041,-0.141143,0.12845,-0.279701,-0.562219,-1.316197,-0.610503,0.437532,-1.006159,0.972647,0.051528
94085,2019,0,-1.297969,0.672264,0.645853,0.26988,-0.253437,-0.383529,0.326604,-0.86675,-0.17866,-0.032763,-0.248215,0.184562,-0.181024,0.233336,0.093833,-0.288566,-1.234563,-0.295367,0.320315,-0.979307,0.972647,0.242424
94085,2020,1,-1.317302,0.895323,0.829332,0.315111,-0.253437,-0.471427,0.326604,-0.86675,-0.17866,0.106661,-0.311955,0.165999,-0.220905,0.315051,0.438633,-0.033786,-1.274254,-0.767534,-0.003122,-1.008494,0.972647,0.567185
94085,2021,1,-1.321696,1.044412,0.829332,0.405574,-0.367871,-0.641187,0.326604,-0.86675,-0.17866,0.079328,-0.234709,0.288765,-0.233492,0.377718,0.524833,0.192685,-1.225389,-0.037053,0.005544,-0.953623,0.972647,0.634052
94085,2022,1,-1.248756,0.924091,0.462373,0.315111,-0.367871,-0.673798,0.326604,-0.86675,-0.17866,-0.057432,-0.262365,0.289411,-0.267255,0.351278,0.4099,0.239867,-1.011362,-0.382591,-0.219081,-0.906535,0.972647,0.600885
94085,2023,0,-1.330484,0.561758,0.095415,0.043723,-0.253437,-1.077117,0.326604,-0.86675,-0.17866,-0.053151,-0.307697,0.653082,-0.170978,0.346287,0.7547,0.475775,-1.052368,-0.329694,-0.248337,-0.932219,0.972647,0.736319
94085,2024,0,-1.330484,0.521908,0.095415,0.043723,-0.253437,-1.152498,0.326604,-0.86675,-0.17866,-0.102644,-0.268085,0.686489,-0.242466,0.330464,0.955834,0.607883,-1.082729,-0.272357,-0.36072,-0.922101,0.972647,0.763624
94085,2025,0,-1.326706,0.543445,0.444161,0.071169,-0.265097,-0.902887,0.326604,-0.86675,-0.17866,-0.029521,-0.240559,0.598841,-0.208376,0.305901,0.847063,0.320672,-1.225718,-0.456752,-0.316154,-0.933711,0.972647,0.639848
94085,2026,0,-1.326706,0.498445,0.444161,0.090156,-0.259647,-0.624562,0.326604,-0.86675,-0.17866,-0.029521,-0.226451,0.521986,-0.208376,0.286254,0.514119,-0.07096,-1.225718,-0.456752,-0.274931,-0.943112,0.972647,0.55554
94085,2027,0,-1.326706,0.496212,0.444161,0.103292,-0.259647,-0.366094,0.326604,-0.86675,-0.17866,-0.029521,-0.219226,0.454578,-0.208376,0.27055,0.110702,-0.448602,-1.225718,-0.456752,-0.236798,-0.950722,0.972647,0.499588
94085,2028,0,-1.326706,0.524309,0.444161,0.11238,-0.259647,-0.194783,0.326604,-0.86675,-0.17866,-0.029521,-0.215527,0.395465,-0.208376,0.257988,-0.207147,-0.70377,-1.225718,-0.456752,-0.201532,-0.956884,0.972647,0.488009
94085,2029,0,-1.326706,0.567595,0.444161,0.118667,-0.259647,-0.151985,0.326604,-0.86675,-0.17866,-0.029521,-0.213635,0.343617,-0.208376,0.24794,-0.337662,-0.768781,-1.225718,-0.456752,-0.168911,-0.961872,0.972647,0.514822
94086,2015,0,-0.855053,0.297879,0.829332,-0.046739,0.356882,0.703627,0.296322,-0.854203,-0.168792,1.482882,1.179157,-2.244339,-0.289571,-1.409466,-1.392527,-0.414861,-0.860855,0.26307,1.052647,0.1617,1.44294,-0.42942
94086,2016,0,-0.749597,0.297879,0.095415,-0.137202,0.318737,0.703627,0.296322,-0.854203,-0.168792,1.482882,1.179157,-2.244339,-0.289571,-1.409466,-1.560137,-0.597344,-0.768026,0.344337,1.052647,0.268719,1.44294,-0.439603
94086,2017,0,-0.717081,-0.221148,0.095415,0.26988,0.356882,0.381509,0.296322,-0.854203,-0.168792,1.399735,0.77925,-1.752576,-0.254127,-1.39843,-0.538302,-0.02435,-0.710719,0.346471,0.947651,0.23564,1.44294,-0.47152
94086,2018,0,-0.70302,-0.438412,-0.638501,0.315111,0.395027,0.381509,0.296322,-0.854203,-0.168792,1.77542,0.195734,-2.125921,-0.070468,-1.4509,-0.250968,0.145504,-0.753629,0.490482,0.778898,0.243034,1.44294,0.17125
94086,2019,0,-0.772446,-0.233976,-0.638501,0.450805,0.395027,-0.262728,0.296322,-0.854203,-0.168792,1.770669,0.144896,-1.702579,-0.15023,-1.367778,-0.049834,0.249303,-0.815403,0.296668,0.776177,0.20801,1.44294,0.349104
94086,2020,1,-0.789143,-0.729826,-0.638501,0.224648,0.356882,-0.262728,0.296322,-0.854203,-0.168792,1.765911,0.094059,-1.279254,-0.229992,-1.284649,0.266233,0.324794,-0.817611,0.460915,0.773462,0.191666,1.44294,-0.290542
94086,2021,1,-0.80584,-0.762795,-0.455022,0.179417,0.280592,0.381509,0.296322,-0.854203,-0.168792,1.76116,0.043221,-0.855911,-0.309755,-1.201527,0.553567,0.428593,-0.758515,0.47419,0.770741,0.259768,1.44294,-0.110135
94086,2022,1,-0.81287,0.093938,0.588302,0.26988,0.318737,0.05939,0.296322,-0.854203,-0.168792,1.756402,-0.007617,-0.432587,-0.389517,-1.118405,0.6685,0.428593,-0.805199,0.104445,0.76802,0.298684,1.44294,0.527212
94086,2023,0,-0.832204,-0.325488,-0.088064,0.405574,0.280592,0.05939,0.296322,-0.854203,-0.168792,1.751651,-0.058498,-0.009244,-0.469268,-1.035276,0.7547,0.466338,-0.70788,-0.127572,0.7653,0.375347,1.44294,0.197053
94086,2024,0,-0.832204,-0.385979,-0.088064,0.405574,0.280592,0.05939,0.296322,-0.854203,-0.168792,1.617109,0.239432,0.2011,-0.34792,-1.10217,0.697233,0.324794,-0.551891,-0.983534,0.098394,0.567591,1.44294,0.117185
94086,2025,0,-0.786946,0.297874,-0.060392,0.233694,0.334046,0.220448,0.296322,-0.854203,-0.168792,1.625509,0.491858,0.020356,-0.263755,-1.132778,0.482723,0.199679,-0.755035,0.217189,-0.073551,0.251083,1.44294,-0.172734
94086,2026,0,-0.786946,0.297874,-0.040414,0.233694,0.334046,0.220448,0.296322,-0.854203,-0.168792,1.630106,0.645833,-0.135713,-0.280484,-1.157722,0.189104,0.115633,-0.755035,0.217189,0.075355,0.251083,1.44294,-0.218052
94086,2027,0,-0.786946,0.297874,-0.025992,0.233694,0.334046,0.220448,0.296322,-0.854203,-0.168792,1.632624,0.694349,-0.270458,-0.280484,-1.178049,-0.123623,0.078972,-0.755035,0.217189,0.347305,0.251083,1.44294,-0.238099
94086,2028,0,-0.786946,0.297874,-0.015579,0.233694,0.334046,0.220448,0.296322,-0.854203,-0.168792,1.634002,0.661876,-0.386816,-0.280484,-1.194614,-0.392197,0.082412,-0.755035,0.217189,0.596351,0.251083,1.44294,-0.246527
94086,2029,0,-0.786946,0.297874,-0.008062,0.233694,0.334046,0.220448,0.296322,-0.854203,-0.168792,1.634756,0.586394,-0.487299,-0.280484,-1.208118,-0.562884,0.111456,-0.755035,0.217189,0.751897,0.251083,1.44294,-0.257787
94087,2015,0,-0.200346,0.389136,0.462373,1.355431,0.700186,1.347864,0.326604,-0.761449,-0.192138,-0.321982,-0.703303,0.557419,-1.205076,0.620948,1.053067,0.404179,-0.122535,0.872599,0.28384,0.961417,0.755484,1.180285
94087,2016,0,-0.187164,0.357425,-0.088064,1.491124,0.814621,1.025746,0.326604,-0.761449,-0.192138,-0.241444,-0.779,0.479026,-1.278596,0.662464,1.005939,0.642169,-0.151407,0.854286,0.393595,0.875025,0.755484,1.274416
94087,2017,0,-0.139709,0.326234,-0.455022,1.491124,0.9672,1.347864,0.326604,-0.761449,-0.192138,-0.05794,-0.785194,0.683869,-1.345331,0.478085,0.294966,0.239867,-0.140217,0.695184,0.174059,0.90927,0.755484,1.538413
94087,2018,0,-0.137951,0.148321,-0.638501,1.355431,0.9672,1.025746,0.326604,-0.761449,-0.192138,-0.075665,-0.783473,0.661447,-1.320622,0.500957,0.3237,0.239867,-0.159757,0.627818,0.24051,0.92795,0.755484,1.513275
94087,2019,0,-0.08786,0.165162,-0.638501,1.355431,1.081635,0.381509,0.326604,-0.761449,-0.192138,-0.057979,-0.670486,0.974474,-1.403951,0.52198,0.352433,0.268176,-0.082434,0.6049,0.148591,0.993328,0.755484,1.363005
94087,2020,1,0.078234,0.33512,-0.455022,1.400662,1.005345,0.703627,0.326604,-0.761449,-0.192138,0.165286,-0.830483,1.132708,-1.358945,0.354749,0.381166,0.353103,-0.063672,0.553545,-0.109956,1.058317,0.755484,1.568483
94087,2021,1,0.039567,0.574301,-0.088064,1.67205,0.890911,0.703627,0.326604,-0.761449,-0.192138,0.093395,-0.68769,1.316927,-1.474682,0.490871,0.4961,0.419157,-0.091167,0.51995,-0.198855,1.194133,0.755484,1.443324
94087,2022,1,0.17666,0.842891,-0.088064,2.0339,0.890911,1.025746,0.326604,-0.761449,-0.192138,-0.070352,-0.593068,1.188712,-1.461069,0.537744,0.5823,0.522956,0.051275,0.347468,-0.307477,1.313993,0.755484,1.639657
94087,2023,0,0.128326,1.179277,0.462373,2.079131,0.890911,1.025746,0.326604,-0.761449,-0.192138,-0.131694,-0.591434,1.336189,-1.450097,0.619399,0.7547,0.636192,0.077106,0.40058,-0.252651,1.268073,0.755484,1.416684
94087,2024,0,0.128326,1.179277,0.462373,2.079131,0.890911,1.025746,0.326604,-0.761449,-0.192138,-0.07839,-0.556209,1.517527,-1.441416,0.616092,0.898367,0.673937,0.09917,0.515454,-0.339133,1.286363,0.755484,1.506668
94087,2025,0,0.103321,1.179272,0.198442,2.051459,0.886058,0.96132,0.326604,-0.761449,-0.192138,-0.089639,-0.698572,1.447133,-1.408997,0.540363,0.960085,0.775032,-0.058359,0.525879,-0.284004,1.078795,0.755484,1.631588
94087,2026,0,0.082325,1.179272,-0.145009,1.923765,0.902279,0.96132,0.326604,-0.761449,-0.192138,-0.096654,-0.698572,1.386588,-1.389953,0.540363,0.946305,0.87829,-0.058359,0.536088,-0.238164,1.078795,0.755484,1.636653
94087,2027,0,0.064694,1.179272,-0.390316,1.837235,0.902279,0.96132,0.326604,-0.761449,-0.192138,-0.101035,-0.698572,1.334513,-1.378767,0.540363,0.873891,0.980589,-0.058359,0.546087,-0.200047,1.078795,0.755484,1.633502
94087,2028,0,0.049889,1.179272,-0.447162,1.778598,0.902279,0.96132,0.326604,-0.761449,-0.192138,-0.103768,-0.698572,1.289702,-1.372197,0.540363,0.765479,1.078844,-0.058359,0.55588,-0.168353,1.078795,0.755484,1.625925
94087,2029,0,0.037456,1.179272,-0.333739,1.738863,0.902279,0.96132,0.326604,-0.761449,-0.192138,-0.10547,-0.698572,1.251178,-1.368337,0.540363,0.644854,1.170096,-0.058359,0.56547,-0.141997,1.078795,0.755484,1.616061
94089,2015,0,-0.114224,-0.124864,-0.638501,-0.499052,-0.634886,-0.584846,0.255946,-0.800881,-0.203803,-0.048339,-0.051186,-0.821596,-0.191511,0.026953,-0.347357,0.709113,-0.046182,0.557435,0.842373,-0.553569,0.231918,-0.797133
94089,2016,0,0.063294,-0.101164,-0.455022,-0.499052,-0.444161,-0.584846,0.255946,-0.800881,-0.203803,-0.074825,-0.145851,-0.452198,-0.250695,0.010785,-0.364845,0.72652,-0.015566,0.654301,0.757403,-0.523215,0.231918,-0.902152
94089,2017,0,-0.065889,-0.557126,-0.638501,-0.499052,-0.520451,0.102406,0.255946,-0.800881,-0.203803,-0.030183,-0.179743,-0.369248,-0.183688,0.187189,-0.049834,0.060577,-0.064992,0.600654,0.631043,-0.553569,0.231918,-0.753091
94089,2018,0,-0.199467,-0.527243,-0.638501,-0.499052,-0.596741,0.047821,0.255946,-0.800881,-0.203803,-0.081516,-0.216387,-0.281041,-0.141143,0.12845,0.151299,0.098322,0.000316,0.641487,0.437532,-0.52555,0.231918,-0.615982
94089,2019,0,-0.273287,-0.438589,-0.638501,-0.589515,-0.596741,-0.139341,0.255946,-0.800881,-0.203803,-0.032763,-0.248215,0.184562,-0.181024,0.233336,0.553567,0.268176,0.019158,0.664157,0.320315,-0.529831,0.231918,-0.087656
94089,2020,1,-0.250438,-0.515148,-0.638501,-0.815671,-0.596741,-0.178545,0.255946,-0.800881,-0.203803,0.106661,-0.311955,0.165999,-0.220905,0.315051,0.7547,0.447466,0.081276,0.445684,-0.003122,-0.474571,0.231918,0.124018
94089,2021,1,-0.323378,-0.464039,-0.638501,-0.906134,-0.673031,-0.250733,0.255946,-0.800881,-0.203803,0.079328,-0.234709,0.288765,-0.233492,0.377718,0.812167,0.551265,0.185784,0.464788,0.005544,-0.411527,0.231918,0.262577
94089,2022,1,-0.245165,-0.722368,-0.638501,-0.906134,-0.520451,-0.161207,0.255946,-0.800881,-0.203803,-0.057432,-0.262365,0.289411,-0.267255,0.351278,0.869634,0.570138,0.303179,0.274793,-0.219081,-0.304509,0.231918,-0.214263
94089,2023,0,-0.304923,-0.624193,-0.59158,-0.951365,-0.596741,-0.295542,0.255946,-0.800881,-0.203803,-0.053151,-0.307697,0.653082,-0.170978,0.346287,0.725967,0.532393,0.200151,0.025127,-0.248337,-0.350041,0.231918,-0.121687
94089,2024,0,-0.304923,-0.478069,-0.453374,-0.951365,-0.596741,-0.234191,0.255946,-0.800881,-0.203803,-0.102644,-0.268085,0.686489,-0.242466,0.330464,0.783434,0.598447,0.386975,-0.375183,-0.36072,-0.285051,0.231918,-0.083893
94089,2025,0,-0.224484,-0.494152,-0.620154,-0.871269,-0.577668,-0.584848,0.255946,-0.800881,-0.203803,-0.029521,-0.240559,0.598841,-0.208376,0.305901,0.769204,0.590114,0.382155,0.394117,-0.316154,-0.308499,0.231918,-0.146905
94089,2026,0,-0.20531,-0.432372,-0.620154,-0.755206,-0.577668,-0.584848,0.255946,-0.800881,-0.203803,-0.029521,-0.226451,0.521986,-0.208376,0.286254,0.70663,0.517452,0.350652,0.394117,-0.274931,-0.328234,0.231918,-0.178251
94089,2027,0,-0.20531,-0.375756,-0.620154,-0.647155,-0.577668,-0.584848,0.255946,-0.800881,-0.203803,-0.029521,-0.219226,0.454578,-0.208376,0.27055,0.622544,0.405694,0.32048,0.394117,-0.236798,-0.344845,0.231918,-0.199415
94089,2028,0,-0.20531,-0.34786,-0.620154,-0.577719,-0.577668,-0.584848,0.255946,-0.800881,-0.203803,-0.029521,-0.215527,0.395465,-0.208376,0.257988,0.540652,0.287251,0.295437,0.394117,-0.201532,-0.358825,0.231918,-0.22543
94089,2029,0,-0.20531,-0.354738,-0.620154,-0.55822,-0.577668,-0.584848,0.255946,-0.800881,-0.203803,-0.029521,-0.213635,0.343617,-0.208376,0.24794,0.477468,0.192754,0.275227,0.394117,-0.168911,-0.370592,0.231918,-0.25893
94301,2015,0,0.187205,-0.58352,-1.00546,-0.318127,1.615664,-0.262728,0.397262,-0.766826,-0.177524,-0.048339,-0.051186,-0.821596,-0.191511,0.026953,-1.001584,-0.425408,0.66954,0.965408,0.842373,-0.54423,1.496891,-1.080831
94301,2016,0,0.459634,-0.58352,-1.00546,-0.318127,1.27236,-0.262728,0.397262,-0.766826,-0.177524,-0.074825,-0.145851,-0.452198,-0.250695,0.010785,-0.373169,-0.185638,0.711087,0.96801,0.757403,-0.490915,1.496891,-0.471879
94301,2017,0,0.611666,0.278862,-0.451992,-0.091971,1.19607,-0.262728,0.397262,-0.766826,-0.177524,-0.030183,-0.179743,-0.369248,-0.183688,0.187189,-0.624502,-0.326312,0.821834,0.963419,0.631043,-0.466398,1.496891,-0.429074
94301,2018,0,0.730304,0.353154,-0.367138,-0.046739,1.234215,-0.262728,0.397262,-0.766826,-0.177524,-0.081516,-0.216387,-0.281041,-0.141143,0.12845,-0.365902,-0.250821,1.016714,0.786602,0.437532,-0.409582,1.496891,-0.395162
94301,2019,0,0.758426,0.504614,-0.375059,0.043723,1.234215,-0.262728,0.397262,-0.766826,-0.177524,-0.032763,-0.248215,0.184562,-0.181024,0.233336,-0.136035,-0.203639,1.2954,0.832235,0.320315,-0.395961,1.496891,-0.298505
94301,2020,1,0.654727,0.440081,-0.392633,-0.137202,1.19607,-0.262728,0.397262,-0.766826,-0.177524,0.106661,-0.311955,0.165999,-0.220905,0.315051,-0.049834,-0.137585,1.226655,0.852903,-0.003122,-0.362883,1.496891,0.005851
94301,2021,1,0.674061,0.582707,-0.362707,-0.182433,1.005345,-0.262728,0.397262,-0.766826,-0.177524,0.079328,-0.234709,0.288765,-0.233492,0.377718,-0.107301,-0.043222,1.258267,0.482996,0.005544,-0.321632,1.496891,0.150937
94301,2022,1,0.899034,0.886699,-0.232571,0.179417,1.081635,-0.262728,0.397262,-0.766826,-0.177524,-0.057432,-0.262365,0.289411,-0.267255,0.351278,0.065099,-0.02435,1.352529,0.138399,-0.219081,-0.269096,1.496891,0.26921
94301,2023,0,0.782153,0.739993,-0.32399,-0.001508,0.9672,-0.262728,0.397262,-0.766826,-0.177524,-0.053151,-0.307697,0.653082,-0.170978,0.346287,0.036366,-0.02435,1.163845,0.215214,-0.248337,-0.320075,1.496891,0.401614
94301,2024,0,0.782153,0.73362,-0.208172,-0.001508,0.9672,-0.262728,0.397262,-0.766826,-0.177524,-0.102644,-0.268085,0.686489,-0.242466,0.330464,0.438633,0.117195,1.329083,0.063365,-0.36072,-0.251195,1.496891,0.396283
94301,2025,0,0.743133,-0.583524,-1.005461,-0.087448,1.176971,-0.26273,0.397262,-0.766826,-0.177524,-0.029521,-0.240559,0.598841,-0.208376,0.305901,0.36578,0.160212,1.346398,0.108671,-0.316154,-0.25908,1.496891,-0.747428
94301,2026,0,0.711493,-0.583524,-1.005461,-0.087448,1.176971,-0.26273,0.397262,-0.766826,-0.177524,-0.029521,-0.226451,0.521986,-0.208376,0.286254,0.30209,0.119084,1.301678,0.151833,-0.274931,-0.265458,1.496891,-0.91974
94301,2027,0,0.685837,-0.583524,-1.005461,-0.087448,1.176971,-0.26273,0.397262,-0.766826,-0.177524,-0.029521,-0.219226,0.454578,-0.208376,0.27055,0.246411,0.022475,1.241278,0.192951,-0.236798,-0.271576,1.496891,-0.915366
94301,2028,0,0.665033,-0.583524,-1.005461,-0.087448,1.176971,-0.26273,0.397262,-0.766826,-0.177524,-0.029521,-0.215527,0.395465,-0.208376,0.257988,0.197734,-0.096098,1.186674,0.232123,-0.201532,-0.277428,1.496891,-0.900198
94301,2029,0,0.648165,-0.583524,-1.005461,-0.087448,1.176971,-0.26273,0.397262,-0.766826,-0.177524,-0.029521,-0.213635,0.343617,-0.208376,0.24794,0.155179,-0.206466,1.145223,0.269441,-0.168911,-0.283025,1.496891,-0.883395
94303,2015,0,-0.249559,-0.58352,0.462373,-0.272896,-0.82561,0.381509,0.387168,-0.560706,-0.203803,-0.938047,7.427945,-1.094266,0.563306,-0.399309,0.241672,0.127296,-0.776268,-0.303806,1.139698,0.149637,0.267885,0.347749
94303,2016,0,-0.193316,-0.58352,0.278894,-0.227665,-0.940045,0.05939,0.387168,-0.560706,-0.203803,-0.938047,7.427945,-1.094266,0.563306,-0.399309,0.043303,0.363957,-0.708298,-0.077052,1.139698,0.20334,0.267885,-0.119321
94303,2017,0,-0.113345,-0.150163,0.095415,-0.137202,-0.940045,-0.262728,0.387168,-0.560706,-0.203803,-0.938047,7.427945,-1.094266,0.563306,-0.399309,-0.308435,-0.656582,-0.691356,0.092245,1.139698,0.266384,0.267885,0.463602
94303,2018,0,-0.209134,-0.363472,0.095415,-0.091971,-0.9019,0.845664,0.387168,-0.560706,-0.203803,-0.72008,6.871095,-1.487642,0.770422,-0.546549,-0.136035,-0.581092,-0.697601,-0.159252,0.959553,0.249261,0.267885,0.417061
94303,2019,0,-0.164315,-0.214736,-0.088064,-0.137202,-0.940045,-0.262728,0.387168,-0.560706,-0.203803,-0.673682,6.884729,-1.402474,0.904062,-0.291617,0.065099,-0.373493,-0.664501,0.036263,0.859348,0.292846,0.267885,0.715568
94303,2020,1,-0.000858,-0.50686,-0.638501,-0.227665,-0.97819,-0.262728,0.387168,-0.560706,-0.203803,-0.808309,5.951671,-0.140305,0.281328,-0.359162,0.4099,0.051141,-0.331518,0.435009,0.313865,0.504937,0.267885,0.799198
94303,2021,1,-0.176618,-0.537582,-0.455022,-0.272896,-0.97819,0.381509,0.387168,-0.560706,-0.203803,-1.054958,6.155968,-0.488451,0.889433,-0.331226,0.266233,0.041705,-0.39457,0.027763,0.132668,0.481976,0.267885,0.70383
94303,2022,1,0.079991,-0.496669,-0.088064,-0.363358,-1.016335,-0.262728,0.387168,-0.560706,-0.203803,-1.063573,6.26031,-0.055399,0.790492,-0.182332,0.467366,0.107759,-0.192661,-0.160499,-0.260824,0.615068,0.267885,0.228838
94303,2023,0,0.039567,-0.499768,-0.455022,-0.272896,-0.787465,-0.262728,0.387168,-0.560706,-0.203803,-1.292435,7.07393,0.298579,0.789657,-0.031711,0.381166,0.390848,-0.15911,-0.278558,-0.151275,0.650092,0.267885,0.433133
94303,2024,0,0.039567,-0.467594,-0.455022,-0.272896,-0.787465,-0.262728,0.387168,-0.560706,-0.203803,-1.048498,4.398538,0.764078,0.500488,-0.051245,0.381166,0.381412,0.051061,-0.388976,-0.40934,0.75711,0.267885,0.397121
94303,2025,0,-0.094825,-0.583524,-0.181565,-0.21465,-0.909965,-0.101671,0.387168,-0.560706,-0.203803,-0.819566,4.887862,-0.582298,0.661525,-0.298628,0.331626,0.233262,-0.046025,-0.077656,-0.449164,0.712955,0.267885,-0.245836
94303,2026,0,-0.094825,-0.583524,-0.122927,-0.163315,-0.909965,-0.101671,0.387168,-0.560706,-0.203803,-0.929108,5.253576,-0.582298,0.661525,-0.298628,0.289717,0.045705,-0.122789,-0.077656,-0.359804,0.67504,0.267885,-0.223423
94303,2027,0,-0.094825,-0.583524,-0.102904,-0.140995,-0.909965,-0.101671,0.387168,-0.560706,-0.203803,-0.929108,5.526904,-0.582298,0.661525,-0.298628,0.254264,-0.118532,-0.183486,-0.077656,-0.209629,0.642484,0.267885,-0.202897
94303,2028,0,-0.094825,-0.583524,-0.096066,-0.156145,-0.909965,-0.101671,0.387168,-0.560706,-0.203803,-0.929108,5.731159,-0.582298,0.661525,-0.298628,0.224272,-0.23127,-0.231478,-0.077656,-0.045797,0.614528,0.267885,-0.186546
94303,2029,0,-0.094825,-0.583524,-0.093731,-0.200485,-0.909965,-0.101671,0.387168,-0.560706,-0.203803,-0.929108,5.883844,-0.582298,0.661525,-0.298628,0.1989,-0.28958,-0.269425,-0.077656,0.103071,0.590524,0.267885,-0.17538
94304,2015,0,0.609908,0.198354,-1.00546,-0.951365,-0.9019,-1.477475,0.175193,1.669873,0.376705,-0.048339,-0.051186,-0.821596,-0.191511,0.026953,-0.702273,-0.395385,1.220777,1.020492,0.842373,-1.349006,-0.581086,-1.190303
94304,2016,0,0.661758,0.346288,-1.00546,-0.860903,-0.863755,-1.752702,0.175193,1.669873,0.376705,-0.074825,-0.145851,-0.452198,-0.250695,0.010785,-0.867998,-0.080082,0.914601,1.020492,0.757403,-1.348227,-0.581086,-1.052383
94304,2017,0,0.545756,0.17864,-1.022432,-0.815671,-0.82561,-1.553837,0.175193,1.669873,0.376705,-0.030183,-0.179743,-0.369248,-0.183688,0.187189,-0.394635,-0.298003,0.932159,1.020492,0.631043,-1.350173,-0.581086,-0.824823
94304,2018,0,0.433269,0.359702,-0.9656,-0.77044,-0.82561,-1.730836,0.175193,1.669873,0.376705,-0.081516,-0.216387,-0.281041,-0.141143,0.12845,-0.337168,-0.165894,0.929811,1.020492,0.437532,-1.355621,-0.581086,-0.639963
94304,2019,0,0.502695,0.484876,-1.001559,-0.725209,-0.82561,-1.949381,0.175193,1.669873,0.376705,-0.032763,-0.248215,0.184562,-0.181024,0.233336,0.065099,0.098322,1.113018,1.020492,0.320315,-1.356789,-0.581086,-0.47842
94304,2020,1,0.87267,0.246327,-1.259961,-0.725209,-0.863755,-2.010254,0.175193,1.669873,0.376705,0.106661,-0.311955,0.165999,-0.220905,0.315051,0.151299,0.324794,1.059524,1.020492,-0.003122,-1.31943,-0.581086,-0.730865
94304,2021,1,0.699546,0.243819,-1.189288,-0.725209,-0.863755,-2.077427,0.175193,1.669873,0.376705,0.079328,-0.234709,0.288765,-0.233492,0.377718,0.4099,0.362539,0.979107,1.020492,0.005544,-1.335774,-0.581086,-0.555217
94304,2022,1,0.831366,0.22998,-1.27066,-0.725209,-0.863755,-1.892913,0.175193,1.669873,0.376705,-0.057432,-0.262365,0.289411,-0.267255,0.351278,0.151299,0.136068,1.07897,1.020492,-0.219081,-1.313203,-0.581086,-0.59091
94304,2023,0,0.81379,0.148761,-1.203611,-0.725209,-0.9019,-2.085649,0.175193,1.669873,0.376705,-0.053151,-0.307697,0.653082,-0.170978,0.346287,0.812167,0.343666,1.098551,0.852016,-0.248337,-1.306977,-0.581086,-0.519023
94304,2024,0,0.81379,-0.068438,-1.256155,-0.725209,-0.9019,-1.982708,0.175193,1.669873,0.376705,-0.102644,-0.268085,0.686489,-0.242466,0.330464,0.812167,0.211558,0.668465,0.847048,-0.36072,-1.315927,-0.581086,-0.318714
94304,2025,0,0.678455,0.139434,-1.005461,-0.738588,-0.876733,-1.802234,0.175194,1.669873,0.376705,-0.029521,-0.240559,0.598841,-0.208376,0.305901,0.648928,0.00276,0.999585,1.020487,-0.316154,-1.335107,-0.581086,-0.475615
94304,2026,0,0.678455,0.076883,-1.005461,-0.764125,-0.866861,-1.653019,0.175194,1.669873,0.376705,-0.029521,-0.226451,0.521986,-0.208376,0.286254,0.524468,-0.162731,0.999585,1.020487,-0.274931,-1.335107,-0.581086,-0.524283
94304,2027,0,0.678455,0.053391,-1.005461,-0.800313,-0.866861,-1.620981,0.175194,1.669873,0.376705,-0.029521,-0.219226,0.454578,-0.208376,0.27055,0.429574,-0.215344,0.999585,1.020487,-0.236798,-1.335107,-0.581086,-0.565692
94304,2028,0,0.678455,0.070036,-1.005461,-0.845422,-0.866861,-1.703468,0.175194,1.669873,0.376705,-0.029521,-0.215527,0.395465,-0.208376,0.257988,0.357222,-0.157278,0.999585,1.020487,-0.201532,-1.335107,-0.581086,-0.598088
94304,2029,0,0.678455,0.103118,-1.005461,-0.897568,-0.866861,-1.839765,0.175194,1.669873,0.376705,-0.029521,-0.213635,0.343617,-0.208376,0.24794,0.302058,-0.043826,0.999585,1.020487,-0.168911,-1.335107,-0.581086,-0.623466
94305,2015,0,-1.159997,-0.969636,-1.00546,-0.77044,-1.498144,-0.565625,0.36698,-0.148465,-0.083889,-0.048339,-0.051186,-0.821596,-0.191511,0.026953,0.493923,-0.563679,-1.88124,0.628046,0.842373,-1.435009,-0.039536,0.519807
94305,2016,0,-1.29709,-0.998913,-1.00546,-0.679977,-1.092625,-0.662501,0.36698,-0.148465,-0.083889,-0.074825,-0.145851,-0.452198,-0.250695,0.010785,0.493148,-0.607571,-1.92887,0.664474,0.757403,-1.43462,-0.039536,0.599861
94305,2017,0,-1.265453,-2.124384,-0.860777,-0.679977,-1.522706,1.459792,0.36698,-0.148465,-0.083889,-0.030183,-0.179743,-0.369248,-0.183688,0.187189,1.070767,-3.072277,-1.952697,0.595062,0.631043,-1.433842,-0.039536,0.546765
94305,2018,0,-1.109026,-2.049081,-0.843829,-0.589515,-1.427674,1.501813,0.36698,-0.148465,-0.083889,-0.081516,-0.216387,-0.281041,-0.141143,0.12845,1.070767,-3.072277,-1.849346,0.589826,0.437532,-1.390256,-0.039536,0.564288
94305,2019,0,-1.162633,-2.222404,-1.069721,-0.679977,-1.394098,1.261191,0.36698,-0.148465,-0.083889,-0.032763,-0.248215,0.184562,-0.181024,0.233336,1.070767,-2.987351,-1.925276,1.020492,0.320315,-1.39337,-0.039536,0.569639
94305,2020,1,-1.151209,-2.261783,-1.067015,-0.725209,-1.258824,1.329034,0.36698,-0.148465,-0.083889,0.106661,-0.311955,0.165999,-0.220905,0.315051,0.984567,-2.959042,-1.829592,1.020492,-0.003122,-1.336164,-0.039536,0.50698
94305,2021,1,-1.212725,-2.289246,-1.054039,-0.77044,-1.280369,1.287656,0.36698,-0.148465,-0.083889,0.079328,-0.234709,0.288765,-0.233492,0.377718,1.042034,-2.892988,-1.894695,1.020492,0.005544,-1.346282,-0.039536,0.546964
94305,2022,1,-1.222392,-2.453165,-1.123107,-0.815671,-1.306692,1.418054,0.36698,-0.148465,-0.083889,-0.057432,-0.262365,0.289411,-0.267255,0.351278,1.013301,-3.138332,-1.884769,0.950323,-0.219081,-1.338109,-0.039536,0.483995
94305,2023,0,-1.250513,-2.402699,-1.181849,-0.815671,-1.322862,1.132195,0.36698,-0.148465,-0.083889,-0.053151,-0.307697,0.653082,-0.170978,0.346287,1.042034,-2.977914,-1.898505,0.900387,-0.248337,-1.345503,-0.039536,0.481061
94305,2024,0,-1.250513,-2.236336,-1.193379,-0.815671,-1.290852,0.785239,0.36698,-0.148465,-0.083889,-0.102644,-0.268085,0.686489,-0.242466,0.330464,1.042034,-2.543844,-1.90777,0.877584,-0.36072,-1.343168,-0.039536,0.493622
94305,2025,0,-1.208156,-2.261056,-1.005461,-0.734255,-1.092625,1.184026,0.36698,-0.148466,-0.083889,-0.029521,-0.240559,0.598841,-0.208376,0.305901,1.047784,-2.978746,-1.895277,0.900598,-0.316154,-1.35148,-0.039536,0.609299
94305,2026,0,-1.208156,-2.260955,-1.005461,-0.734255,-1.092625,1.190554,0.36698,-0.148466,-0.083889,-0.029521,-0.226451,0.521986,-0.208376,0.286254,1.047784,-2.978746,-1.895277,0.919906,-0.274931,-1.358092,-0.039536,0.603955
94305,2027,0,-1.208156,-2.261217,-1.005461,-0.734255,-1.092625,1.196954,0.36698,-0.148466,-0.083889,-0.029521,-0.219226,0.454578,-0.208376,0.27055,1.047784,-2.978746,-1.895277,0.936104,-0.236798,-1.363354,-0.039536,0.599396
94305,2028,0,-1.208156,-2.26171,-1.005461,-0.734255,-1.092625,1.203126,0.36698,-0.148466,-0.083889,-0.029521,-0.215527,0.395465,-0.208376,0.257988,1.047784,-2.978746,-1.895277,0.949694,-0.201532,-1.36754,-0.039536,0.595541
94305,2029,0,-1.208156,-2.262355,-1.005461,-0.734255,-1.092625,1.208998,0.36698,-0.148466,-0.083889,-0.029521,-0.213635,0.343617,-0.208376,0.24794,1.047784,-2.978746,-1.895277,0.961096,-0.168911,-1.37087,-0.039536,0.59227
94306,2015,0,0.064173,-0.235554,-0.638501,-0.272896,0.356882,-0.262728,0.31651,-0.659285,-0.189312,-0.048339,-0.051186,-0.821596,-0.191511,0.026953,-0.707061,0.202721,-0.026287,0.715669,0.842373,-0.172974,1.072406,-0.48391
94306,2016,0,0.166993,-0.182263,-0.638501,-0.272896,0.585751,-0.262728,0.31651,-0.659285,-0.189312,-0.074825,-0.145851,-0.452198,-0.250695,0.010785,-0.611973,0.267824,0.169225,0.631295,0.757403,-0.080744,1.072406,-0.296816
94306,2017,0,0.233782,-0.080067,-0.455022,-0.363358,0.509461,0.05939,0.31651,-0.659285,-0.189312,-0.030183,-0.179743,-0.369248,-0.183688,0.187189,-0.423368,0.051141,0.306709,0.771508,0.631043,0.019269,1.072406,0.239712
94306,2018,0,0.333965,-0.209533,-0.455022,-0.318127,0.662041,0.05939,0.31651,-0.659285,-0.189312,-0.081516,-0.216387,-0.281041,-0.141143,0.12845,0.036366,0.183249,0.337126,0.755146,0.437532,0.042229,1.072406,0.278197
94306,2019,0,0.421845,-0.256234,-0.455022,-0.272896,0.623896,0.381509,0.31651,-0.659285,-0.189312,-0.032763,-0.248215,0.184562,-0.181024,0.233336,0.352433,0.305921,0.470173,0.781551,0.320315,0.08815,1.072406,0.310287
94306,2020,1,0.486876,-0.125731,-0.455022,-0.318127,0.738331,0.05939,0.31651,-0.659285,-0.189312,0.106661,-0.311955,0.165999,-0.220905,0.315051,0.3237,0.353103,0.472809,0.73647,-0.003122,0.095155,1.072406,0.582898
94306,2021,1,0.473694,-0.12309,-0.455022,-0.453821,0.585751,-0.262728,0.31651,-0.659285,-0.189312,0.079328,-0.234709,0.288765,-0.233492,0.377718,0.553567,0.541829,0.438038,0.608979,0.005544,0.075697,1.072406,0.684873
94306,2022,1,0.435906,-0.154712,-0.455022,-0.453821,0.700186,0.05939,0.31651,-0.659285,-0.189312,-0.057432,-0.262365,0.289411,-0.267255,0.351278,0.697233,0.541829,0.553679,0.43331,-0.219081,0.061687,1.072406,0.768383
94306,2023,0,0.434148,-0.172713,-0.455022,-0.499052,0.662041,0.05939,0.31651,-0.659285,-0.189312,-0.053151,-0.307697,0.653082,-0.170978,0.346287,0.725967,0.645628,0.515427,0.15696,-0.248337,0.026663,1.072406,0.712763
94306,2024,0,0.434148,-0.170986,-0.455022,-0.499052,0.662041,0.05939,0.31651,-0.659285,-0.189312,-0.102644,-0.268085,0.686489,-0.242466,0.330464,0.725967,0.636192,0.605205,-0.006838,-0.36072,0.103716,1.072406,0.709839
94306,2025,0,0.360404,-0.404263,-0.481351,-0.400761,0.608638,-0.005035,0.31651,-0.659285,-0.189312,-0.029521,-0.240559,0.598841,-0.208376,0.305901,0.638808,0.584639,0.574033,0.553169,-0.316154,0.087808,1.072406,-0.039958
94306,2026,0,0.275535,-0.376168,-0.492515,-0.372744,0.608638,-0.005035,0.31651,-0.659285,-0.189312,-0.029521,-0.226451,0.521986,-0.208376,0.286254,0.519122,0.522862,0.546373,0.553169,-0.274931,0.074192,1.072406,-0.053611
94306,2027,0,0.195144,-0.358738,-0.492515,-0.372744,0.608638,-0.005035,0.31651,-0.659285,-0.189312,-0.029521,-0.219226,0.454578,-0.208376,0.27055,0.401972,0.46591,0.52183,0.553169,-0.236798,0.062536,1.072406,-0.066147
94306,2028,0,0.133948,-0.345427,-0.492515,-0.372744,0.608638,-0.005035,0.31651,-0.659285,-0.189312,-0.029521,-0.215527,0.395465,-0.208376,0.257988,0.305921,0.419454,0.500052,0.553169,-0.201532,0.052558,1.072406,-0.077672
94306,2029,0,0.103079,-0.338454,-0.492515,-0.372744,0.608638,-0.005035,0.31651,-0.659285,-0.189312,-0.029521,-0.213635,0.343617,-0.208376,0.24794,0.237467,0.384342,0.480728,0.553169,-0.168911,0.044017,1.072406,-0.088307
94550,2015,0,-0.082587,0.297879,1.563248,0.179417,1.081635,0.381509,-5.538027,-0.64405,-0.203803,-1.967949,-0.531091,0.645398,-0.844182,1.757179,0.135457,1.416626,0.20802,0.586751,1.413588,0.975038,-1.464667,-0.301137
94550,2016,0,0.085264,0.297879,1.563248,0.088954,1.11978,1.669982,-5.538027,-0.64405,-0.203803,-1.888236,-0.618315,0.620775,-0.898975,1.698418,-0.553352,0.502438,0.15917,0.662513,1.296967,1.064544,-1.464667,-0.393607
94550,2017,0,0.149417,0.117864,1.379769,-0.091971,1.04349,1.992101,-5.538027,-0.64405,-0.203803,-1.871828,-0.520511,0.708056,-0.993152,1.739612,-0.538302,-0.090404,0.262172,0.682464,1.069421,1.164557,-1.464667,-0.200584
94550,2018,0,0.246964,0.035226,1.379769,-0.046739,1.081635,2.314219,-5.538027,-0.64405,-0.203803,-1.879889,-0.272214,0.883928,-1.058138,1.660471,-0.279701,0.060577,0.359631,0.679898,0.956187,1.259511,-1.464667,-0.174954
94550,2019,0,0.343632,-0.149357,1.012811,0.134186,1.11978,2.636338,-5.538027,-0.64405,-0.203803,-1.934664,-0.259096,0.67416,-1.187873,1.701261,-0.164768,0.136068,0.46298,0.772909,0.901643,1.357579,-1.464667,-0.199667
94550,2020,1,0.280358,-0.279368,0.829332,0.088954,0.929055,2.958456,-5.538027,-0.64405,-0.203803,-1.853911,-0.07368,0.731928,-1.137697,1.623399,0.093833,0.305921,0.321441,0.705256,0.821507,1.261457,-1.464667,-0.010433
94550,2021,1,0.281237,-0.392367,0.645853,0.043723,0.9672,2.314219,-5.538027,-0.64405,-0.203803,-1.773058,0.074145,0.875144,-0.972957,1.584427,0.3237,0.447466,0.361016,0.647617,0.824916,1.133814,-1.464667,-0.312476
94550,2022,1,0.378784,-0.174084,0.645853,0.496036,1.11978,1.992101,-5.538027,-0.64405,-0.203803,-1.90931,-0.267483,1.086553,-0.973725,1.677117,0.6685,0.522956,0.403323,0.570211,0.921962,1.113578,-1.464667,-0.348169
94550,2023,0,0.288267,-0.250751,0.462373,0.360342,1.11978,1.992101,-5.538027,-0.64405,-0.203803,-1.836141,-0.490834,1.266843,-0.837364,1.720092,0.783434,0.636192,0.372796,0.463687,0.852074,1.087115,-1.464667,-0.040397
94550,2024,0,0.288267,-0.255677,0.462373,0.360342,1.11978,1.992101,-5.538027,-0.64405,-0.203803,-1.721825,-0.406663,1.309208,-0.989449,1.677282,0.6685,0.626756,0.503025,0.346551,0.616409,1.231881,-1.464667,-0.124878
94550,2025,0,0.270275,0.297874,0.679998,0.161317,1.070191,1.923098,-5.538027,-0.64405,-0.203803,-1.863643,-0.392986,0.880225,-1.091212,1.683971,0.645089,0.559347,0.4343,0.611836,0.495496,1.313358,-1.464667,0.036493
94550,2026,0,0.254743,0.297874,0.966027,0.161317,1.070191,1.872431,-5.538027,-0.64405,-0.203803,-1.863643,-0.384427,0.880225,-1.097082,1.683971,0.570304,0.456254,0.347685,0.611836,0.507831,1.289808,-1.464667,-0.014993
94550,2027,0,0.241336,0.297874,1.249809,0.161317,1.070191,1.835228,-5.538027,-0.64405,-0.203803,-1.863643,-0.379094,0.880225,-1.041443,1.683971,0.451138,0.340526,0.347685,0.611836,0.632625,1.198733,-1.464667,-0.064046
94550,2028,0,0.229764,0.297874,1.463928,0.161317,1.070191,1.807912,-5.538027,-0.64405,-0.203803,-1.863643,-0.375782,0.880225,-0.984607,1.683971,0.298231,0.232329,0.347685,0.611836,0.820651,1.115308,-1.464667,-0.114256
94550,2029,0,0.219773,0.297874,1.560122,0.161317,1.070191,1.787854,-5.538027,-0.64405,-0.203803,-1.863643,-0.373675,0.880225,-0.963678,1.683971,0.124922,0.146484,0.347685,0.611836,1.011625,1.094057,-1.464667,-0.167031
95002,2015,0,-0.855932,-0.570508,-0.555502,-1.240266,-1.016335,-0.040687,0.175193,-0.746214,3.094605,-0.048339,-0.051186,-0.821596,-0.191511,0.026953,-1.343726,-0.843075,-1.01203,-1.013091,0.842373,-1.557983,-1.302474,-0.247564
95002,2016,0,-0.652929,-0.78297,-0.846542,-1.460594,-1.016335,-0.179146,0.175193,-0.746214,3.094605,-0.074825,-0.145851,-0.452198,-0.250695,0.010785,-1.358439,-0.776976,-0.664137,-0.453787,0.757403,-1.543584,-1.302474,-0.526795
95002,2017,0,-0.169588,-1.068854,-1.340206,-1.769512,-1.886732,-0.353898,0.175193,-0.746214,3.094605,-0.030183,-0.179743,-0.369248,-0.183688,0.187189,0.208766,-0.345184,-0.536776,1.020492,0.631043,-1.535023,-1.302474,0.475723
95002,2018,0,-0.113345,-0.897996,-1.42066,-1.618655,-1.959021,-0.74746,0.175193,-0.746214,3.094605,-0.081516,-0.216387,-0.281041,-0.141143,0.12845,0.237499,0.060577,-0.826179,1.020492,0.437532,-1.543584,-1.302474,0.652449
95002,2019,0,0.181054,-0.829946,-1.603055,-1.562099,-1.959994,-0.835875,0.175193,-0.746214,3.094605,-0.032763,-0.248215,0.184562,-0.181024,0.233336,0.122566,0.202122,-0.728277,1.020492,0.320315,-1.52685,-1.302474,0.624578
95002,2020,1,0.603757,-0.702642,-1.95051,-1.620938,-1.815898,-0.856819,0.175193,-0.746214,3.094605,0.106661,-0.311955,0.165999,-0.220905,0.315051,-0.969302,0.164377,-0.376761,1.020492,-0.003122,-1.524904,-1.302474,0.105833
95002,2021,1,0.514119,-0.67476,-1.81327,-1.519729,-1.849615,-0.938106,0.175193,-0.746214,3.094605,0.079328,-0.234709,0.288765,-0.233492,0.377718,-0.308435,0.390848,-0.516515,1.020492,0.005544,-1.521402,-1.302474,0.433449
95002,2022,1,0.162599,-0.746857,-1.484538,-1.534951,-1.903228,-0.556673,0.175193,-0.746214,3.094605,-0.057432,-0.262365,0.289411,-0.267255,0.351278,-0.164768,-0.005477,-0.59349,0.016652,-0.219081,-1.534244,-1.302474,0.406355
95002,2023,0,0.224115,-0.848343,-1.637361,-1.984727,-1.574839,-0.619677,0.175193,-0.746214,3.094605,-0.053151,-0.307697,0.653082,-0.170978,0.346287,-0.911836,-0.288566,0.278612,0.188811,-0.248337,-1.524515,-1.302474,-0.337714
95002,2024,0,0.224115,-0.73856,-1.508374,-1.850158,-1.438239,-0.608873,0.175193,-0.746214,3.094605,-0.102644,-0.268085,0.686489,-0.242466,0.330464,-0.567035,-0.156458,0.290292,0.278788,-0.36072,-1.530742,-1.302474,-0.149829
95002,2025,0,0.122532,-1.379904,-1.527061,-1.467185,-1.016335,-0.700878,0.175194,-0.746214,3.094605,-0.029521,-0.240559,0.598841,-0.208376,0.305901,-0.1933,-0.135764,-0.492835,0.207789,-0.316154,-1.534283,-1.302474,-0.788373
95002,2026,0,-0.004198,-1.375681,-1.49548,-1.514278,-1.016335,-0.739564,0.175194,-0.746214,3.094605,-0.029521,-0.226451,0.521986,-0.208376,0.286254,-0.1933,-0.122951,-0.492835,0.351364,-0.274931,-1.534283,-1.302474,-0.757811
95002,2027,0,-0.101926,-1.346659,-1.440574,-1.538277,-1.016335,-0.753102,0.175194,-0.746214,3.094605,-0.029521,-0.219226,0.454578,-0.208376,0.27055,-0.1933,-0.115018,-0.492835,0.351364,-0.236798,-1.534283,-1.302474,-0.730639
95002,2028,0,-0.148525,-1.320507,-1.404346,-1.545526,-1.016335,-0.753699,0.175194,-0.746214,3.094605,-0.029521,-0.215527,0.395465,-0.208376,0.257988,-0.1933,-0.110107,-0.492835,0.351364,-0.201532,-1.534283,-1.302474,-0.706245
95002,2029,0,-0.148574,-1.296371,-1.384956,-1.537406,-1.016335,-0.743158,0.175194,-0.746214,3.094605,-0.029521,-0.213635,0.343617,-0.208376,0.24794,-0.1933,-0.107066,-0.492835,0.351364,-0.168911,-1.534283,-1.302474,-0.684204
95008,2015,0,-0.566806,0.157106,1.379769,0.722193,1.577519,1.992101,0.387168,-0.686618,-0.18107,-0.850526,-0.641627,-1.748053,-0.555792,0.330681,-0.244385,-0.903078,-0.375154,0.641985,2.105267,0.484311,0.77211,0.48426
95008,2016,0,-0.49035,-0.241311,0.645853,1.084043,1.424939,2.636338,0.387168,-0.686618,-0.18107,-0.852544,-0.311654,-1.645858,-0.578323,0.412725,-0.402824,-1.351817,-0.231393,0.503672,1.636376,0.570704,0.77211,0.186298
95008,2017,0,-0.441138,0.520945,1.746727,0.948349,1.501229,3.280574,0.387168,-0.686618,-0.18107,-0.811443,-0.198968,-1.642663,-0.675345,0.417483,-0.394635,-0.137585,-0.101153,0.528195,1.287488,0.666437,0.77211,0.205999
95008,2018,0,-0.357651,0.354835,1.012811,1.129274,1.577519,2.314219,0.387168,-0.686618,-0.18107,-0.857186,-0.193119,-1.443862,-0.902372,0.43021,-0.308435,-0.033786,0.013699,0.49057,1.132051,0.777346,0.77211,0.181552
95008,2019,0,-0.40247,-0.136425,0.645853,0.903118,1.539374,2.958456,0.387168,-0.686618,-0.18107,-0.794858,-0.237376,-1.001118,-0.802799,0.570925,-0.107301,0.013396,0.016326,0.518547,1.042409,0.753608,0.77211,0.197864
95008,2020,1,-0.208255,0.216141,1.012811,0.99358,1.310504,2.636338,0.387168,-0.686618,-0.18107,-0.502259,-0.470275,-0.211503,-1.03108,0.437025,-0.021101,0.098322,0.151799,0.51627,0.571887,0.925615,0.77211,0.241786
95008,2021,1,-0.236377,0.147463,0.829332,1.084043,1.19607,2.636338,0.387168,-0.686618,-0.18107,-0.628317,-0.189678,0.328179,-0.949602,0.451315,0.208766,0.211558,0.158945,0.292526,0.492206,1.128755,0.77211,0.516683
95008,2022,1,-0.112466,0.024164,0.278894,1.310199,1.463084,2.314219,0.387168,-0.686618,-0.18107,-0.489955,-0.182151,0.297095,-0.864117,0.443265,0.237499,0.173813,0.136327,0.252784,0.425674,1.166503,0.77211,0.75836
95008,2023,0,0.071203,-0.120888,0.278894,1.264968,1.501229,1.992101,0.387168,-0.686618,-0.18107,-0.625853,-0.312815,0.780144,-0.799831,0.500104,0.352433,0.249303,0.336747,0.056873,0.142939,1.289866,0.77211,0.32927
95008,2024,0,0.071203,-0.114285,0.278894,1.264968,1.501229,1.992101,0.387168,-0.686618,-0.18107,-0.750801,-0.199441,0.737988,-0.744552,0.442195,0.294966,0.25874,0.360614,-0.135269,0.174357,1.318663,0.77211,0.283567
95008,2025,0,0.018295,-0.074732,0.811115,1.070461,1.459269,2.47538,0.387168,-0.686619,-0.18107,-0.744973,-0.293891,0.21411,-0.747566,0.443632,0.149801,0.197442,0.297494,-0.037061,0.3147,1.30078,0.77211,0.100595
95008,2026,0,-0.026199,-0.021357,0.811115,1.070461,1.459269,2.47538,0.387168,-0.686619,-0.18107,-0.741462,-0.293891,0.112038,-0.749508,0.443632,-0.038483,0.110151,0.189136,0.041955,0.511863,1.258509,0.77211,0.195165
95008,2027,0,-0.063619,0.021373,0.811115,1.070461,1.459269,2.47538,0.387168,-0.686619,-0.18107,-0.739352,-0.293891,0.021439,-0.750761,0.443632,-0.226065,0.033761,0.074541,0.105527,0.723909,1.206043,0.77211,0.248977
95008,2028,0,-0.095088,0.064471,0.811115,1.070461,1.459269,2.47538,0.387168,-0.686619,-0.18107,-0.738082,-0.293891,-0.058979,-0.751562,0.443632,-0.370611,-0.011518,-0.018097,0.156675,0.92078,1.152006,0.77211,0.29254
95008,2029,0,-0.121553,0.100681,0.811115,1.070461,1.459269,2.47538,0.387168,-0.686619,-0.18107,-0.737312,-0.293891,-0.130334,-0.752093,0.443632,-0.440786,-0.022552,-0.074463,0.197827,1.083973,1.101282,0.77211,0.32495
95013,2015,0,-2.420197,-1.484832,-0.198031,-0.448065,-1.155781,-0.993717,0.165099,2.492114,-0.203803,-0.048339,-0.051186,-0.821596,-0.191511,0.026953,0.962707,-2.268414,-2.627838,1.020492,0.842373,-1.61947,-1.300098,0.511215
95013,2016,0,-2.420197,-1.510293,-0.258412,-0.457731,-1.132812,-1.088997,0.165099,2.492114,-0.203803,-0.074825,-0.145851,-0.452198,-0.250695,0.010785,0.977722,-2.231931,-2.627838,1.020492,0.757403,-1.61947,-1.300098,0.510689
95013,2017,0,-2.420197,-3.258913,-0.586178,-1.781567,-1.304881,0.738517,0.165099,2.492114,-0.203803,-0.030183,-0.179743,-0.369248,-0.183688,0.187189,1.099501,-4.75194,-1.124523,1.020492,0.631043,-1.615967,-1.300098,-0.58702
95013,2018,0,-2.420197,-2.320215,-0.344421,-1.707204,-0.768956,-0.551171,0.165099,2.492114,-0.203803,-0.081516,-0.216387,-0.281041,-0.141143,0.12845,1.099501,-3.194949,-0.571355,1.020492,0.437532,-1.6148,-1.300098,-0.713909
95013,2019,0,-2.420197,-2.639582,-0.482191,-1.944474,-0.752697,-0.354188,0.165099,2.492114,-0.203803,-0.032763,-0.248215,0.184562,-0.181024,0.233336,1.099501,-3.572402,-0.299173,1.020492,0.320315,-1.613632,-1.300098,-0.917957
95013,2020,1,-2.420197,-5.927369,-0.912528,-4.864227,-0.605877,3.240365,0.165099,2.492114,-0.203803,0.106661,-0.311955,0.165999,-0.220905,0.315051,1.099501,-8.583082,3.581934,1.020492,-0.003122,-1.613243,-1.300098,-3.566354
95013,2021,1,-2.420197,-2.965695,-0.445562,-3.001321,-0.144623,-0.264079,0.165099,2.492114,-0.203803,0.079328,-0.234709,0.288765,-0.233492,0.377718,1.099501,-3.864927,1.770751,1.020492,0.005544,-1.615967,-1.300098,-2.079046
95013,2022,1,6.367813,-0.446412,-4.115008,-0.752948,-3.758604,-1.705677,0.165099,2.492114,-0.203803,-0.057432,-0.262365,0.289411,-0.267255,0.351278,1.099501,0.853227,1.35579,1.020492,-0.219081,-1.613243,-1.300098,-0.26898
95013,2023,0,6.367813,-0.48399,-4.165347,-0.833333,-3.744995,-1.834289,0.165099,2.492114,-0.203803,-0.053151,-0.307697,0.653082,-0.170978,0.346287,1.099501,0.853227,1.456566,1.020492,-0.248337,-1.614411,-1.300098,-0.335507
95013,2024,0,6.367813,-1.546584,-4.077241,-1.401903,-3.532586,0.05807,0.165099,2.492114,-0.203803,-0.102644,-0.268085,0.686489,-0.242466,0.330464,1.099501,-1.392614,2.465265,1.020492,-0.36072,-1.611297,-1.300098,-0.94563
95013,2025,0,-2.420197,-2.645736,-0.393733,-2.965583,0.118938,-0.807164,0.1651,2.492114,-0.203803,-0.029521,-0.240559,0.598841,-0.208376,0.305901,1.099502,-3.315795,1.984456,1.020493,-0.316154,-1.611932,-1.300098,-2.130048
95013,2026,0,-2.420197,-2.613624,-0.405952,-2.751232,-0.01349,-0.759752,0.1651,2.492114,-0.203803,-0.029521,-0.226451,0.521986,-0.208376,0.286254,1.099502,-3.315795,1.549038,1.020493,-0.274931,-1.612517,-1.300098,-1.89115
95013,2027,0,-2.420197,-2.584977,-0.417677,-2.557264,-0.133529,-0.717054,0.1651,2.492114,-0.203803,-0.029521,-0.219226,0.454578,-0.208376,0.27055,1.099502,-3.315795,1.154724,1.020493,-0.236798,-1.613057,-1.300098,-1.67491
95013,2028,0,-2.420197,-2.559436,-0.428877,-2.38179,-0.24244,-0.6786,0.1651,2.492114,-0.203803,-0.029521,-0.215527,0.395465,-0.208376,0.257988,1.099502,-3.315795,0.797636,1.020493,-0.201532,-1.613555,-1.300098,-1.479198
95013,2029,0,-2.420197,-2.53666,-0.43952,-2.223073,-0.341308,-0.643968,0.1651,2.492114,-0.203803,-0.029521,-0.213635,0.343617,-0.208376,0.24794,1.099502,-3.315795,0.474258,1.020493,-0.168911,-1.614014,-1.300098,-1.302072
95014,2015,0,-0.222316,-0.666746,0.645853,0.722193,1.577519,0.381509,0.215569,1.596387,-0.179417,0.398744,-0.829752,1.190546,-1.459387,0.144708,0.404839,-0.02069,-0.291603,0.898324,-0.178797,1.18168,-0.89699,0.302909
95014,2016,0,-0.163436,-0.153853,0.645853,1.310199,2.035258,0.05939,0.215569,1.596387,-0.179417,0.44428,-0.869966,1.267384,-1.574075,0.227874,0.343326,0.408373,-0.283731,0.926504,-0.189208,1.181291,-0.89699,0.392854
95014,2017,0,-0.144103,-0.006171,0.645853,1.264968,1.958968,-0.262728,0.215569,1.596387,-0.179417,0.300121,-0.837494,1.541801,-1.602487,0.419847,-0.021101,0.211558,-0.20813,0.952695,-0.228029,1.29259,-0.89699,0.505543
95014,2018,0,-0.074678,-0.251586,0.278894,1.264968,2.149692,0.302157,0.215569,1.596387,-0.179417,0.472014,-0.765108,1.707055,-1.6437,0.500657,0.065099,0.287049,-0.175323,1.018217,-0.386962,1.273132,-0.89699,0.703152
95014,2019,0,0.010566,-0.408797,0.278894,0.99358,2.187837,-0.262728,0.215569,1.596387,-0.179417,0.298411,-0.880977,1.836754,-1.631283,0.59652,0.093833,0.25874,-0.072552,1.000485,-0.39727,1.340845,-0.89699,0.557348
95014,2020,1,-0.030737,-0.294714,0.462373,0.767424,1.806388,-0.262728,0.215569,1.596387,-0.179417,0.322095,-0.837795,1.604843,-1.612692,0.403216,0.093833,0.287049,-0.156744,0.976676,-0.265106,1.234216,-0.89699,0.660945
95014,2021,1,-0.118618,-0.346782,0.278894,0.903118,1.806388,-0.262728,0.215569,1.596387,-0.179417,0.509534,-0.914181,1.568484,-1.57754,0.409987,0.4099,0.428593,-0.148048,0.832096,-0.524167,1.314772,-0.89699,0.865453
95014,2022,1,-0.190679,0.097424,1.012811,0.857886,2.073403,-0.262728,0.215569,1.596387,-0.179417,0.580015,-0.799688,1.470009,-1.493861,0.319166,0.553567,0.51352,-0.162253,0.728887,-0.554507,1.291811,-0.89699,1.248427
95014,2023,0,-0.140588,-0.096157,0.829332,0.948349,2.073403,0.320669,0.215569,1.596387,-0.179417,0.542534,-0.884418,1.927527,-1.507746,0.378047,0.5823,0.485211,0.022803,0.525693,-0.797651,1.532699,-0.89699,1.251059
95014,2024,0,-0.140588,-0.068967,0.829332,0.948349,2.073403,0.326398,0.215569,1.596387,-0.179417,0.570545,-0.821795,2.068071,-1.484323,0.364692,0.7547,0.551265,0.128174,0.324994,-0.99805,1.597689,-0.89699,1.386747
95014,2025,0,-0.130343,-0.327716,0.590808,0.998104,1.974225,-0.212566,0.21557,1.596387,-0.179417,0.443795,-0.84429,1.92138,-1.558757,0.357689,0.67908,0.524706,0.039373,0.256231,-0.793624,1.290668,-0.89699,0.344026
95014,2026,0,-0.118433,-0.2976,0.590808,0.998104,1.974225,-0.138178,0.21557,1.596387,-0.179417,0.443795,-0.84429,1.697258,-1.558757,0.35329,0.479129,0.50176,-0.017689,0.303595,-0.670917,1.290668,-0.89699,0.345701
95014,2027,0,-0.111958,-0.290729,0.590808,0.998104,1.974225,-0.065987,0.21557,1.596387,-0.179417,0.443795,-0.84429,1.544053,-1.558757,0.350537,0.367285,0.481935,-0.054355,0.432462,-0.597258,1.290668,-0.89699,0.351099
95014,2028,0,-0.112998,-0.291974,0.590808,0.998104,1.974225,-0.015471,0.21557,1.596387,-0.179417,0.443795,-0.84429,1.504185,-1.558757,0.348809,0.304725,0.464807,-0.077917,0.600178,-0.553044,1.290668,-0.89699,0.359407
95014,2029,0,-0.118867,-0.294756,0.590808,0.998104,1.974225,0.004574,0.21557,1.596387,-0.179417,0.443795,-0.84429,1.543477,-1.558757,0.347731,0.269731,0.450008,-0.093057,0.766011,-0.526503,1.290668,-0.89699,0.366107
95020,2015,0,-0.486835,0.297879,1.746727,1.355431,0.547606,-0.262728,0.23071,1.646125,-0.182821,-2.012838,0.025243,-0.915199,2.447832,0.63042,0.806284,-0.507726,-0.652298,0.2344,0.556104,0.716249,-1.333012,0.974221
95020,2016,0,-0.281196,0.297879,1.930207,1.807743,0.700186,-0.584846,0.23071,1.646125,-0.182821,-1.915739,-0.054627,-0.345934,2.431126,0.575018,1.225633,-0.09962,-0.629156,-0.059501,0.287715,0.805755,-1.333012,0.968585
95020,2017,0,-0.155527,1.300735,1.19629,1.898206,0.662041,-0.034589,0.23071,1.646125,-0.182821,-1.934626,-0.051229,0.28749,1.861773,0.884237,-0.768169,-0.515038,-0.507578,0.002254,0.077935,0.985156,-1.333012,1.150401
95020,2018,0,-0.026343,1.297626,1.19629,2.169594,0.700186,-0.014926,0.23071,1.646125,-0.182821,-1.851347,-0.227054,0.755137,1.35446,0.881491,-0.049834,-0.09984,-0.398784,0.052556,0.021434,1.079721,-1.333012,1.131178
95020,2019,0,0.035173,0.770553,0.645853,1.943437,0.738331,-0.262728,0.23071,1.646125,-0.182821,-1.748935,-0.483049,1.247127,1.36007,0.764956,0.3237,0.060577,-0.364735,-0.159779,-0.168114,1.134981,-1.333012,1.135911
95020,2020,1,0.253994,0.660789,0.645853,1.762512,0.776476,-0.262728,0.23071,1.646125,-0.182821,-1.726429,-0.660293,1.445509,1.230505,0.776418,0.294966,0.202122,-0.175106,-0.052847,-0.376903,1.237719,-1.333012,0.955291
95020,2021,1,0.170508,0.626912,1.012811,1.536356,0.852766,0.05939,0.23071,1.646125,-0.182821,-1.828911,-0.706787,1.279084,1.043313,0.935531,0.4961,0.33423,-0.258858,0.108546,-0.320034,1.353687,-1.333012,1.28868
95020,2022,1,0.298813,0.412957,1.19629,1.67205,1.19607,0.381509,0.23071,1.646125,-0.182821,-1.799729,-0.621369,1.285074,0.89467,1.00633,0.5823,0.43803,-0.15719,0.079732,-0.521122,1.549433,-1.333012,0.776506
95020,2023,0,0.38142,0.532973,1.19629,1.67205,1.081635,0.381509,0.23071,1.646125,-0.182821,-1.816561,-0.688034,1.073508,0.925453,0.998669,0.6685,0.419157,-0.145802,-0.306625,-0.564317,1.539315,-1.333012,1.047243
95020,2024,0,0.38142,0.579383,1.19629,1.67205,1.081635,0.381509,0.23071,1.646125,-0.182821,-1.882045,-0.556854,0.869608,1.115648,1.012944,0.639767,0.447466,-0.099112,-0.62195,-0.693772,1.614033,-1.333012,1.142265
95020,2025,0,0.345165,0.297874,1.22234,1.748942,1.028712,0.237946,0.230711,1.646124,-0.182821,-1.882061,-0.390147,0.597182,1.204892,0.914029,0.652078,0.400684,-0.132733,-0.070526,-0.645531,1.639038,-1.333012,1.106545
95020,2026,0,0.312282,0.297874,1.237994,1.748942,0.986774,0.049249,0.230711,1.646124,-0.182821,-1.882068,-0.238709,0.298544,1.278322,0.853188,0.664059,0.319496,-0.161957,-0.070526,-0.601209,1.62748,-1.333012,1.106492
95020,2027,0,0.282458,0.297874,1.247402,1.748942,0.953543,-0.104972,0.230711,1.646124,-0.182821,-1.882076,-0.140819,0.01489,1.338668,0.853188,0.675719,0.231191,-0.187359,-0.070526,-0.56049,1.590949,-1.333012,1.107383
95020,2028,0,0.255408,0.297874,1.253055,1.748942,0.927209,-0.184386,0.230711,1.646124,-0.182821,-1.882084,-0.113851,-0.21889,1.388246,0.853188,0.687067,0.151767,-0.20944,-0.070526,-0.523078,1.539188,-1.333012,1.108991
95020,2029,0,0.230875,0.297874,1.256453,1.748942,0.906342,-0.188002,0.230711,1.646124,-0.182821,-1.882084,-0.153249,-0.378049,1.428996,0.853188,0.698112,0.088709,-0.228633,-0.070526,-0.488706,1.480026,-1.333012,1.111092
95023,2015,0,-0.400713,-0.58352,0.462373,-0.046739,-0.215292,-0.584846,-1.061325,0.204179,-0.203803,-2.197782,-0.526919,-1.679458,3.97169,0.08971,-0.537958,-0.387151,-0.605799,0.04834,1.049541,0.384298,-1.46297,-0.271492
95023,2016,0,-0.170467,-0.58352,0.645853,-0.001508,-0.139002,-0.262728,-1.061325,0.204179,-0.203803,-2.175453,-0.644207,-1.941964,3.72834,-0.063545,-0.636428,-0.435465,-0.581712,-0.201901,1.052647,0.426327,-1.46297,-0.360519
95023,2017,0,-0.091375,0.037567,0.829332,-0.046739,0.013578,-0.170985,-1.061325,0.204179,-0.203803,-2.165474,-0.608509,-1.774824,3.448021,0.049907,-0.710702,-0.241385,-0.52297,-0.50236,0.870735,0.48509,-1.46297,0.015835
95023,2018,0,-0.033374,0.180895,1.012811,-0.001508,-0.062712,-0.280321,-1.061325,0.204179,-0.203803,-2.221273,-0.578746,-0.968427,3.339722,-0.03103,-0.480835,-0.118713,-0.451687,-0.237711,0.668791,0.57732,-1.46297,0.145354
95023,2019,0,0.054506,-0.073485,0.462373,0.088954,-0.215292,-0.278723,-1.061325,0.204179,-0.203803,-2.241969,-0.401545,-0.498632,3.108021,0.131899,-0.250968,0.032268,-0.411212,-0.246879,0.528095,0.649703,-1.46297,0.197797
95023,2020,1,0.01496,0.026725,0.645853,0.26988,-0.215292,0.05939,-1.061325,0.204179,-0.203803,-2.29184,-0.509285,-0.318447,3.254474,0.275361,0.007632,0.183249,-0.392468,0.050056,0.313025,0.672663,-1.46297,0.210346
95023,2021,1,0.11778,0.023958,0.462373,0.26988,-0.291582,-0.262728,-1.061325,0.204179,-0.203803,-2.279543,-0.439523,0.134129,3.230904,0.365081,0.036366,0.192685,-0.372012,-0.108314,0.057318,0.858291,-1.46297,0.522506
95023,2022,1,0.152932,-0.124133,0.278894,0.360342,-0.291582,-0.002954,-1.061325,0.204179,-0.203803,-2.273222,-0.257247,-0.071186,2.86239,0.593094,0.151299,0.277612,-0.307129,-0.09756,-0.100254,1.011619,-1.46297,0.550781
95023,2023,0,0.246085,-0.252087,0.278894,0.496036,-0.024567,0.088143,-1.061325,0.204179,-0.203803,-2.271559,-0.24744,0.149583,2.671553,0.585335,0.266233,0.409721,-0.250864,-0.554758,-0.247909,1.15872,-1.46297,0.336157
95023,2024,0,0.246085,-0.267007,0.278894,0.496036,-0.024567,0.035043,-1.061325,0.204179,-0.203803,-2.219779,-0.236301,0.358565,2.620914,0.621973,0.266233,0.504084,-0.22352,-0.498042,-0.427507,1.210478,-1.46297,0.252872
95023,2025,0,0.213262,-0.583524,0.535762,0.462394,-0.12085,-0.214408,-1.061325,0.204179,-0.203803,-2.220172,-0.445415,0.162489,2.711185,0.560556,0.079596,0.520603,-0.2186,-0.235591,-0.554583,1.181556,-1.462971,-0.095153
95023,2026,0,0.18422,-0.583524,0.535762,0.432733,-0.19718,-0.214408,-1.061325,0.204179,-0.203803,-2.220503,-0.445415,-0.266913,2.788758,0.510997,-0.171801,0.472453,-0.232821,-0.235591,-0.630567,1.154647,-1.462971,-0.046246
95023,2027,0,0.158526,-0.583524,0.535762,0.406584,-0.21381,-0.214408,-1.061325,0.204179,-0.203803,-2.220773,-0.445415,-0.708732,2.855426,0.471,-0.428388,0.379408,-0.261609,-0.235591,-0.659167,1.12961,-1.462971,-0.063767
95023,2028,0,0.135791,-0.583524,0.535762,0.383529,-0.192206,-0.214408,-1.061325,0.204179,-0.203803,-2.220996,-0.445415,-0.989749,2.912724,0.438724,-0.630813,0.263705,-0.299754,-0.235591,-0.645818,1.106315,-1.462971,-0.076529
95023,2029,0,0.115677,-0.583524,0.535762,0.363203,-0.1675,-0.214408,-1.061325,0.204179,-0.203803,-2.221173,-0.445415,-1.039851,2.961963,0.41268,-0.733635,0.146376,-0.342023,-0.235591,-0.597209,1.084642,-1.462971,-0.084266
95030,2015,0,0.306722,1.179277,0.095415,-0.77044,0.776476,-0.584846,0.26604,0.884824,-0.202675,-0.048339,-0.051186,-0.821596,-0.191511,0.026953,-0.981833,0.152273,0.885711,0.879135,0.842373,-0.734916,-1.02593,-0.134954
95030,2016,0,0.545756,1.179277,0.278894,-0.634746,0.471317,-0.584846,0.26604,0.884824,-0.202675,-0.074825,-0.145851,-0.452198,-0.250695,0.010785,-0.667797,0.288273,1.010618,0.889851,0.757403,-0.712735,-1.02593,-0.268195
95030,2017,0,0.817306,0.272781,0.095415,-0.634746,0.242447,-0.517487,0.26604,0.884824,-0.202675,-0.030183,-0.179743,-0.369248,-0.183688,0.187189,0.3237,0.192685,1.160836,0.830318,0.631043,-0.719739,-1.02593,-0.304008
95030,2018,0,0.722395,0.309565,0.095415,-0.544284,0.166157,-0.62923,0.26604,0.884824,-0.202675,-0.081516,-0.216387,-0.281041,-0.141143,0.12845,0.294966,0.230431,0.920362,0.823942,0.437532,-0.748926,-1.02593,-0.238444
95030,2019,0,1.052824,0.387558,0.278894,-0.634746,0.204302,-0.61686,0.26604,0.884824,-0.202675,-0.032763,-0.248215,0.184562,-0.181024,0.233336,0.438633,0.324794,1.224883,0.903391,0.320315,-0.66409,-1.02593,-0.32226
95030,2020,1,1.110825,0.18239,0.278894,-0.544284,0.166157,-0.500303,0.26604,0.884824,-0.202675,0.106661,-0.311955,0.165999,-0.220905,0.315051,0.524833,0.362539,1.494205,0.905583,-0.003122,-0.588594,-1.02593,-1.126933
95030,2021,1,0.768093,0.505491,0.645853,-0.499052,0.166157,-0.629903,0.26604,0.884824,-0.202675,0.079328,-0.234709,0.288765,-0.233492,0.377718,0.725967,0.494647,1.503155,0.884376,0.005544,-0.60416,-1.02593,-0.878875
95030,2022,1,0.836639,1.179277,-0.271543,-0.544284,0.280592,-1.138394,0.26604,0.884824,-0.202675,-0.057432,-0.262365,0.289411,-0.267255,0.351278,0.725967,0.617319,1.669445,1.020492,-0.219081,-0.574973,-1.02593,-0.479377
95030,2023,0,0.957035,0.587004,-0.088064,-0.453821,0.280592,-0.859199,0.26604,0.884824,-0.202675,-0.053151,-0.307697,0.653082,-0.170978,0.346287,0.812167,0.702246,1.98137,1.020492,-0.248337,-0.527107,-1.02593,-0.329346
95030,2024,0,0.957035,0.521142,-0.088064,-0.453821,0.280592,-0.895569,0.26604,0.884824,-0.202675,-0.102644,-0.268085,0.686489,-0.242466,0.330464,0.869634,0.711682,1.812225,1.001834,-0.36072,-0.561353,-1.02593,-0.294809
95030,2025,0,0.807462,1.179272,0.349693,-0.57153,0.307006,-0.584848,0.26604,0.884824,-0.202675,-0.029521,-0.240559,0.598841,-0.208376,0.305901,0.769512,0.822376,1.709375,0.915893,-0.316154,-0.574529,-1.02593,-0.508756
95030,2026,0,0.807462,1.179272,0.052116,-0.57153,0.350482,-0.584848,0.26604,0.884824,-0.202675,-0.029521,-0.226451,0.521986,-0.208376,0.286254,0.624242,0.933903,1.628773,0.915893,-0.274931,-0.585658,-1.02593,-0.625194
95030,2027,0,0.807462,1.179272,0.254402,-0.57153,0.399075,-0.584848,0.26604,0.884824,-0.202675,-0.029521,-0.219226,0.454578,-0.208376,0.27055,0.471905,1.042617,1.565605,0.915893,-0.236798,-0.595059,-1.02593,-0.673569
95030,2028,0,0.807462,1.179272,0.116893,-0.57153,0.441253,-0.584848,0.26604,0.884824,-0.202675,-0.029521,-0.215527,0.395465,-0.208376,0.257988,0.349427,1.144973,1.5161,0.915893,-0.201532,-0.603,-1.02593,-0.625181
95030,2029,0,0.807462,1.179272,0.210369,-0.57153,0.468425,-0.584848,0.26604,0.884824,-0.202675,-0.029521,-0.213635,0.343617,-0.208376,0.24794,0.283845,1.237636,1.477304,0.915893,-0.168911,-0.609707,-1.02593,-0.521757
95032,2015,0,0.375269,-0.042016,0.095415,-0.318127,-0.863755,0.381509,-0.067063,1.272868,-0.159841,-1.024159,-0.424039,-1.466739,-0.996899,1.040043,-0.472207,-0.041597,0.461353,0.943156,3.084581,-0.087749,-0.916331,-0.814667
95032,2016,0,0.322541,-0.132887,-0.088064,-0.318127,-0.673031,0.381509,-0.067063,1.272868,-0.159841,-1.024159,-0.424039,-1.466739,-0.996899,1.040043,-0.530376,-0.088053,0.459303,0.942201,3.084581,-0.106428,-0.916331,-0.720044
95032,2017,0,0.298813,0.103382,-0.088064,-0.272896,-0.634886,-0.262728,-0.067063,1.272868,-0.159841,-1.024159,-0.424039,-1.466739,-0.996899,1.040043,0.208766,0.362539,0.404438,0.858561,3.084581,-0.115768,-0.916331,-0.000623
95032,2018,0,0.209175,0.193032,-0.088064,-0.272896,-0.596741,-0.262728,-0.067063,1.272868,-0.159841,-1.024159,-0.424039,-1.466739,-0.996899,1.040043,-0.049834,0.353103,0.387792,0.675102,3.084581,-0.13328,-0.916331,-0.009529
95032,2019,0,0.407784,0.295298,-0.088064,-0.272896,-0.558596,0.162668,-0.067063,1.272868,-0.159841,-1.024159,-0.424039,-1.466739,-0.996899,1.040043,-0.452102,0.211558,0.633234,0.645725,3.084581,-0.056616,-0.916331,-0.061215
95032,2020,1,0.571241,0.430419,-0.088064,-0.227665,-0.74932,0.312808,-0.067063,1.272868,-0.159841,-1.024159,-0.424039,-1.466739,-0.996899,1.040043,-0.940569,0.117195,0.761788,0.629932,3.084581,0.014988,-0.916331,-0.323404
95032,2021,1,0.686364,0.310115,-0.088064,-0.227665,-0.634886,0.289599,-0.067063,1.272868,-0.159841,-1.024159,-0.424039,-1.466739,-0.996899,1.040043,-0.739435,0.15494,0.853251,0.600601,3.084581,0.151582,-0.916331,-0.333653
95032,2022,1,0.616939,0.360167,-0.088064,-0.227665,-0.558596,0.138789,-0.067063,1.272868,-0.159841,-1.046911,-0.541198,-0.905297,-0.912351,1.001602,-0.653235,0.117195,0.765741,0.537756,3.150961,0.125509,-0.916331,-0.043813
95032,2023,0,0.591454,1.179277,-0.088064,-0.363358,-0.520451,-0.263722,-0.067063,1.272868,-0.159841,-0.623936,-0.480468,-0.955155,-0.975294,0.83268,-0.279701,0.249303,0.763344,0.677067,2.895244,0.124341,-0.916331,0.083393
95032,2024,0,0.591454,1.179277,-0.088064,-0.363358,-0.520451,-0.383511,-0.067063,1.272868,-0.159841,-0.697251,-0.964717,-0.342284,-1.031159,1.137485,-0.164768,0.353103,0.843944,0.702267,2.869077,0.138351,-0.916331,0.015556
95032,2025,0,0.529255,1.179272,-0.069717,-0.352213,-0.631066,-0.169995,-0.067063,1.272868,-0.159841,-0.953978,-0.495694,-1.24672,-0.989765,1.025461,-0.124085,0.343444,0.802544,0.725008,3.051082,0.115342,-0.916331,-0.892288
95032,2026,0,0.459803,1.179272,-0.069717,-0.343396,-0.631066,-0.130866,-0.067063,1.272868,-0.159841,-0.953978,-0.495694,-1.24672,-0.989765,1.025461,-0.138824,0.335695,0.703227,0.740944,3.051082,0.096651,-0.916331,-0.85274
95032,2027,0,0.422059,1.179272,-0.069717,-0.336419,-0.631066,-0.130866,-0.067063,1.272868,-0.159841,-0.953978,-0.495694,-1.24672,-0.989765,1.025461,-0.179221,0.329479,0.611297,0.750018,3.051082,0.08147,-0.916331,-0.821832
95032,2028,0,0.42436,1.179272,-0.069717,-0.330899,-0.631066,-0.130866,-0.067063,1.272868,-0.159841,-0.953978,-0.495694,-1.24672,-0.989765,1.025461,-0.219804,0.324491,0.564225,0.753954,3.051082,0.069138,-0.916331,-0.805495
95032,2029,0,0.451085,1.179272,-0.069717,-0.326532,-0.631066,-0.130866,-0.067063,1.272868,-0.159841,-0.953978,-0.495694,-1.24672,-0.989765,1.025461,-0.246356,0.32049,0.565725,0.754772,3.051082,0.059121,-0.916331,-0.803182
95033,2015,0,0.032536,-1.109775,-0.851043,-1.26113,-1.092625,-0.863201,-0.132675,2.425797,-0.203803,-0.048339,-0.051186,-0.821596,-0.191511,0.026953,-0.151497,-1.206506,0.54687,0.966011,0.842373,-1.015498,-1.464667,-1.344043
95033,2016,0,0.268055,-1.056063,-0.982614,-1.189766,-1.092625,-1.014545,-0.132675,2.425797,-0.203803,-0.074825,-0.145851,-0.452198,-0.250695,0.010785,-0.157943,-1.044469,0.539885,0.853279,0.757403,-1.029119,-1.464667,-1.352644
95033,2017,0,0.480725,-0.13637,-0.664157,-0.843559,-0.644047,-1.744015,-0.132675,2.425797,-0.203803,-0.030183,-0.179743,-0.369248,-0.183688,0.187189,0.266233,0.098322,0.838995,0.855307,0.631043,-0.982031,-1.464667,-0.817532
95033,2018,0,0.414815,-0.333854,-0.905115,-1.078283,-1.016335,-1.818266,-0.132675,2.425797,-0.203803,-0.081516,-0.216387,-0.281041,-0.141143,0.12845,0.007632,0.032268,0.793134,0.804103,0.437532,-1.011218,-1.464667,-1.034086
95033,2019,0,0.406027,-0.164796,-0.736987,-0.840317,-0.47001,-1.8811,-0.132675,2.425797,-0.203803,-0.032763,-0.248215,0.184562,-0.181024,0.233336,0.151299,0.070013,0.86569,0.915781,0.320315,-0.990982,-1.464667,-0.875005
95033,2020,1,0.360329,-0.062196,-0.733756,-0.785072,-0.295412,-2.026631,-0.132675,2.425797,-0.203803,0.106661,-0.311955,0.165999,-0.220905,0.315051,0.036366,0.277612,0.880825,0.910682,-0.003122,-0.960238,-1.464667,-0.903941
95033,2021,1,0.298813,-0.101689,-0.656528,-0.824841,-0.219942,-1.975568,-0.132675,2.425797,-0.203803,0.079328,-0.234709,0.288765,-0.233492,0.377718,0.208766,0.25874,1.013259,0.907565,0.005544,-0.920155,-1.464667,-0.905784
95033,2022,1,0.225872,-0.14929,-0.656955,-0.823805,-0.150564,-1.949634,-0.132675,2.425797,-0.203803,-0.057432,-0.262365,0.289411,-0.267255,0.351278,0.151299,0.15494,0.989514,0.896778,-0.219081,-0.927938,-1.464667,-0.934387
95033,2023,0,0.210054,-0.158264,-0.641905,-0.830527,-0.145802,-2.1143,-0.132675,2.425797,-0.203803,-0.053151,-0.307697,0.653082,-0.170978,0.346287,0.467366,0.277612,1.006205,0.954434,-0.248337,-0.922101,-1.464667,-0.82007
95033,2024,0,0.210054,-0.066649,-0.691894,-0.792028,-0.103328,-2.24495,-0.132675,2.425797,-0.203803,-0.102644,-0.268085,0.686489,-0.242466,0.330464,0.294966,0.381412,0.957012,0.939772,-0.36072,-0.967243,-1.464667,-0.856385
95033,2025,0,0.290728,0.250636,-0.849056,-1.029246,-1.023774,-1.983254,-0.132674,2.425797,-0.203803,-0.029521,-0.240559,0.598841,-0.208376,0.305901,0.21141,0.174741,0.914964,0.900372,-0.316154,-0.970698,-1.464667,0.188332
95033,2026,0,0.290728,0.225946,-0.845986,-1.021815,-1.033684,-1.973017,-0.132674,2.425797,-0.203803,-0.029521,-0.226451,0.521986,-0.208376,0.286254,0.21141,0.174741,0.883664,0.900372,-0.274931,-0.973123,-1.464667,0.1455
95033,2027,0,0.290728,0.208053,-0.841066,-1.015541,-1.041283,-1.962585,-0.132674,2.425797,-0.203803,-0.029521,-0.219226,0.454578,-0.208376,0.27055,0.21141,0.174741,0.860363,0.900372,-0.236798,-0.974825,-1.464667,0.111203
95033,2028,0,0.290728,0.198634,-0.833162,-1.008217,-1.043942,-1.952485,-0.132674,2.425797,-0.203803,-0.029521,-0.215527,0.395465,-0.208376,0.257988,0.21141,0.174741,0.843018,0.900372,-0.201532,-0.97602,-1.464667,0.088045
95033,2029,0,0.290728,0.195569,-0.822896,-0.999645,-1.041762,-1.942869,-0.132674,2.425797,-0.203803,-0.029521,-0.213635,0.343617,-0.208376,0.24794,0.21141,0.174741,0.830107,0.900372,-0.168911,-0.976858,-1.464667,0.072917
95035,2015,0,-0.234619,1.179277,1.563248,2.621907,3.751778,1.669982,0.084347,0.378037,-0.190614,1.738785,-0.267096,0.558833,-0.774455,-1.320823,-0.498514,-0.218625,-0.539815,0.057186,-1.658056,1.174675,-0.472504,1.104378
95035,2016,0,-0.192437,1.179277,1.930207,2.712369,3.866213,1.669982,0.084347,0.378037,-0.190614,1.597283,-0.237075,0.668467,-0.936688,-0.999267,0.229335,0.025463,-0.475186,0.098289,-1.770824,1.277802,-0.472504,1.595695
95035,2017,0,-0.15377,1.989748,3.031081,3.119451,4.018793,2.314219,0.084347,0.378037,-0.190614,1.455457,-0.174237,0.960643,-0.999936,-0.859718,0.065099,0.15494,-0.421097,0.266478,-1.869902,1.400386,-0.472504,1.716813
95035,2018,0,-0.111587,1.707718,2.847602,2.848063,4.362097,2.314219,0.084347,0.378037,-0.190614,1.232939,-0.29187,1.445107,-1.137324,-0.579738,0.180033,0.268176,-0.330888,0.4541,-1.912208,1.552546,-0.472504,2.052063
95035,2019,0,-0.094011,1.665319,2.847602,2.848063,4.095082,1.992101,0.084347,0.378037,-0.190614,1.063779,-0.395481,1.799068,-1.203281,-0.369614,0.294966,0.33423,-0.249436,0.55867,-1.990994,1.772031,-0.472504,1.936755
95035,2020,1,-0.194194,1.179277,3.031081,2.938526,3.866213,1.992101,0.084347,0.378037,-0.190614,1.444985,-0.232989,1.730735,-1.18145,-0.613405,0.553567,0.504084,-0.344706,0.409664,-1.908333,1.494173,-0.472504,1.95736
95035,2021,1,-0.05095,1.179277,3.031081,2.7576,3.828068,1.992101,0.084347,0.378037,-0.190614,0.98683,-0.219785,1.814051,-1.050033,-0.372562,0.5823,0.579574,-0.240924,0.121444,-2.054763,1.842857,-0.472504,2.343019
95035,2022,1,-0.02898,1.179277,2.664123,2.938526,3.942503,1.669982,0.084347,0.378037,-0.190614,1.019769,-0.35075,1.854199,-1.094486,-0.237398,0.553567,0.551265,-0.187735,-0.503606,-2.092148,1.947151,-0.472504,2.659712
95035,2023,0,0.024627,2.942073,2.847602,3.300376,3.675489,1.992101,0.084347,0.378037,-0.190614,1.049805,-0.538618,1.892583,-1.105266,-0.194206,0.6685,0.58901,-0.097944,-0.819833,-2.17599,1.974392,-0.472504,2.309493
95035,2024,0,0.024627,2.942073,2.847602,3.300376,3.675489,1.992101,0.084347,0.378037,-0.190614,1.084229,-0.574273,1.786477,-1.153669,-0.255803,0.611033,0.570138,-0.069055,-1.271948,-2.219966,1.991904,-0.472504,2.326243
95035,2025,0,-0.101579,1.179287,2.609732,2.937089,3.853485,1.916347,0.084347,0.378037,-0.190614,1.267341,-0.328385,1.610099,-1.123553,-0.32028,0.512957,0.507057,-0.106884,-0.857635,-2.17979,1.876512,-0.472504,1.306214
95035,2026,0,-0.101579,1.179287,2.631346,2.937089,3.899726,1.992076,0.084347,0.378037,-0.190614,1.267341,-0.328385,1.421462,-1.100446,-0.375218,0.415458,0.428278,-0.138458,-0.119143,-2.145635,1.798242,-0.472504,1.404733
95035,2027,0,-0.101579,1.179287,2.631346,2.937089,3.899726,1.992076,0.084347,0.378037,-0.190614,1.267341,-0.328385,1.267751,-1.082723,-0.422031,0.343499,0.356696,-0.16481,-0.119143,-2.116585,1.745152,-0.472504,1.419981
95035,2028,0,-0.101579,1.179287,2.631346,2.937089,3.899726,1.992076,0.084347,0.378037,-0.190614,1.267341,-0.328385,1.176872,-1.069121,-0.461908,0.305699,0.306209,-0.186804,-0.119143,-2.091887,1.709141,-0.472504,1.430509
95035,2029,0,-0.101579,1.179287,2.631346,2.937089,3.899726,1.992076,0.084347,0.378037,-0.190614,1.267341,-0.328385,1.15534,-1.058702,-0.49589,0.298489,0.281465,-0.205161,-0.119143,-2.070886,1.684715,-0.472504,1.437834
95037,2015,0,-0.259226,-0.58352,0.829332,0.541267,0.433172,-0.262728,-0.69794,1.994289,-0.176557,-1.757112,-0.127658,0.363211,0.159111,1.139557,-0.385812,-0.488491,-0.099944,0.555056,1.442811,0.713525,-1.368301,-1.189572
95037,2016,0,-0.013161,-1.044729,0.053431,0.01746,-0.237473,0.097929,-0.69794,1.994289,-0.176557,-1.799737,-0.024477,0.703236,0.046477,1.287934,-0.561563,-0.691083,0.061508,0.470374,1.009864,0.868798,-1.368301,-1.308709
95037,2017,0,-0.018434,-0.020665,0.601134,0.567029,0.337871,-0.063879,-0.69794,1.994289,-0.176557,-1.819887,-0.185205,0.623045,0.101654,1.252531,-0.394635,-0.27913,0.065455,0.472241,0.85324,0.93729,-1.368301,-0.177821
95037,2018,0,0.031657,0.038208,0.711916,0.705857,0.442227,-0.013082,-0.69794,1.994289,-0.176557,-1.819155,-0.498877,0.662547,0.083593,1.426241,-0.078568,-0.090404,0.089389,0.449941,0.71753,1.068046,-1.368301,-0.002663
95037,2019,0,0.193357,0.063539,0.696964,0.771256,0.475801,-0.04933,-0.69794,1.994289,-0.176557,-1.730141,-0.629154,0.775708,0.165331,1.359908,0.093833,0.013396,0.13268,0.52671,0.516644,1.126031,-1.368301,0.098828
95037,2020,1,0.24257,0.093515,1.012811,0.99358,0.433172,-0.262728,-0.69794,1.994289,-0.176557,-1.606077,-0.587993,0.679539,-0.045815,1.280939,0.3237,0.107759,0.12365,0.583079,0.543921,1.043529,-1.368301,-0.674074
95037,2021,1,0.181932,-0.006582,1.012811,0.857886,0.280592,-0.262728,-0.69794,1.994289,-0.176557,-1.4507,-0.786613,0.668711,-0.036897,1.323061,0.381166,0.211558,0.107356,0.599313,0.436258,1.068046,-1.368301,-0.754142
95037,2022,1,0.413936,0.297216,1.19629,1.038812,0.242447,-0.262728,-0.69794,1.994289,-0.176557,-1.609735,-0.572811,0.863216,0.049164,1.254035,0.524833,0.287049,0.278604,0.535036,0.214257,1.173119,-1.368301,-0.561903
95037,2023,0,0.341874,0.163966,1.012811,1.084043,0.433172,-0.262728,-0.69794,1.994289,-0.176557,-1.604699,-0.453071,0.782152,0.372028,1.011164,0.611033,0.390848,0.263515,0.024355,0.067247,1.18168,-1.368301,-0.585912
95037,2024,0,0.341874,0.195719,1.012811,1.084043,0.433172,-0.262728,-0.69794,1.994289,-0.176557,-1.636791,-0.328944,0.943774,0.371769,1.157872,0.611033,0.494647,0.356408,-0.038999,-0.06501,1.268851,-1.368301,-0.578467
95037,2025,0,0.297878,-0.583524,1.002705,1.038645,0.421383,-0.26273,-0.69794,1.994288,-0.176557,-1.729571,-0.336643,0.706519,0.12712,1.249718,0.455325,0.491223,0.137211,0.313019,-0.085253,1.219946,-1.368301,-0.610837
95037,2026,0,0.26181,-0.583524,0.994064,1.001299,0.412538,-0.26273,-0.69794,1.994288,-0.176557,-1.6873,-0.342191,0.706519,0.12712,1.249718,0.238111,0.442164,0.137211,0.41471,-0.024828,1.18085,-1.368301,-0.655012
95037,2027,0,0.23224,-0.583524,0.986676,0.970576,0.405901,-0.26273,-0.69794,1.994288,-0.176557,-1.6873,-0.346148,0.706519,0.12712,1.249718,0.003924,0.355405,0.137211,0.41471,0.03107,1.149596,-1.368301,-0.704012
95037,2028,0,0.207998,-0.583524,0.980358,0.945302,0.400923,-0.26273,-0.69794,1.994288,-0.176557,-1.6873,-0.34903,0.706519,0.12712,1.249718,-0.200758,0.242915,0.137211,0.41471,0.08278,1.12461,-1.368301,-0.754208
95037,2029,0,0.188124,-0.583524,0.974956,0.924511,0.397187,-0.26273,-0.69794,1.994288,-0.176557,-1.6873,-0.351051,0.706519,0.12712,1.249718,-0.336693,0.1191,0.137211,0.41471,0.130614,1.104637,-1.368301,-0.802251
95046,2015,0,0.372632,-0.58352,-0.82198,-1.13229,-1.337339,-0.906965,0.069206,1.207447,-0.203803,-0.048339,-0.051186,-0.821596,-0.191511,0.026953,0.266895,-0.288693,0.427786,0.015302,0.842373,-1.285573,-1.230538,-0.894774
95046,2016,0,1.226827,-0.58352,-0.82198,-1.087059,-1.259122,-0.906965,0.069206,1.207447,-0.203803,-0.074825,-0.145851,-0.452198,-0.250695,0.010785,0.702131,0.027698,0.788942,0.569777,0.757403,-1.254441,-1.230538,-0.735903
95046,2017,0,1.037006,-0.885324,-1.610565,-1.2203,-1.56597,-0.429282,0.069206,1.207447,-0.203803,-0.030183,-0.179743,-0.369248,-0.183688,0.187189,-0.768169,-0.911363,0.474701,0.479963,0.631043,-1.278568,-1.230538,-1.123486
95046,2018,0,1.160038,-0.684999,-1.626328,-1.078792,-1.472402,-0.603937,0.069206,1.207447,-0.203803,-0.081516,-0.216387,-0.281041,-0.141143,0.12845,-0.911836,-0.703764,0.447159,0.490253,0.437532,-1.271953,-1.230538,-1.092723
95046,2019,0,1.099401,-0.567297,-1.702978,-1.054988,-1.279763,-1.072149,0.069206,1.207447,-0.203803,-0.032763,-0.248215,0.184562,-0.181024,0.233336,-0.768169,-0.269694,0.478229,0.8602,0.320315,-1.291021,-1.230538,-1.020846
95046,2020,1,1.013278,-0.496246,-1.589984,-1.132604,-1.020193,-1.226314,0.069206,1.207447,-0.203803,0.106661,-0.311955,0.165999,-0.220905,0.315051,-0.480835,-0.005477,0.797922,0.888963,-0.003122,-1.269229,-1.230538,-1.061169
95046,2021,1,1.952716,-0.386662,-1.890169,-1.177039,-1.52069,-1.066428,0.069206,1.207447,-0.203803,0.079328,-0.234709,0.288765,-0.233492,0.377718,-0.509568,0.192685,1.189156,0.129595,0.005544,-1.21319,-1.230538,-1.195873
95046,2022,1,2.19966,-0.432734,-1.904659,-1.228059,-1.475503,-1.155551,0.069206,1.207447,-0.203803,-0.057432,-0.262365,0.289411,-0.267255,0.351278,0.294966,0.447466,1.49854,0.493525,-0.219081,-1.207353,-1.230538,-0.989739
95046,2023,0,1.827048,-0.487934,-1.68227,-1.089442,-1.791874,-1.133407,0.069206,1.207447,-0.203803,-0.053151,-0.307697,0.653082,-0.170978,0.346287,0.725967,0.390848,0.892463,-0.382104,-0.248337,-1.206574,-1.230538,-0.650986
95046,2024,0,1.827048,-0.459073,-1.666256,-1.053354,-1.68076,-1.178091,0.069206,1.207447,-0.203803,-0.102644,-0.268085,0.686489,-0.242466,0.330464,0.898367,0.466338,0.936104,-0.187425,-0.36072,-1.232648,-1.230538,-0.57793
95046,2025,0,1.371564,-0.583524,-0.821981,-1.091582,-0.808647,-0.906966,0.069206,1.207447,-0.203803,-0.029521,-0.240559,0.598841,-0.208376,0.305901,-0.301847,0.430891,0.883063,0.33783,-0.316154,-1.257242,-1.230539,-1.322588
95046,2026,0,1.371564,-0.583524,-0.821981,-1.091582,-0.831031,-0.906966,0.069206,1.207447,-0.203803,-0.029521,-0.226451,0.521986,-0.208376,0.286254,-0.301847,0.316849,0.843098,0.33783,-0.274931,-1.258745,-1.230539,-1.212264
95046,2027,0,1.371564,-0.583524,-0.821981,-1.091582,-0.861088,-0.906966,0.069206,1.207447,-0.203803,-0.029521,-0.219226,0.454578,-0.208376,0.27055,-0.301847,0.159494,0.812986,0.33783,-0.236798,-1.258745,-1.230539,-1.166747
95046,2028,0,1.371564,-0.583524,-0.821981,-1.091582,-0.885801,-0.906966,0.069206,1.207447,-0.203803,-0.029521,-0.215527,0.395465,-0.208376,0.257988,-0.301847,-0.008593,0.790297,0.33783,-0.201532,-1.258745,-1.230539,-1.124128
95046,2029,0,1.371564,-0.583524,-0.821981,-1.091582,-0.907293,-0.906966,0.069206,1.207447,-0.203803,-0.029521,-0.213635,0.343617,-0.208376,0.24794,-0.301847,-0.161387,0.773202,0.33783,-0.168911,-1.258745,-1.230539,-1.091891
95050,2015,0,-0.58614,1.179277,0.829332,1.491124,0.242447,-0.262728,0.346792,-0.843001,-0.203803,0.389998,-0.302536,-0.428029,0.662936,-0.29143,-0.234147,0.667043,-0.638617,0.534401,1.185267,-0.076074,0.626204,0.021418
95050,2016,0,-0.53429,1.179277,0.829332,1.67205,0.700186,-0.262728,0.346792,-0.843001,-0.203803,0.389998,-0.302536,-0.428029,0.662936,-0.29143,-0.206501,0.727832,-0.646861,0.563442,1.185267,-0.035602,0.626204,0.225647
95050,2017,0,-0.466623,1.179277,0.829332,1.67205,0.776476,0.671483,0.346792,-0.843001,-0.203803,0.389998,-0.302536,-0.428029,0.662936,-0.29143,-0.998036,-0.430111,-0.620301,0.418727,1.185267,-0.011863,0.626204,-0.077592
95050,2018,0,-0.449926,1.179277,0.829332,1.852975,0.700186,0.626575,0.346792,-0.843001,-0.203803,0.389998,-0.302536,-0.428029,0.662936,-0.29143,-0.595769,-0.231948,-0.598234,0.440715,1.185267,0.003703,0.626204,-0.097705
95050,2019,0,-0.414773,1.179277,0.829332,1.943437,0.509461,0.761233,0.346792,-0.843001,-0.203803,0.389998,-0.302536,-0.428029,0.662936,-0.29143,-0.337168,-0.071531,-0.538625,0.333219,1.185267,0.056239,0.626204,0.530548
95050,2020,1,-0.526381,1.179277,0.645853,1.626818,0.700186,0.264947,0.346792,-0.843001,-0.203803,0.389998,-0.302536,-0.428029,0.662936,-0.29143,0.180033,0.230431,-0.635441,0.306631,1.185267,0.012264,0.626204,0.630051
95050,2021,1,-0.469259,1.179277,1.563248,1.626818,0.776476,-0.262728,0.346792,-0.843001,-0.203803,0.389998,-0.302536,-0.428029,0.662936,-0.29143,0.266233,0.249303,-0.400596,0.434508,1.185267,0.211123,0.626204,0.13779
95050,2022,1,-0.399834,1.179277,1.563248,1.67205,0.776476,0.05939,0.346792,-0.843001,-0.203803,0.389998,-0.302536,-0.428029,0.662936,-0.29143,0.266233,0.287049,-0.320025,0.27533,1.185267,0.199838,0.626204,0.420026
95050,2023,0,-0.405985,1.179277,1.746727,1.491124,0.890911,0.381509,0.346792,-0.843001,-0.203803,0.389998,-0.302536,-0.428029,0.662936,-0.29143,0.438633,0.419157,-0.333397,-0.014281,1.185267,0.218517,0.626204,0.353744
95050,2024,0,-0.405985,1.179277,1.746727,1.491124,0.890911,0.381509,0.346792,-0.843001,-0.203803,0.389998,-0.302536,-0.428029,0.662936,-0.29143,0.639767,0.494647,-0.259927,-0.17289,1.185267,0.288566,0.626204,0.328047
95050,2025,0,-0.46592,1.179272,1.138366,1.654002,0.696386,-0.101396,0.346792,-0.843001,-0.203803,0.389959,-0.302751,-0.427941,0.662879,-0.291393,0.222652,0.463859,-0.339976,0.312242,1.18524,0.239063,0.626204,0.280882
95050,2026,0,-0.46592,1.179272,1.138366,1.654002,0.696386,-0.101396,0.346792,-0.843001,-0.203803,0.389959,-0.302751,-0.427941,0.662879,-0.291393,-0.314207,0.363618,-0.391482,0.312242,1.18524,0.202327,0.626204,0.277439
95050,2027,0,-0.46592,1.179272,1.138366,1.654002,0.696386,-0.101396,0.346792,-0.843001,-0.203803,0.389959,-0.302751,-0.427941,0.662879,-0.291393,-0.807953,0.231664,-0.424623,0.312242,1.18524,0.175066,0.626204,0.273025
95050,2028,0,-0.46592,1.179272,1.138366,1.654002,0.696386,-0.101396,0.346792,-0.843001,-0.203803,0.389959,-0.302751,-0.427941,0.662879,-0.291393,-1.113319,0.099944,-0.445947,0.312242,1.18524,0.154836,0.626204,0.268027
95050,2029,0,-0.46592,1.179272,1.138366,1.654002,0.696386,-0.101396,0.346792,-0.843001,-0.203803,0.389959,-0.302751,-0.427941,0.662879,-0.291393,-1.145222,-0.009127,-0.459668,0.312242,1.18524,0.139823,0.626204,0.262723
95051,2015,0,-0.48332,-0.171343,0.829332,0.405574,2.035258,0.381509,0.447732,-0.820597,-0.170367,-0.00931,-0.309891,0.037976,-0.447459,-0.113141,-0.080413,0.1523,-0.480403,0.616643,0.635064,0.710801,0.875263,0.389185
95051,2016,0,-0.501775,0.257778,1.012811,0.586499,1.806388,0.05939,0.447732,-0.820597,-0.170367,-0.06229,-0.519564,-0.512987,-0.486392,0.057374,0.219461,0.664861,-0.405852,0.58604,0.501111,0.789021,0.875263,0.584002
95051,2017,0,-0.463108,0.345198,1.012811,0.676961,2.149692,0.05939,0.447732,-0.820597,-0.170367,-0.002434,-0.193678,-0.310449,-0.539559,0.324471,-0.337168,0.164377,-0.354459,0.300546,0.160461,0.885143,0.875263,0.726123
95051,2018,0,-0.418289,0.239553,1.012811,0.541267,2.264127,0.05939,0.447732,-0.820597,-0.170367,-0.158266,-0.478705,0.015414,-0.492499,0.28793,-0.164768,0.183249,-0.302352,0.249067,0.061318,0.990993,0.875263,0.982915
95051,2019,0,-0.434986,0.139849,0.645853,0.586499,2.187837,-0.262728,0.447732,-0.820597,-0.170367,-0.007539,-0.565284,0.330974,-0.565883,0.334773,0.151299,0.343666,-0.356705,0.321571,-0.054349,0.979319,0.875263,1.238231
95051,2020,1,-0.435865,0.086489,1.012811,0.315111,1.997113,-0.262728,0.447732,-0.820597,-0.170367,0.048037,-0.509801,0.465859,-0.373093,0.359395,0.294966,0.371975,-0.393367,0.375203,-0.024286,0.848562,0.875263,0.912805
95051,2021,1,-0.529018,0.109935,1.012811,0.26988,1.920823,-0.262728,0.447732,-0.820597,-0.170367,0.065261,-0.249634,0.362075,-0.446872,0.390362,0.467366,0.447466,-0.45185,0.240951,-0.025397,0.913162,0.875263,1.269777
95051,2022,1,-0.551866,0.37211,1.563248,0.26988,2.035258,-0.262728,0.447732,-0.820597,-0.170367,-0.044512,-0.575778,0.416159,-0.284514,0.383382,0.553567,0.43803,-0.328683,0.177065,-0.295158,1.025628,0.875263,1.322326
95051,2023,0,-0.580867,0.714428,2.113686,0.315111,1.844533,-0.262728,0.447732,-0.820597,-0.170367,-0.027712,-0.449587,0.663542,-0.187978,0.314535,0.639767,0.466338,-0.375233,0.007925,-0.336066,1.097233,0.875263,1.44242
95051,2024,0,-0.580867,0.665942,2.113686,0.315111,1.844533,-0.262728,0.447732,-0.820597,-0.170367,-0.206172,-0.465544,0.61861,-0.118781,0.296242,0.639767,0.447466,-0.337387,-0.301323,-0.382312,1.203473,0.875263,1.420818
95051,2025,0,-0.519853,0.010062,1.226206,0.351545,2.008563,-0.210216,0.447732,-0.820597,-0.170367,-0.040377,-0.431867,0.356243,-0.394326,0.275795,0.56144,0.358656,-0.37863,-0.131461,-0.327974,0.942722,0.875263,0.755914
95051,2026,0,-0.499516,0.023292,1.226206,0.372435,2.008563,-0.169648,0.447732,-0.820597,-0.170367,-0.040377,-0.431867,0.098346,-0.394326,0.258983,0.431473,0.264487,-0.37863,0.251032,-0.279956,0.942722,0.875263,0.733634
95051,2027,0,-0.499516,0.05522,1.226206,0.384413,2.008563,-0.138307,0.447732,-0.820597,-0.170367,-0.040377,-0.431867,0.008516,-0.394326,0.24515,0.280661,0.191715,-0.37863,0.500031,-0.237525,0.942722,0.875263,0.725977
95051,2028,0,-0.499516,0.105826,1.226206,0.391281,2.008563,-0.114094,0.447732,-0.820597,-0.170367,-0.040377,-0.431867,0.102153,-0.394326,0.23377,0.138011,0.159049,-0.37863,0.469923,-0.200026,0.942722,0.875263,0.733382
95051,2029,0,-0.499516,0.16334,1.226206,0.395219,2.008563,-0.095389,0.447732,-0.820597,-0.170367,-0.040377,-0.431867,0.273624,-0.394326,0.224403,0.026159,0.17254,-0.37863,0.264867,-0.166895,0.942722,0.875263,0.747446
95053,2015,0,-2.420197,-0.77058,-0.369316,-0.170987,-0.770435,-0.567516,1.11558,-0.579311,-0.321632,-0.048339,-0.051186,-0.821596,-0.191511,0.026953,0.804461,-1.154122,-2.627838,0.505333,0.842373,-1.61947,0.94961,0.86084
95053,2016,0,-2.420197,-0.89396,-0.437303,-0.248059,-0.832426,-0.615145,1.078849,-0.507937,-0.270963,-0.074825,-0.145851,-0.452198,-0.250695,0.010785,0.894409,-1.178707,-2.627838,0.508171,0.757403,-1.61947,0.803079,0.868499
95053,2017,0,-2.420197,0.130288,-0.29548,0.098929,-0.499194,-1.742202,1.008821,-1.079368,-0.639665,-0.030183,-0.179743,-0.369248,-0.183688,0.187189,1.099501,0.853227,-2.627838,0.445484,0.631043,-1.61947,0.942033,1.047245
95053,2018,0,-2.420197,0.151663,-0.294602,0.126689,-0.436764,-1.808333,1.046275,-1.078414,-0.601398,-0.081516,-0.216387,-0.281041,-0.141143,0.12845,1.099501,0.853227,-2.627838,0.452021,0.437532,-1.61947,0.95775,1.072036
95053,2019,0,-2.196555,-0.956178,-0.619964,-0.238568,-0.907185,-0.781261,1.035915,-0.371261,-0.077256,-0.032763,-0.248215,0.184562,-0.181024,0.233336,1.05767,-1.024863,-2.627838,0.522628,0.320315,-1.61947,0.509875,0.990443
95053,2020,1,-2.16672,-1.087908,-0.636723,-0.242869,-0.93429,-0.679474,1.048534,-0.237161,-0.12609,0.106661,-0.311955,0.165999,-0.220905,0.315051,1.284586,-1.121437,-2.627838,0.414326,-0.003122,-1.61947,0.412378,1.037919
95053,2021,1,-2.193338,-1.108314,-0.639539,-0.280934,-0.983143,-0.669526,0.998767,-0.235939,-0.102468,0.079328,-0.234709,0.288765,-0.233492,0.377718,1.250434,-1.138671,-2.627838,0.249244,0.005544,-1.61947,0.380245,0.997392
95053,2022,1,-4.372471,-5.246156,-0.350747,-1.969329,-1.352007,3.191092,0.970247,1.791227,0.675362,-0.057432,-0.262365,0.289411,-0.267255,0.351278,1.099501,-8.583082,-2.627838,0.085816,-0.219081,-1.61947,-0.290844,-0.069822
95053,2023,0,-4.34815,-5.359633,-0.417314,-2.109923,-1.531374,3.109925,0.828676,1.869886,0.76146,-0.053151,-0.307697,0.653082,-0.170978,0.346287,1.099501,-8.583082,-2.627838,-0.075313,-0.248337,-1.61947,-0.539507,-0.125386
95053,2024,0,-4.414546,-5.257432,-0.344395,-2.023425,-1.416606,3.12632,0.933806,1.766017,0.731761,-0.102644,-0.268085,0.686489,-0.242466,0.330464,1.099501,-8.583082,-2.627838,-0.297883,-0.36072,-1.61947,-0.311732,-0.104498
95053,2025,0,-2.420198,-4.887766,-1.179877,-1.701851,-2.38867,3.010101,1.068043,1.830784,1.122263,-0.029521,-0.240559,0.598841,-0.208376,0.305901,1.099502,-7.820621,-2.627838,-0.340501,-0.316154,-1.61947,-0.46091,0.319035
95053,2026,0,-2.420198,-4.157597,-1.059026,-1.432914,-2.090671,2.296499,1.062909,1.415811,0.883394,-0.029521,-0.226451,0.521986,-0.208376,0.286254,1.099502,-6.554098,-2.627838,-0.239426,-0.274931,-1.61947,-0.264591,0.430469
95053,2027,0,-2.420198,-3.31835,-0.930795,-1.124965,-1.734569,1.447387,1.046646,0.948156,0.61547,-0.029521,-0.219226,0.454578,-0.208376,0.27055,1.099502,-5.068738,-2.627838,-0.055838,-0.236798,-1.61947,-0.069956,0.563377
95053,2028,0,-2.420198,-2.510797,-0.811077,-0.829269,-1.387605,0.620377,1.02704,0.501412,0.359525,-0.029521,-0.215527,0.395465,-0.208376,0.257988,1.099502,-3.628737,-2.627838,0.145185,-0.201532,-1.61947,0.106192,0.69278
95053,2029,0,-2.420198,-1.845402,-0.712208,-0.586156,-1.102899,-0.06062,1.010105,0.133299,0.147637,-0.029521,-0.213635,0.343617,-0.208376,0.24794,1.099502,-2.441587,-2.627838,0.311192,-0.168911,-1.61947,0.250806,0.798896
95054,2015,0,-1.408697,-0.227743,-0.638501,0.043723,-0.062712,-0.906965,0.548672,-0.769963,-0.199521,-0.048339,-0.051186,-0.821596,-0.191511,0.026953,-0.03997,0.062588,-1.202041,0.445589,0.842373,-1.012774,0.5088,-0.138796
95054,2016,0,-1.225028,-0.253752,-0.82198,0.134186,0.089868,-0.906965,0.548672,-0.769963,-0.199521,-0.074825,-0.145851,-0.452198,-0.250695,0.010785,0.036887,0.110512,-1.251032,0.491691,0.757403,-1.009661,0.5088,0.095224
95054,2017,0,-1.123087,0.04505,-0.434495,0.224648,-0.100857,-0.679509,0.548672,-0.769963,-0.199521,-0.030183,-0.179743,-0.369248,-0.183688,0.187189,-0.049834,0.15494,-1.204916,0.819046,0.631043,-0.998765,0.5088,-0.00719
95054,2018,0,-1.044874,-0.06222,-0.437184,0.088954,0.013578,-0.843951,0.548672,-0.769963,-0.199521,-0.081516,-0.216387,-0.281041,-0.141143,0.12845,0.208766,0.353103,-1.046891,0.92125,0.437532,-0.956347,0.5088,-0.074163
95054,2019,0,-0.90075,0.004433,-0.446123,0.26988,0.013578,-0.777649,0.548672,-0.769963,-0.199521,-0.032763,-0.248215,0.184562,-0.181024,0.233336,0.3237,0.409721,-0.908686,0.67483,0.320315,-0.876959,0.5088,-0.171232
95054,2020,1,-0.993025,0.113311,-0.336897,0.088954,0.089868,-0.99877,0.548672,-0.769963,-0.199521,0.106661,-0.311955,0.165999,-0.220905,0.315051,0.812167,0.664501,-1.011344,0.478105,-0.003122,-0.940002,0.5088,0.513293
95054,2021,1,-1.079147,0.195622,-0.138063,0.134186,0.089868,-0.95338,0.548672,-0.769963,-0.199521,0.079328,-0.234709,0.288765,-0.233492,0.377718,0.8409,0.721119,-1.024058,-0.328521,0.005544,-0.9365,0.5088,0.358636
95054,2022,1,-0.961388,0.414028,-0.084917,0.224648,0.051723,-0.830376,0.548672,-0.769963,-0.199521,-0.057432,-0.262365,0.289411,-0.267255,0.351278,0.812167,0.721119,-0.874448,-0.354656,-0.219081,-0.863338,0.5088,0.589053
95054,2023,0,-0.994782,0.494784,-0.09722,0.224648,-0.100857,-0.873626,0.548672,-0.769963,-0.199521,-0.053151,-0.307697,0.653082,-0.170978,0.346287,0.611033,0.636192,-0.954537,-0.820502,-0.248337,-0.868786,0.5088,0.630077
95054,2024,0,-0.994782,0.433931,-0.110425,0.224648,-0.100857,-0.795038,0.548672,-0.769963,-0.199521,-0.102644,-0.268085,0.686489,-0.242466,0.330464,0.5823,0.58901,-0.97734,-0.810829,-0.36072,-0.821698,0.5088,0.630715
95054,2025,0,-1.024643,-0.073425,-0.803633,0.085998,-0.00159,-0.906966,0.548673,-0.769963,-0.199521,-0.029521,-0.240559,0.598841,-0.208376,0.305901,0.597439,0.596041,-1.0031,-0.343623,-0.316154,-0.859774,0.5088,0.578605
95054,2026,0,-1.047496,0.001066,-0.803633,0.237525,-0.00159,-0.906966,0.548673,-0.769963,-0.199521,-0.029521,-0.226451,0.521986,-0.208376,0.286254,0.612135,0.602884,-1.020731,0.220755,-0.274931,-0.883675,0.5088,0.550329
95054,2027,0,-1.064986,-0.066081,-0.803633,0.167864,-0.00159,-0.906966,0.548673,-0.769963,-0.199521,-0.029521,-0.219226,0.454578,-0.208376,0.27055,0.626401,0.609546,-1.032798,0.70127,-0.236798,-0.898679,0.5088,0.52785
95054,2028,0,-1.078371,-0.100756,-0.803633,0.139146,-0.00159,-0.906966,0.548673,-0.769963,-0.199521,-0.029521,-0.215527,0.395465,-0.208376,0.257988,0.640249,0.61603,-1.041057,0.96264,-0.201532,-0.908097,0.5088,0.50981
95054,2029,0,-1.088614,-0.057745,-0.803633,0.218733,-0.00159,-0.906966,0.548673,-0.769963,-0.199521,-0.029521,-0.213635,0.343617,-0.208376,0.24794,0.653692,0.622341,-1.046711,0.950913,-0.168911,-0.914009,0.5088,0.495161
95070,2015,0,0.793578,-0.922109,-0.638501,-0.40859,-0.177147,0.05939,0.139864,1.317677,-0.199695,0.158395,-0.460899,0.613493,-1.44452,0.776104,0.119878,0.288136,0.919293,0.888225,1.457293,0.42049,-0.967568,-1.039408
95070,2016,0,0.950883,-0.965466,-0.638501,-0.40859,-0.062712,0.05939,0.139864,1.317677,-0.199695,0.313279,-0.421287,0.966389,-1.478554,0.776036,0.126828,0.318403,0.982556,0.921933,1.219677,0.450455,-0.967568,-1.134696
95070,2017,0,1.011521,-0.841389,-0.638501,-0.453821,0.051723,0.05939,0.139864,1.317677,-0.199695,0.396381,-0.577198,0.843273,-1.469648,0.644523,0.352433,0.25874,1.005828,0.808415,1.093994,0.52167,-0.967568,-0.368885
95070,2018,0,1.137189,-0.897036,-0.638501,-0.544284,0.166157,0.05939,0.139864,1.317677,-0.199695,0.504367,-0.693583,0.985389,-1.599801,0.479858,0.467366,0.324794,1.205965,0.781554,0.78235,0.583935,-0.967568,-0.400146
95070,2019,0,1.220675,-0.804202,-0.455022,-0.634746,0.051723,0.05939,0.139864,1.317677,-0.199695,0.330041,-0.800849,1.126177,-1.53092,0.71004,0.524833,0.371975,1.437995,0.807079,0.577041,0.693288,-0.967568,-0.460441
95070,2020,1,1.310313,-0.467532,-0.271543,-0.453821,-0.024567,-0.262728,0.139864,1.317677,-0.199695,0.183819,-0.982093,1.143134,-1.602566,0.730682,0.553567,0.428593,1.618545,0.65352,0.481432,0.783573,-0.967568,-0.469365
95070,2021,1,1.175856,-0.651399,-0.271543,-0.634746,-0.100857,-0.262728,0.139864,1.317677,-0.199695,0.414074,-0.98162,1.071465,-1.667552,0.588066,0.697233,0.466338,1.475316,0.571899,0.397247,0.75711,-0.967568,-0.424829
95070,2022,1,1.296252,-0.545731,-0.271543,-0.589515,-0.100857,-0.262728,0.139864,1.317677,-0.199695,0.472553,-0.983513,1.284515,-1.664741,0.578729,0.812167,0.532393,1.732578,0.702454,0.124821,0.780849,-0.967568,-0.459559
95070,2023,0,1.459709,-0.631079,-0.455022,-0.589515,-0.100857,0.05939,0.139864,1.317677,-0.199695,0.704864,-1.024587,1.62014,-1.704261,0.687872,0.5823,0.51352,1.994864,0.656651,-0.237617,0.912773,-0.967568,-0.651636
95070,2024,0,1.459709,-0.591674,-0.455022,-0.589515,-0.100857,0.05939,0.139864,1.317677,-0.199695,0.67027,-0.86773,1.740636,-1.76568,0.677704,0.639767,0.645628,1.979361,0.596404,-0.202297,0.878916,-0.967568,-0.623498
95070,2025,0,1.410531,-0.666475,-0.464395,-0.530714,-0.06272,0.03486,0.139864,1.317676,-0.199695,0.414783,-0.723991,1.139798,-1.71152,0.665,0.619639,0.695499,1.909581,0.643254,-0.103322,0.798846,-0.967568,-0.950075
95070,2026,0,1.369034,-0.640109,-0.47481,-0.530714,-0.049059,0.017784,0.139864,1.317676,-0.199695,0.414783,-0.629197,1.139798,-1.67472,0.665,0.590119,0.720487,1.848829,0.675278,0.037921,0.704532,-0.967568,-0.968221
95070,2027,0,1.334019,-0.614049,-0.482304,-0.530714,-0.049059,0.005897,0.139864,1.317676,-0.199695,0.414783,-0.595305,1.139798,-1.649706,0.665,0.56276,0.717746,1.795938,0.697167,0.201818,0.62303,-0.967568,-0.968208
95070,2028,0,1.304472,-0.608799,-0.486098,-0.530714,-0.049059,-0.002378,0.139864,1.317676,-0.199695,0.414783,-0.613928,1.139798,-1.632706,0.665,0.53906,0.687916,1.74989,0.712129,0.371504,0.571097,-0.967568,-0.968208
95070,2029,0,1.279541,-0.626801,-0.487051,-0.530714,-0.049059,-0.008138,0.139864,1.317676,-0.199695,0.414783,-0.664551,1.139798,-1.621158,0.665,0.518805,0.635007,1.7098,0.722357,0.533483,0.553762,-0.967568,-0.968221
95076,2015,0,-0.118618,0.297879,0.829332,0.224648,0.471317,0.381509,0.36698,0.34219,7.135215,-2.139249,-0.924374,0.718743,1.369677,0.420311,-2.31319,-1.372109,-0.623857,0.064722,-0.420315,1.726889,-1.217644,1.810453
95076,2016,0,-0.054465,0.297879,0.645853,0.496036,0.433172,0.381509,0.36698,0.34219,7.135215,-2.150599,-0.859558,0.905442,1.201212,0.550201,-2.374613,-1.221992,-0.620858,-0.123358,-0.389705,1.792267,-1.217644,1.63979
95076,2017,0,0.00793,0.743223,0.278894,0.676961,0.433172,0.381509,0.36698,0.34219,7.135215,-2.177832,-0.86545,0.859986,1.217523,0.508004,-3.382906,-1.354869,-0.596332,-0.48339,-0.529392,1.955713,-1.217644,2.852442
95076,2018,0,0.130962,0.685689,0.645853,0.63173,0.242447,0.381509,0.36698,0.34219,7.135215,-2.228888,-0.874741,0.985441,1.117601,0.557196,-3.124306,-1.100089,-0.443839,-0.744761,-0.676309,2.116045,-1.217644,2.253966
95076,2019,0,0.108992,0.439613,0.095415,0.948349,0.280592,0.703627,0.36698,0.34219,7.135215,-2.255143,-0.766657,1.208533,1.08535,0.537639,-2.836972,-1.043471,-0.349004,-0.695822,-0.805943,2.214891,-1.217644,2.303099
95076,2020,1,0.273328,0.275356,0.278894,0.812655,0.204302,0.381509,0.36698,0.34219,7.135215,-2.308825,-0.797237,1.473939,1.038753,0.73889,-1.658904,-0.571656,-0.258484,-0.900539,-0.782422,2.258477,-1.217644,2.423937
95076,2021,1,0.518513,0.895516,2.113686,0.767424,0.242447,0.703627,0.36698,0.34219,7.135215,-2.318472,-0.889708,1.893526,1.069095,0.810983,-1.026769,-0.250821,-0.174111,-1.130795,-0.973006,2.556181,-1.217644,2.345346
95076,2022,1,0.662637,0.767826,2.480644,0.676961,0.623896,1.025746,0.36698,0.34219,7.135215,-2.312729,-0.923299,1.871855,0.956259,1.025888,-0.681969,-0.118713,0.049745,-0.861268,-1.119099,2.856999,-1.217644,2.419883
95076,2023,0,0.814669,0.619755,2.480644,0.63173,0.318737,1.025746,0.36698,0.34219,7.135215,-2.370121,-0.856418,2.302339,0.945038,1.008642,-0.509568,-0.02435,0.239046,-0.940226,-1.258971,3.113065,-1.217644,2.158983
95076,2024,0,0.814669,0.579803,2.480644,0.63173,0.318737,1.025746,0.36698,0.34219,7.135215,-2.372154,-0.876031,2.070603,1.082381,0.951983,-0.365902,0.032268,0.140682,-1.176548,-1.254651,3.038346,-1.217644,2.164168
95076,2025,0,0.769895,0.297874,2.079529,0.617273,0.356878,0.637943,0.36698,0.34219,7.135215,-2.348308,-0.888633,1.530449,1.096469,0.91673,-0.554014,-0.02902,0.024332,-1.159321,-1.216692,2.992447,-1.217644,2.103297
95076,2026,0,0.698169,0.297874,1.821463,0.607889,0.356878,0.637943,0.36698,0.34219,7.135215,-2.309194,-0.868633,1.480575,1.108209,0.886354,-0.976246,-0.165616,-0.090421,-1.003773,-1.182136,2.949795,-1.217644,2.064134
95076,2027,0,0.614024,0.297874,1.65543,0.601797,0.356878,0.637943,0.36698,0.34219,7.135215,-2.26677,-0.868633,1.439658,1.117984,0.860183,-1.513724,-0.334741,-0.190926,-0.819461,-1.150685,2.910163,-1.217644,2.053658
95076,2028,0,0.528502,0.297874,1.54861,0.597843,0.356878,0.637943,0.36698,0.34219,7.135215,-2.231359,-0.868633,1.406077,1.126123,0.837648,-2.051039,-0.500324,-0.27053,-0.677722,-1.122058,2.873335,-1.217644,2.045656
95076,2029,0,0.449304,0.297874,1.479884,0.595276,0.356878,0.637943,0.36698,0.34219,7.135215,-2.209639,-0.868633,1.378537,1.132896,0.818226,-2.49549,-0.636897,-0.327277,-0.605421,-1.096,2.839113,-1.217644,2.047822
95110,2015,0,-1.404303,0.297879,-0.088064,0.179417,0.128012,-0.906965,0.23071,-0.269897,-0.156517,-0.048339,-0.051186,-0.821596,-0.191511,0.026953,-0.748855,-0.476663,-1.610767,-0.31835,0.842373,-1.206574,0.846421,-0.172987
95110,2016,0,-1.311151,0.297879,0.095415,0.496036,0.013578,-0.542304,0.23071,-0.269897,-0.156517,-0.074825,-0.145851,-0.452198,-0.250695,0.010785,-0.697759,-0.646746,-1.497946,-0.565809,0.757403,-1.16727,0.846421,-0.375421
95110,2017,0,-1.256665,0.848376,-0.455022,0.541267,-0.100857,-0.750033,0.23071,-0.269897,-0.156517,-0.030183,-0.179743,-0.369248,-0.183688,0.187189,-1.974971,-0.599964,-1.391095,-0.584285,0.631043,-1.131467,0.846421,-0.081394
95110,2018,0,-1.190755,0.922663,-0.638501,0.63173,-0.100857,-0.861789,0.23071,-0.269897,-0.156517,-0.081516,-0.216387,-0.281041,-0.141143,0.12845,-1.429037,-0.373493,-1.355484,-0.530503,0.437532,-1.09333,0.846421,0.537182
95110,2019,0,-1.218876,0.80495,-0.638501,0.541267,0.051723,-1.228432,0.23071,-0.269897,-0.156517,-0.032763,-0.248215,0.184562,-0.181024,0.233336,-0.710702,0.041705,-1.291574,-0.403188,0.320315,-1.087882,0.846421,0.668017
95110,2020,1,-1.16527,0.591323,-0.455022,0.722193,0.051723,-1.220504,0.23071,-0.269897,-0.156517,0.106661,-0.311955,0.165999,-0.220905,0.315051,-0.250968,0.145504,-1.31776,0.194643,-0.003122,-1.101502,0.846421,0.019717
95110,2021,1,-1.158239,0.583893,-0.455022,0.676961,0.166157,-1.259711,0.23071,-0.269897,-0.156517,0.079328,-0.234709,0.288765,-0.233492,0.377718,-0.021101,0.220994,-1.322961,-0.054193,0.005544,-1.086714,0.846421,0.306273
95110,2022,1,-1.203058,0.580592,-0.638501,0.812655,0.128012,-1.2521,0.23071,-0.269897,-0.156517,-0.057432,-0.262365,0.289411,-0.267255,0.351278,0.007632,0.268176,-1.337752,-0.408772,-0.219081,-1.099167,0.846421,0.290639
95110,2023,0,-1.088814,1.179277,-0.088064,1.038812,0.051723,-1.226255,0.23071,-0.269897,-0.156517,-0.053151,-0.307697,0.653082,-0.170978,0.346287,0.065099,0.277612,-1.272564,-1.066681,-0.248337,-1.064532,0.846421,0.192506
95110,2024,0,-1.088814,1.179277,-0.088064,1.038812,0.051723,-0.989838,0.23071,-0.269897,-0.156517,-0.102644,-0.268085,0.686489,-0.242466,0.330464,-0.021101,0.211558,-1.015631,-1.545631,-0.36072,-0.95012,0.846421,0.168272
95110,2025,0,-1.113458,1.139857,-0.3834,0.668162,0.05067,-0.906966,0.230711,-0.269897,-0.156517,-0.029521,-0.240559,0.598841,-0.208376,0.305901,-0.64389,-0.031866,-0.987548,-0.938927,-0.316154,-0.937691,0.846421,-0.078177
95110,2026,0,-1.133675,1.068223,-0.351494,0.668162,0.048682,-0.906966,0.230711,-0.269897,-0.156517,-0.029521,-0.226451,0.521986,-0.208376,0.286254,-1.326615,-0.287203,-1.007413,-0.553623,-0.274931,-1.015821,0.846421,-0.097267
95110,2027,0,-1.15026,0.973774,-0.351494,0.668162,0.048682,-0.906966,0.230711,-0.269897,-0.156517,-0.029521,-0.219226,0.454578,-0.208376,0.27055,-1.863492,-0.478649,-1.070515,-0.553623,-0.236798,-1.120503,0.846421,-0.094409
95110,2028,0,-1.163866,0.86706,-0.351494,0.668162,0.048682,-0.906966,0.230711,-0.269897,-0.156517,-0.029521,-0.215527,0.395465,-0.208376,0.257988,-2.094856,-0.552043,-1.166878,-0.553623,-0.201532,-1.183572,0.846421,-0.092322
95110,2029,0,-1.175028,0.758733,-0.351494,0.668162,0.048682,-0.906966,0.230711,-0.269897,-0.156517,-0.029521,-0.213635,0.343617,-0.208376,0.24794,-1.95462,-0.490056,-1.282773,-0.553623,-0.168911,-1.174655,0.846421,-0.090859
95111,2015,0,-0.272408,-0.58352,0.829332,-0.091971,-0.177147,0.703627,0.195381,-0.494389,-0.184329,1.822865,0.038834,-2.798201,2.715272,-3.456474,-1.227111,-1.483795,-0.910564,-0.731864,-1.601496,0.528675,0.733089,-0.729495
95111,2016,0,-0.10983,-0.58352,1.19629,-0.046739,-0.215292,0.381509,0.195381,-0.494389,-0.184329,1.421709,0.218874,-2.007503,2.294212,-2.983623,-0.868877,-0.924501,-0.780755,-1.145058,-1.768884,0.735707,0.733089,-0.930055
95111,2017,0,0.002657,-0.058002,0.645853,-0.091971,-0.139002,0.381509,0.195381,-0.494389,-0.184329,1.329699,0.183046,-0.907323,1.838023,-2.666085,-1.19917,-0.505601,-0.672397,-1.301772,-1.836603,0.811981,0.733089,0.050637
95111,2018,0,0.123932,-0.011832,0.829332,-0.001508,-0.177147,0.381509,0.195381,-0.494389,-0.184329,1.127062,0.285367,-0.521317,1.796302,-2.376782,-0.739435,-0.364057,-0.544585,-1.297409,-1.819238,0.924448,0.733089,0.084536
95111,2019,0,0.087901,-0.224921,0.462373,-0.001508,0.051723,0.381509,0.195381,-0.494389,-0.184329,0.872006,0.116725,0.28646,1.857405,-2.136358,-0.595769,-0.231948,-0.456288,-1.586597,-1.826934,0.995663,0.733089,0.216647
95111,2020,1,0.257509,-0.13272,0.829332,-0.046739,-0.024567,0.05939,0.195381,-0.494389,-0.184329,1.113896,0.025673,0.14396,1.72434,-2.175704,-0.136035,0.051141,-0.419737,-1.592014,-1.943642,1.04314,0.733089,0.097484
95111,2021,1,0.321662,-0.317744,0.829332,0.088954,-0.139002,0.05939,0.195381,-0.494389,-0.184329,0.94807,0.090618,0.208103,1.588419,-2.074133,-0.021101,0.183249,-0.363638,-1.651954,-1.857919,1.076997,0.733089,-0.652951
95111,2022,1,0.408663,0.011127,1.379769,-0.091971,-0.024567,-0.262728,0.195381,-0.494389,-0.184329,0.848638,0.048296,-0.073439,1.682596,-2.005473,0.065099,0.211558,-0.326346,-1.637865,-1.884746,1.086337,0.733089,-0.338027
95111,2023,0,0.540483,0.16614,1.379769,0.088954,-0.215292,-0.262728,0.195381,-0.494389,-0.184329,0.604993,0.000942,-0.303359,1.87883,-1.869852,0.208766,0.202122,-0.184318,-1.991093,-2.031257,1.18635,0.733089,-0.275281
95111,2024,0,0.540483,0.106263,1.379769,0.088954,-0.215292,-0.262728,0.195381,-0.494389,-0.184329,0.923285,0.622393,-0.432971,1.3322,-2.010059,0.237499,0.249303,-0.097661,-3.061037,-2.060025,1.216704,0.733089,-0.558527
95111,2025,0,0.535304,-0.583524,0.976075,-0.010621,-0.127567,-0.205343,0.195382,-0.494389,-0.184329,0.98104,0.163133,-0.640713,0.666514,-2.207397,-0.063161,0.198175,-0.041233,-2.898443,-1.863111,1.181661,0.733089,-1.28296
95111,2026,0,0.503573,-0.583524,0.976075,-0.010621,-0.127567,-0.156235,0.195382,-0.494389,-0.184329,1.027761,0.163133,-0.85895,0.717187,-2.439023,-0.447429,0.078762,-0.016684,-2.755361,-1.863111,1.150702,0.733089,-1.045709
95111,2027,0,0.447863,-0.583524,0.976075,-0.010621,-0.127567,-0.114211,0.195382,-0.494389,-0.184329,1.065573,0.163133,-1.039205,1.185713,-2.682694,-0.82122,-0.068987,-0.023732,-2.629449,-1.863111,1.12335,0.733089,-0.978537
95111,2028,0,0.37212,-0.583524,0.976075,-0.010621,-0.127567,-0.078248,0.195382,-0.494389,-0.184329,1.096156,0.163133,-1.156191,1.712453,-2.91836,-1.09698,-0.206146,-0.060275,-2.518647,-1.863111,1.099185,0.733089,-0.963369
95111,2029,0,0.281384,-0.583524,0.976075,-0.010621,-0.127567,-0.047472,0.195382,-0.494389,-0.184329,1.12091,0.163133,-1.205664,2.052295,-3.129344,-1.214019,-0.303481,-0.122616,-2.421141,-1.863111,1.077835,0.733089,-0.92729
95112,2015,0,-0.927114,2.942073,3.031081,1.491124,1.348649,0.05939,0.356886,-0.713952,-0.143581,1.11713,2.056775,-4.178089,2.22497,-1.89636,-1.690007,0.147788,-1.126334,-0.296965,-0.715104,0.268719,0.97604,0.448633
95112,2016,0,-0.823416,1.432731,1.663034,1.19634,0.757512,0.439224,0.356886,-0.713952,-0.143581,1.11713,2.056775,-4.178089,2.22497,-1.89636,-1.291135,-0.28547,-1.13819,-0.789422,-0.715104,0.296738,0.97604,0.467735
95112,2017,0,-0.666111,0.766824,1.120365,0.722235,0.466993,0.792044,0.356886,-0.713952,-0.143581,1.11713,2.056775,-4.178089,2.22497,-1.89636,-2.492172,-1.081216,-0.994931,-0.750408,-0.715104,0.491316,0.97604,-0.222149
95112,2018,0,-0.609867,0.713829,1.18619,0.791803,0.504441,0.72395,0.356886,-0.713952,-0.143581,0.768385,1.901638,-3.414512,2.117653,-1.618213,-1.745104,-0.826436,-0.880793,-0.782749,-0.76277,0.639585,0.97604,0.043802
95112,2019,0,-0.531654,0.668226,1.157683,0.88862,0.61342,0.741354,0.356886,-0.713952,-0.143581,0.543673,1.854972,-2.691885,1.956853,-1.244928,-1.486503,-0.675455,-0.790804,-0.867836,-0.956617,0.806144,0.97604,0.144077
95112,2020,1,-0.572079,4.704869,2.297165,1.717281,1.081635,0.703627,0.356886,-0.713952,-0.143581,0.726192,1.030428,-2.187881,2.256306,-1.512855,-0.969302,-0.430111,-0.739333,-0.82572,-1.072333,0.701072,0.97604,-0.320413
95112,2021,1,-0.529896,4.704869,2.847602,1.807743,0.929055,0.381509,0.356886,-0.713952,-0.143581,0.526195,0.938473,-1.422557,2.009806,-1.157026,-0.452102,-0.184767,-0.601173,-0.812596,-1.073986,0.818208,0.97604,1.064218
95112,2022,1,-0.515836,2.942073,3.764998,2.0339,1.27236,0.381509,0.356886,-0.713952,-0.143581,0.445889,0.893184,-1.845934,1.687608,-0.812089,-0.193501,-0.109276,-0.563438,-1.627339,-1.035479,0.880862,0.97604,1.093252
95112,2023,0,-0.492108,3.823471,3.031081,1.852975,1.04349,0.381509,0.356886,-0.713952,-0.143581,0.284367,0.736025,-1.786053,1.727049,-0.695278,-0.164768,-0.005477,-0.469921,-2.103035,-0.993129,0.904601,0.97604,1.310894
95112,2024,0,-0.492108,3.823471,3.031081,1.852975,1.04349,0.381509,0.356886,-0.713952,-0.143581,0.525387,0.837099,-1.742866,1.484579,-0.88137,0.180033,0.15494,-0.555541,-2.721229,-0.850363,0.811203,0.97604,1.1929
95112,2025,0,-0.535678,3.823467,2.865949,1.867338,1.157925,0.36646,0.356886,-0.713952,-0.143581,0.576966,0.876926,-2.042535,1.991587,-0.982859,-0.111419,0.150358,-0.653231,-1.101342,-0.744749,0.768386,0.97604,0.970858
95112,2026,0,-0.596349,3.823467,2.865949,1.885358,1.157925,0.356536,0.356886,-0.713952,-0.143581,0.61722,0.91413,-2.497276,1.991587,-1.063475,-0.598909,0.011273,-0.778877,-1.101342,-0.703354,0.735095,0.97604,0.922576
95112,2027,0,-0.650479,3.823467,2.865949,1.90362,1.157925,0.349992,0.356886,-0.713952,-0.143581,0.648626,0.948882,-2.915554,1.991587,-1.127503,-1.186832,-0.210516,-0.908674,-1.101342,-0.725201,0.70921,0.97604,0.881977
95112,2028,0,-0.683587,3.823467,2.865949,1.921079,1.157925,0.345676,0.356886,-0.713952,-0.143581,0.673142,0.981311,-3.166971,1.991587,-1.178364,-1.763271,-0.456037,-1.018468,-1.101342,-0.788118,0.689084,0.97604,0.86092
95112,2029,0,-0.691978,3.823467,2.865949,1.937459,1.157925,0.34283,0.356886,-0.713952,-0.143581,0.692267,1.011633,-3.21021,1.991587,-1.218757,-2.221226,-0.672167,-1.088244,-1.101342,-0.86123,0.673436,0.97604,0.860601
95113,2015,0,-0.753112,0.297879,-1.00546,-0.137202,1.27236,-1.275804,0.382121,-0.597449,-0.203803,-0.048339,-0.051186,-0.821596,-0.191511,0.026953,-2.113634,-0.747964,-0.065443,-1.322577,0.842373,-1.55487,1.928503,-1.668885
95113,2016,0,-0.644141,0.297879,-0.638501,-0.091971,1.27236,-1.183998,0.382121,-0.597449,-0.203803,-0.074825,-0.145851,-0.452198,-0.250695,0.010785,-1.681687,-0.684877,-0.121435,-1.149884,0.757403,-1.546697,1.928503,-1.321418
95113,2017,0,-1.182846,1.375701,0.109877,0.360342,1.27236,-1.868175,0.382121,-0.597449,-0.203803,-0.030183,-0.179743,-0.369248,-0.183688,0.187189,-0.681969,0.230431,-0.602336,-0.652977,0.631043,-1.544751,1.928503,-0.178304
95113,2018,0,-1.222392,1.120312,0.112414,0.405574,1.386794,-1.951131,0.382121,-0.597449,-0.203803,-0.081516,-0.216387,-0.281041,-0.141143,0.12845,-0.078568,0.362539,-0.953697,0.020388,0.437532,-1.547086,1.928503,0.123061
95113,2019,0,-1.178452,0.602294,-0.504498,0.315111,1.348649,-2.005957,0.382121,-0.597449,-0.203803,-0.032763,-0.248215,0.184562,-0.181024,0.233336,-0.911836,0.088886,-0.980715,1.020492,0.320315,-1.541638,1.928503,-0.72003
95113,2020,1,-0.861204,1.23541,-0.142379,0.26988,1.04349,-1.58481,0.382121,-0.597449,-0.203803,0.106661,-0.311955,0.165999,-0.220905,0.315051,-1.342836,-0.062095,-0.739032,-1.639641,-0.003122,-1.515565,1.928503,-0.336452
95113,2021,1,-0.884053,1.646142,-0.0723,0.315111,0.814621,-1.464097,0.382121,-0.597449,-0.203803,0.079328,-0.234709,0.288765,-0.233492,0.377718,-2.319771,-0.194203,-0.76995,-2.798086,0.005544,-1.522959,1.928503,-0.461178
95113,2022,1,-0.972812,1.179277,-0.317862,0.179417,0.585751,-1.393648,0.382121,-0.597449,-0.203803,-0.057432,-0.262365,0.289411,-0.267255,0.351278,-2.463438,-0.345184,-0.704346,-3.260735,-0.219081,-1.527239,1.928503,-1.075588
95113,2023,0,-1.196906,1.179277,0.289245,0.134186,0.852766,-1.250278,0.382121,-0.597449,-0.203803,-0.053151,-0.307697,0.653082,-0.170978,0.346287,-2.549638,-0.307439,-0.899371,-6.309686,-0.248337,-1.517121,1.928503,-1.26995
95113,2024,0,-1.196906,1.179277,0.527235,0.134186,0.852766,-1.254835,0.382121,-0.597449,-0.203803,-0.102644,-0.268085,0.686489,-0.242466,0.330464,-1.658904,-0.175331,-0.858405,-6.879466,-0.36072,-1.512841,1.928503,-0.968002
95113,2025,0,-1.009318,1.13923,-0.675198,0.137448,0.910496,-1.782115,0.382121,-0.597449,-0.203803,-0.029521,-0.240559,0.598841,-0.208376,0.305901,-1.553455,-0.141906,-0.711379,-3.804888,-0.316154,-1.519377,1.928503,-1.116976
95113,2026,0,-1.009318,1.066428,-0.675198,0.178506,0.975742,-1.906079,0.382121,-0.597449,-0.203803,-0.029521,-0.226451,0.521986,-0.208376,0.286254,-1.475813,-0.114223,-0.579002,-1.626214,-0.274931,-1.523741,1.928503,-1.184959
95113,2027,0,-1.009318,0.970879,-0.675198,0.178506,1.027221,-1.889848,0.382121,-0.597449,-0.203803,-0.029521,-0.219226,0.454578,-0.208376,0.27055,-1.418646,-0.091295,-0.544922,-1.626214,-0.236798,-1.526656,1.928503,-1.245126
95113,2028,0,-1.009318,0.864085,-0.675198,0.178506,1.060241,-1.887612,0.382121,-0.597449,-0.203803,-0.029521,-0.215527,0.395465,-0.208376,0.257988,-1.376553,-0.072305,-0.609191,-1.626214,-0.201532,-1.528601,1.928503,-1.295097
95113,2029,0,-1.009318,0.757753,-0.675198,0.178506,1.07771,-1.890207,0.382121,-0.597449,-0.203803,-0.029521,-0.213635,0.343617,-0.208376,0.24794,-1.345561,-0.056577,-0.707226,-1.626214,-0.168911,-1.529901,1.928503,-1.348803
95116,2015,0,-0.051829,1.44971,1.930207,0.26988,-0.406016,-0.584846,0.452779,-0.770411,-0.198584,1.895364,1.179931,-3.596164,3.171212,-3.8149,-0.38992,-0.205122,-0.728438,-1.166139,-1.796508,0.324757,1.372023,0.675235
95116,2016,0,0.022869,1.220937,1.379769,0.450805,-0.215292,-0.584846,0.452779,-0.770411,-0.198584,1.499429,1.165695,-3.448949,3.29764,-3.575897,-0.568149,-0.2415,-0.704923,-1.158405,-1.777935,0.404145,1.372023,0.621995
95116,2017,0,-0.035131,1.866053,1.563248,0.315111,-0.177147,-0.119427,0.452779,-0.770411,-0.198584,1.66902,1.202812,-3.59426,3.413309,-3.718693,-3.181773,-1.052907,-0.725065,-1.571872,-1.978643,0.393638,1.372023,0.430727
95116,2018,0,-0.027222,1.841229,1.746727,0.26988,-0.367871,-0.262728,0.452779,-0.770411,-0.198584,1.510224,0.730907,-2.811526,3.464072,-3.779048,-2.750772,-0.873617,-0.681684,-1.48115,-2.050459,0.440337,1.372023,0.32733
95116,2019,0,-0.045677,1.567807,1.930207,0.224648,-0.253437,-0.262728,0.452779,-0.770411,-0.198584,1.388162,0.909571,-2.422359,3.49551,-3.756722,-1.917504,-0.53391,-0.630449,-1.501656,-2.092137,0.49404,1.372023,0.117796
95116,2020,1,-0.040404,1.165234,1.19629,0.134186,-0.367871,-0.262728,0.452779,-0.770411,-0.198584,1.424073,0.286356,-2.917213,3.808463,-3.844333,-1.486503,-0.298003,-0.651292,-1.716374,-1.967213,0.409982,1.372023,0.349264
95116,2021,1,0.084385,1.086587,1.012811,0.224648,-0.291582,-0.262728,0.452779,-0.770411,-0.198584,1.770531,0.403472,-2.076169,3.077938,-3.804126,-0.911836,-0.118713,-0.497875,-2.040872,-2.058724,0.444228,1.372023,0.563344
95116,2022,1,0.349783,0.84514,1.379769,0.134186,-0.253437,0.381509,0.452779,-0.770411,-0.198584,1.303444,0.287431,-2.563671,3.113123,-3.268983,-0.480835,-0.156458,-0.312116,-2.25286,-1.998441,0.618181,1.372023,0.328313
95116,2023,0,0.519392,0.806987,1.379769,-0.001508,-0.215292,0.05939,0.452779,-0.770411,-0.198584,1.140652,0.100467,-2.24633,2.864117,-2.767477,-0.222235,-0.052659,-0.147685,-2.695803,-1.982821,0.696791,1.372023,0.395114
95116,2024,0,0.519392,0.866276,1.379769,-0.001508,-0.215292,0.05939,0.452779,-0.770411,-0.198584,0.996431,-0.260171,-2.043233,2.730996,-2.558827,-0.279701,-0.043222,-0.000605,-3.557979,-2.001839,0.768007,1.372023,0.345927
95116,2025,0,0.130236,1.296915,1.489856,0.202027,-0.276324,-0.214413,0.452779,-0.770411,-0.198584,1.459514,-0.034369,-2.409349,3.243682,-3.487815,-0.557824,-0.373973,-0.062087,-3.41046,-1.981911,0.487353,1.372023,0.45092
95116,2026,0,0.130236,1.318999,1.489856,0.202027,-0.276324,-0.214413,0.452779,-0.770411,-0.198584,1.459514,0.128639,-2.595087,3.243682,-3.487815,-0.984807,-0.756995,-0.114548,-3.279251,-1.970562,0.487353,1.372023,0.437267
95116,2027,0,0.130236,1.391908,1.489856,0.202027,-0.276324,-0.214413,0.452779,-0.770411,-0.198584,1.459514,0.246271,-2.689336,3.243682,-3.487815,-1.475686,-1.067652,-0.159312,-3.162549,-1.964096,0.487353,1.372023,0.425928
95116,2028,0,0.130236,1.512231,1.489856,0.202027,-0.276324,-0.214413,0.452779,-0.770411,-0.198584,1.459514,0.331216,-2.73715,3.243682,-3.487815,-1.947046,-1.205932,-0.197508,-3.058749,-1.960416,0.487353,1.372023,0.419866
95116,2029,0,0.130236,1.665269,1.489856,0.202027,-0.276324,-0.214413,0.452779,-0.770411,-0.198584,1.459514,0.392548,-2.761406,3.243682,-3.487815,-2.329545,-1.128627,-0.2301,-2.966425,-1.958324,0.487353,1.372023,0.420478
95117,2015,0,-1.045753,-0.532845,-0.82198,-0.679977,-1.05448,-0.584846,0.397262,-0.907974,-0.203803,-0.048339,-0.051186,-0.821596,-0.191511,0.026953,0.34499,0.267681,-0.797052,0.198354,0.842373,-0.522826,0.750733,0.306047
95117,2016,0,-0.723233,-0.62496,-1.00546,-0.544284,-0.9019,-0.584846,0.397262,-0.907974,-0.203803,-0.074825,-0.145851,-0.452198,-0.250695,0.010785,-0.315498,0.292808,-0.711213,-0.195208,0.757403,-0.471847,0.750733,-0.519736
95117,2017,0,-0.643262,-0.456146,-0.675763,-0.544284,-0.82561,0.194213,0.397262,-0.907974,-0.203803,-0.030183,-0.179743,-0.369248,-0.183688,0.187189,-1.055503,-0.420675,-0.696465,-0.031738,0.631043,-0.481186,0.750733,-0.428298
95117,2018,0,-0.532533,-0.616137,-0.685931,-0.634746,-0.74932,0.25565,0.397262,-0.907974,-0.203803,-0.081516,-0.216387,-0.281041,-0.141143,0.12845,-0.854369,-0.477292,-0.620736,0.073969,0.437532,-0.423591,0.750733,-0.371379
95117,2019,0,-0.583503,-0.561631,-0.455022,-0.725209,-0.787465,0.139106,0.397262,-0.907974,-0.203803,-0.032763,-0.248215,0.184562,-0.181024,0.233336,-0.538302,-0.326312,-0.623423,-0.096109,0.320315,-0.399463,0.750733,-0.249694
95117,2020,1,-0.574715,-0.486801,-0.455022,-0.725209,-0.82561,-0.039916,0.397262,-0.907974,-0.203803,0.106661,-0.311955,0.165999,-0.220905,0.315051,-0.021101,0.032268,-0.709785,-0.217284,-0.003122,-0.407247,0.750733,0.173882
95117,2021,1,-0.848901,-0.491845,-0.529824,-0.725209,-0.82561,-0.28637,0.397262,-0.907974,-0.203803,0.079328,-0.234709,0.288765,-0.233492,0.377718,0.352433,0.173813,-0.838775,-0.358076,0.005544,-0.564466,0.750733,0.367489
95117,2022,1,-0.547472,-0.497782,-0.561917,-0.679977,-0.863755,0.05939,0.397262,-0.907974,-0.203803,-0.057432,-0.262365,0.289411,-0.267255,0.351278,0.237499,0.145504,-0.621057,-0.496076,-0.219081,-0.439157,0.750733,0.235205
95117,2023,0,-0.437622,-0.433336,-0.340094,-0.679977,-0.940045,0.703627,0.397262,-0.907974,-0.203803,-0.053151,-0.307697,0.653082,-0.170978,0.346287,0.611033,0.381412,-0.365883,-0.932548,-0.248337,-0.34576,0.750733,0.27942
95117,2024,0,-0.437622,-0.242725,-0.209795,-0.679977,-0.940045,0.703627,0.397262,-0.907974,-0.203803,-0.102644,-0.268085,0.686489,-0.242466,0.330464,0.524833,0.466338,-0.197541,-1.353045,-0.36072,-0.263648,0.750733,0.308466
95117,2025,0,-0.637418,-0.698573,-0.508842,-0.661654,-0.95568,0.529128,0.397262,-0.907974,-0.203803,-0.029521,-0.240559,0.598841,-0.208376,0.305901,0.127151,0.279349,-0.619213,-0.32933,-0.316154,-0.435835,0.750733,-0.41251
95117,2026,0,-0.637418,-0.552816,-0.57659,-0.665967,-0.980882,0.225982,0.397262,-0.907974,-0.203803,-0.029521,-0.226451,0.521986,-0.208376,0.286254,-0.4155,-0.02982,-0.619213,-0.32933,-0.274931,-0.435835,0.750733,-0.395561
95117,2027,0,-0.637418,-0.400929,-0.621227,-0.665967,-1.010656,-0.137291,0.397262,-0.907974,-0.203803,-0.029521,-0.219226,0.454578,-0.208376,0.27055,-0.906775,-0.300077,-0.619213,-0.32933,-0.236798,-0.435835,0.750733,-0.406927
95117,2028,0,-0.637418,-0.270181,-0.62625,-0.665967,-1.041163,-0.484585,0.397262,-0.907974,-0.203803,-0.029521,-0.215527,0.395465,-0.208376,0.257988,-1.18905,-0.429093,-0.619213,-0.32933,-0.201532,-0.435835,0.750733,-0.416605
95117,2029,0,-0.637418,-0.199437,-0.598862,-0.665967,-1.069676,-0.747832,0.397262,-0.907974,-0.203803,-0.029521,-0.213635,0.343617,-0.208376,0.24794,-1.191538,-0.40042,-0.619213,-0.32933,-0.168911,-0.435835,0.750733,-0.424847
95118,2015,0,-0.232862,0.775426,0.462373,0.179417,-0.253437,-0.584846,0.235757,-0.848826,-0.202275,-0.048339,-0.051186,-0.821596,-0.191511,0.026953,-0.342707,0.980901,-0.372993,0.217537,0.842373,-0.136004,0.736482,-0.344713
95118,2016,0,-0.256589,0.70061,0.278894,0.586499,-0.215292,0.381509,0.235757,-0.848826,-0.202275,-0.074825,-0.145851,-0.452198,-0.250695,0.010785,-0.232147,0.304087,-0.388172,0.201297,0.757403,-0.13328,0.736482,0.08532
95118,2017,0,-0.123012,0.610234,-0.455022,0.857886,-0.329726,0.05939,0.235757,-0.848826,-0.202275,-0.030183,-0.179743,-0.369248,-0.183688,0.187189,-0.739435,-0.213076,-0.229287,0.301062,0.631043,-0.0644,0.736482,0.006463
95118,2018,0,-0.155527,0.857062,0.095415,0.857886,-0.291582,0.05939,0.235757,-0.848826,-0.202275,-0.081516,-0.216387,-0.281041,-0.141143,0.12845,-0.480835,-0.090404,-0.251708,0.275297,0.437532,-0.065178,0.736482,0.074513
95118,2019,0,-0.088738,0.515755,-0.271543,0.812655,-0.367871,0.703627,0.235757,-0.848826,-0.202275,-0.032763,-0.248215,0.184562,-0.181024,0.233336,-0.250968,0.013396,-0.138954,0.318797,0.320315,-0.025095,0.736482,0.083313
95118,2020,1,-0.1608,0.423833,-0.455022,0.857886,-0.329726,0.703627,0.235757,-0.848826,-0.202275,0.106661,-0.311955,0.165999,-0.220905,0.315051,0.237499,0.239867,-0.063829,0.134549,-0.003122,-0.014977,0.736482,0.277904
95118,2021,1,-0.082587,0.600062,-0.271543,0.948349,-0.367871,0.703627,0.235757,-0.848826,-0.202275,0.079328,-0.234709,0.288765,-0.233492,0.377718,0.266233,0.324794,-0.139837,-0.209086,0.005544,-0.035213,0.736482,0.308346
95118,2022,1,-0.037768,0.698802,-0.271543,1.038812,-0.367871,1.025746,0.235757,-0.848826,-0.202275,-0.057432,-0.262365,0.289411,-0.267255,0.351278,0.467366,0.390848,-0.110243,-0.185121,-0.219081,0.012653,0.736482,0.712763
95118,2023,0,-0.01404,0.686478,-0.271543,1.084043,-0.215292,0.703627,0.235757,-0.848826,-0.202275,-0.053151,-0.307697,0.653082,-0.170978,0.346287,0.639767,0.428593,-0.053438,-0.27668,-0.248337,0.039505,0.736482,0.670888
95118,2024,0,-0.01404,0.704546,-0.271543,1.084043,-0.215292,0.703627,0.235757,-0.848826,-0.202275,-0.102644,-0.268085,0.686489,-0.242466,0.330464,0.697233,0.43803,-0.024131,-0.294442,-0.36072,0.032111,0.736482,0.715688
95118,2025,0,-0.116733,0.545881,-0.143107,1.026981,-0.295376,0.445932,0.235758,-0.848826,-0.202275,-0.029521,-0.240559,0.598841,-0.208376,0.305901,0.637555,0.396019,-0.066225,-0.125504,-0.316154,0.012555,0.736482,0.10094
95118,2026,0,-0.116733,0.4843,-0.143107,0.909039,-0.295376,0.445932,0.235758,-0.848826,-0.202275,-0.029521,-0.226451,0.521986,-0.208376,0.286254,0.511659,0.319765,-0.097277,0.064069,-0.274931,-0.001898,0.736482,0.100435
95118,2027,0,-0.116733,0.41899,-0.143107,0.771486,-0.295376,0.445932,0.235758,-0.848826,-0.202275,-0.029521,-0.219226,0.454578,-0.208376,0.27055,0.360746,0.228249,-0.120184,0.161938,-0.236798,-0.012579,0.736482,0.098587
95118,2028,0,-0.116733,0.366361,-0.143107,0.649309,-0.295376,0.445932,0.235758,-0.848826,-0.202275,-0.029521,-0.215527,0.395465,-0.208376,0.257988,0.214303,0.138902,-0.137083,0.150219,-0.201532,-0.020474,0.736482,0.096168
95118,2029,0,-0.116733,0.33659,-0.143107,0.56519,-0.295376,0.445932,0.235758,-0.848826,-0.202275,-0.029521,-0.213635,0.343617,-0.208376,0.24794,0.090418,0.06521,-0.149549,0.078301,-0.168911,-0.026308,0.736482,0.093616
95119,2015,0,-0.163436,-0.58352,-1.00546,-0.544284,-1.05448,-0.552998,0.478014,0.333677,-0.14533,-0.048339,-0.051186,-0.821596,-0.191511,0.026953,-0.103919,-0.572726,-0.565425,-0.263693,0.842373,-1.163378,0.094834,-0.495781
95119,2016,0,0.043961,-0.58352,-1.00546,-0.634746,-1.05448,-0.584846,0.478014,0.333677,-0.14533,-0.074825,-0.145851,-0.452198,-0.250695,0.010785,0.084922,-0.491181,-0.481366,-0.015155,0.757403,-1.155595,0.094834,-0.334451
95119,2017,0,-0.085223,-0.094216,-0.899843,-0.589515,-0.842584,-1.479444,0.478014,0.333677,-0.14533,-0.030183,-0.179743,-0.369248,-0.183688,0.187189,0.4961,0.532393,-0.365145,0.656093,0.631043,-1.131856,0.094834,-0.032913
95119,2018,0,0.127447,0.035061,-0.870662,-0.544284,-0.78691,-1.492931,0.478014,0.333677,-0.14533,-0.081516,-0.216387,-0.281041,-0.141143,0.12845,0.5823,0.617319,-0.116459,0.444858,0.437532,-1.105004,0.094834,-0.069947
95119,2019,0,0.376147,-0.080063,-1.034372,-0.589515,-0.678318,-1.540943,0.478014,0.333677,-0.14533,-0.032763,-0.248215,0.184562,-0.181024,0.233336,0.984567,0.683374,0.206877,0.8997,0.320315,-1.07465,0.094834,-0.018728
95119,2020,1,-0.067647,-0.023801,-0.7917,-0.634746,-0.516301,-1.585506,0.478014,0.333677,-0.14533,0.106661,-0.311955,0.165999,-0.220905,0.315051,0.955834,0.69281,0.194415,0.28632,-0.003122,-1.090606,0.094834,-0.124241
95119,2021,1,0.101083,0.054256,-0.794151,-0.589515,-0.486517,-1.536425,0.478014,0.333677,-0.14533,0.079328,-0.234709,0.288765,-0.233492,0.377718,0.984567,0.730555,0.370968,0.196147,0.005544,-1.060641,0.094834,-0.152223
95119,2022,1,0.088779,-0.156595,-1.052038,-0.77044,-0.97819,-1.565778,0.478014,0.333677,-0.14533,-0.057432,-0.262365,0.289411,-0.267255,0.351278,0.9271,0.711682,0.22929,0.204021,-0.219081,-1.087492,0.094834,-0.231951
95119,2023,0,0.043082,-0.215299,-1.108851,-0.77044,-0.97819,-1.607777,0.478014,0.333677,-0.14533,-0.053151,-0.307697,0.653082,-0.170978,0.346287,0.869634,0.607883,0.211102,0.317389,-0.248337,-1.076596,0.094834,-0.251157
95119,2024,0,0.043082,-0.245834,-1.111236,-0.77044,-0.97819,-1.606872,0.478014,0.333677,-0.14533,-0.102644,-0.268085,0.686489,-0.242466,0.330464,0.8409,0.636192,0.067064,0.193794,-0.36072,-1.078153,0.094834,-0.197235
95119,2025,0,0.050745,-0.583524,-1.005461,-0.643814,-0.982857,-0.584848,0.478014,0.333676,-0.14533,-0.029521,-0.240559,0.598841,-0.208376,0.305901,0.812491,0.641008,-0.077715,0.291948,-0.316154,-1.088041,0.094834,0.074592
95119,2026,0,0.050745,-0.583524,-1.005461,-0.643814,-0.991325,-0.584848,0.478014,0.333676,-0.14533,-0.029521,-0.226451,0.521986,-0.208376,0.286254,0.790929,0.635695,-0.231254,0.291948,-0.274931,-1.094505,0.094834,0.072013
95119,2027,0,0.050745,-0.583524,-1.005461,-0.643814,-1.00224,-0.584848,0.478014,0.333676,-0.14533,-0.029521,-0.219226,0.454578,-0.208376,0.27055,0.774565,0.628283,-0.374668,0.291948,-0.236798,-1.09873,0.094834,0.065952
95119,2028,0,0.050745,-0.583524,-1.005461,-0.643814,-1.013979,-0.584848,0.478014,0.333676,-0.14533,-0.029521,-0.215527,0.395465,-0.208376,0.257988,0.762145,0.622376,-0.491038,0.291948,-0.201532,-1.101491,0.094834,0.05981
95119,2029,0,0.050745,-0.583524,-1.005461,-0.643814,-1.02488,-0.584848,0.478014,0.333676,-0.14533,-0.029521,-0.213635,0.343617,-0.208376,0.24794,0.752719,0.618838,-0.567378,0.291948,-0.168911,-1.103296,0.094834,0.053682
95120,2015,0,0.514119,-1.224088,-1.00546,-0.77044,-0.673031,0.05939,-1.359099,1.396988,-0.203803,-0.200375,-0.578918,0.767256,-1.224209,0.676283,0.182528,-0.003012,0.416962,0.96294,1.384777,0.43878,-1.151817,-0.416884
95120,2016,0,0.67494,-0.98471,-0.82198,-0.815671,-0.711175,-0.262728,-1.359099,1.396988,-0.203803,-0.415916,-0.401932,1.116101,-1.232055,0.766445,0.315463,0.370535,0.508357,0.897728,1.328618,0.524784,-1.151817,-0.293812
95120,2017,0,0.742607,-0.801986,-0.271543,-0.77044,-0.520451,0.059067,-1.359099,1.396988,-0.203803,-0.485751,-0.424297,1.006572,-1.338987,0.872573,0.294966,0.371975,0.611885,0.901129,1.206453,0.585881,-1.151817,-0.4922
95120,2018,0,0.798851,-0.874929,-0.455022,-0.725209,-0.520451,0.067756,-1.359099,1.396988,-0.203803,-0.377503,-0.514532,1.104243,-1.32473,1.06088,0.3237,0.390848,0.61259,0.831595,1.134929,0.575374,-1.151817,-0.497842
95120,2019,0,0.874428,-0.78609,-0.271543,-0.725209,-0.482306,0.018803,-1.359099,1.396988,-0.203803,-0.210276,-0.484812,1.327597,-1.293157,1.023269,0.611033,0.522956,0.682007,0.812043,0.809698,0.622073,-1.151817,-0.369305
95120,2020,1,0.964944,-0.831003,-0.455022,-0.679977,-0.558596,-0.262728,-1.359099,1.396988,-0.203803,-0.307121,-0.511952,1.349426,-1.388317,1.020837,0.438633,0.485211,0.852136,0.848754,0.61041,0.832996,-1.151817,-0.518154
95120,2021,1,0.933307,-0.787677,-0.455022,-0.634746,-0.520451,-0.262728,-1.359099,1.396988,-0.203803,-0.168621,-0.676121,1.475877,-1.253525,0.930309,0.4099,0.504084,0.768976,0.728831,0.560722,0.772287,-1.151817,-0.489527
95120,2022,1,0.979005,-0.719758,-0.271543,-0.634746,-0.558596,0.105725,-1.359099,1.396988,-0.203803,-0.229048,-0.856332,1.780959,-1.373247,0.833294,0.553567,0.58901,0.922238,0.649675,0.517083,0.847394,-1.151817,-0.461751
95120,2023,0,0.956156,-0.565474,-0.271543,-0.40859,-0.558596,0.17565,-1.359099,1.396988,-0.203803,-0.078583,-0.60266,1.584254,-1.294343,0.697284,0.467366,0.551265,0.902531,0.654953,0.356497,0.847005,-1.151817,-0.448387
95120,2024,0,0.956156,-0.534784,-0.271543,-0.40859,-0.558596,0.173667,-1.359099,1.396988,-0.203803,-0.244547,-0.650831,1.872186,-1.335748,0.792511,0.438633,0.570138,1.069204,0.588682,0.396928,0.910438,-1.151817,-0.537497
95120,2025,0,0.939142,-0.412457,-0.455023,-0.44016,-0.566225,-0.230518,-1.359099,1.396988,-0.203803,-0.271819,-0.845494,1.809983,-1.30589,0.890439,0.412774,0.545879,1.018738,0.601353,0.510194,0.869874,-1.151817,-0.101813
95120,2026,0,0.923695,-0.434924,-0.455023,-0.467039,-0.566225,-0.230518,-1.359099,1.396988,-0.203803,-0.271819,-0.75156,1.754904,-1.30589,0.945482,0.412774,0.527764,0.975932,0.613653,0.655854,0.836699,-1.151817,-0.09268
95120,2027,0,0.909669,-0.454358,-0.455023,-0.489923,-0.566225,-0.230518,-1.359099,1.396988,-0.203803,-0.271819,-0.697798,1.706112,-1.30589,0.948085,0.412774,0.514237,0.939622,0.625592,0.799059,0.809566,-1.151817,-0.085555
95120,2028,0,0.896934,-0.471162,-0.455023,-0.509406,-0.566225,-0.230518,-1.359099,1.396988,-0.203803,-0.271819,-0.667002,1.66289,-1.30589,0.916049,0.412774,0.504135,0.908822,0.63718,0.915133,0.787375,-1.151817,-0.079945
95120,2029,0,0.885371,-0.485707,-0.455023,-0.525994,-0.566225,-0.230518,-1.359099,1.396988,-0.203803,-0.271819,-0.649411,1.624611,-1.30589,0.876515,0.412774,0.496592,0.882697,0.648428,0.991117,0.769227,-1.151817,-0.075519
95121,2015,0,0.03693,-0.350692,-0.271543,-0.227665,-0.062712,0.381509,0.144911,-0.598793,-0.193909,3.16038,1.742286,-2.206636,1.226656,-3.351573,-0.539302,-0.604259,-0.26291,-0.368241,-1.40668,-0.041439,0.536964,-0.062943
95121,2016,0,0.461391,-0.262791,-0.271543,-0.046739,-0.253437,0.703627,0.144911,-0.598793,-0.193909,3.16038,1.742286,-2.206636,1.226656,-3.351573,-0.36718,-0.634276,-0.120144,-0.338557,-1.40668,0.041451,0.536964,-0.010992
95121,2017,0,0.543998,-0.12664,-0.455022,-0.182433,-0.100857,0.05939,0.144911,-0.598793,-0.193909,2.555325,1.94125,-2.16558,1.47118,-2.962375,-0.222235,0.07945,-0.021175,-0.334826,-1.450807,0.099435,0.536964,0.219266
95121,2018,0,0.644182,-0.31192,-0.638501,-0.182433,0.051723,0.05939,0.144911,-0.598793,-0.193909,2.544422,1.550548,-1.560621,1.108852,-2.797643,0.093833,0.277612,0.148669,-0.178233,-1.503503,0.170262,0.536964,0.160043
95121,2019,0,0.793578,0.28371,0.27214,-0.046739,0.204302,0.05939,0.144911,-0.598793,-0.193909,2.59025,1.59859,-1.076349,0.878867,-2.8795,0.180033,0.33423,0.312212,-0.339508,-1.728984,0.262881,0.536964,0.21024
95121,2020,1,0.908701,0.342985,0.393484,0.043723,0.204302,0.381509,0.144911,-0.598793,-0.193909,2.545261,1.871015,-1.539263,0.693967,-2.514453,0.381166,0.447466,0.343607,-0.679023,-1.73313,0.332151,0.536964,0.323581
95121,2021,1,0.986914,0.414157,0.516883,0.043723,0.166157,0.381509,0.144911,-0.598793,-0.193909,2.625391,1.363455,-1.732563,0.933231,-2.567476,0.4961,0.475775,0.401061,-0.982408,-1.880768,0.404534,0.536964,0.407437
95121,2022,1,1.189038,-0.136541,-0.638501,0.088954,0.051723,0.381509,0.144911,-0.598793,-0.193909,2.635108,1.248274,-1.478072,0.690377,-2.426775,0.4961,0.541829,0.573819,-1.083784,-1.934933,0.441504,0.536964,0.263281
95121,2023,0,1.371829,-0.085107,-0.638501,0.043723,-0.024567,-0.262728,0.144911,-0.598793,-0.193909,2.606119,1.033095,-1.62864,0.776856,-2.295584,0.467366,0.51352,0.692344,-1.800074,-1.985428,0.478085,0.536964,0.006702
95121,2024,0,1.371829,-0.128868,-0.638501,0.043723,-0.024567,-0.262728,0.144911,-0.598793,-0.193909,2.584845,0.67151,-1.327086,0.686855,-2.144842,0.553567,0.541829,0.675899,-1.917637,-2.00282,0.461351,0.536964,-0.047137
95121,2025,0,1.304031,-0.343755,-0.600044,-0.042219,-0.003089,0.187334,0.144911,-0.598794,-0.193909,2.647689,1.47541,-1.22283,0.802299,-2.246204,0.382987,0.463365,0.62719,-1.649037,-1.971836,0.421747,0.536964,-0.383225
95121,2026,0,1.191255,-0.269475,-0.549963,-0.042219,0.023469,0.187334,0.144911,-0.598794,-0.193909,2.685116,1.47541,-1.490349,0.870322,-2.330336,0.172303,0.362818,0.557151,-1.201236,-1.944087,0.363105,0.536964,-0.350164
95121,2027,0,1.05414,-0.201285,-0.513713,-0.042219,0.023469,0.187334,0.144911,-0.598794,-0.193909,2.707399,1.47541,-1.601013,0.910395,-2.40017,-0.021684,0.260205,0.475544,-0.771079,-1.919232,0.290384,0.536964,-0.316637
95121,2028,0,0.910028,-0.166719,-0.50423,-0.042219,0.023469,0.187334,0.144911,-0.598794,-0.193909,2.720665,1.47541,-1.646784,0.93401,-2.458138,-0.14909,0.17487,0.390584,-0.487121,-1.896968,0.209276,0.536964,-0.293094
95121,2029,0,0.772397,-0.17093,-0.519186,-0.042219,0.023469,0.187334,0.144911,-0.598794,-0.193909,2.728565,1.47541,-1.665732,0.947917,-2.506253,-0.179657,0.121892,0.308758,-0.391306,-1.877029,0.125777,0.536964,-0.279535
95122,2015,0,0.006172,1.988531,1.379769,1.717281,1.19607,-0.758332,0.286228,-0.63464,-0.202258,2.134474,0.865743,-2.161232,3.471534,-4.299961,-1.362714,-0.229623,-0.775455,-1.655105,-2.257324,0.345772,1.074103,0.514862
95122,2016,0,0.144144,2.343067,1.746727,1.762512,1.27236,-0.906965,0.286228,-0.63464,-0.202258,2.208013,0.482912,-1.816282,3.322665,-4.126678,-0.984093,0.093176,-0.759471,-1.604754,-2.334094,0.35589,1.074103,0.929794
95122,2017,0,0.310237,2.475316,1.563248,2.0339,1.157925,-0.001983,0.286228,-0.63464,-0.202258,1.97065,-0.082024,-1.038559,2.728614,-3.433378,-2.147371,-0.798127,-0.553591,-1.69241,-2.418295,0.437613,1.074103,0.722281
95122,2018,0,0.345389,1.974564,1.012811,2.124362,1.424939,-0.008376,0.286228,-0.63464,-0.202258,2.045367,-0.122797,-1.465743,2.574091,-3.373794,-1.572703,-0.505601,-0.558263,-1.78286,-2.368265,0.483922,1.074103,0.660985
95122,2019,0,0.529059,1.904929,1.012811,1.762512,1.653809,-0.261659,0.286228,-0.63464,-0.202258,1.853809,-0.085293,-1.437418,2.774252,-3.176928,-0.883102,-0.213076,-0.474511,-1.367136,-2.3957,0.546966,1.074103,1.562926
95122,2020,1,0.834882,2.080179,1.379769,1.898206,1.348649,-0.296147,0.286228,-0.63464,-0.202258,1.147435,-0.3769,-0.648082,2.809596,-2.964687,-0.624502,-0.118713,-0.264562,-1.634833,-2.335362,0.625964,1.074103,1.091311
95122,2021,1,0.695152,2.004124,1.012811,2.169594,1.348649,-0.504875,0.286228,-0.63464,-0.202258,1.301226,-0.533155,-0.8034,3.018088,-2.932576,-0.250968,0.145504,-0.279674,-1.793497,-2.327401,0.581211,1.074103,1.010605
95122,2022,1,0.757547,2.455374,1.746727,2.214825,1.424939,-0.354948,0.286228,-0.63464,-0.202258,1.383235,-0.484941,-1.096432,3.132765,-2.950464,-0.107301,0.173813,-0.226462,-2.045712,-2.364434,0.634137,1.074103,1.262067
95122,2023,0,0.885852,2.345024,1.930207,2.39575,1.424939,-0.123394,0.286228,-0.63464,-0.202258,1.36909,-0.496468,-1.111695,2.922297,-2.772318,0.036366,0.239867,-0.157581,-2.441749,-2.383283,0.714692,1.074103,0.634491
95122,2024,0,0.885852,2.315027,1.930207,2.39575,1.424939,-0.041304,0.286228,-0.63464,-0.202258,1.104071,-0.596939,-1.01212,2.978399,-2.558708,0.208766,0.277612,-0.014153,-3.553505,-2.419937,0.770341,1.074103,0.568874
95122,2025,0,0.832,2.092067,1.471207,2.171701,1.367721,-0.906966,0.286228,-0.634641,-0.202258,1.266963,-0.582101,-1.259014,2.995862,-2.657069,0.181797,0.202947,-0.059731,-1.84816,-2.360445,0.738085,1.074102,0.760687
95122,2026,0,0.785304,2.023866,1.471207,2.037121,1.367721,-0.906966,0.286228,-0.634641,-0.202258,1.380855,-0.460125,-1.259014,2.967664,-2.743378,-0.000325,0.059211,-0.099846,-1.84816,-2.360445,0.710726,1.074102,0.747061
95122,2027,0,0.744813,2.066501,1.471207,2.037121,1.367721,-0.906966,0.286228,-0.634641,-0.202258,1.460477,-0.364987,-1.259014,2.929047,-2.819108,-0.279229,-0.109275,-0.135151,-1.84816,-2.360445,0.687521,1.074102,0.71481
95122,2028,0,0.709702,2.123542,1.471207,2.037121,1.367721,-0.906966,0.286228,-0.634641,-0.202258,1.516152,-0.290794,-1.259014,2.916732,-2.885553,-0.593925,-0.265479,-0.166225,-1.84816,-2.360445,0.667839,1.074102,0.674571
95122,2029,0,0.679257,2.184603,1.471207,2.037121,1.367721,-0.906966,0.286228,-0.634641,-0.202258,1.555081,-0.232903,-1.259014,2.935888,-2.943851,-0.890398,-0.384424,-0.193573,-1.84816,-2.360445,0.651146,1.074102,0.635036
95123,2015,0,-0.289105,-0.58352,1.379769,1.310199,0.280592,2.314219,0.402309,-0.61134,-0.193203,-1.174247,0.655038,0.497066,-0.320501,0.336816,0.520217,-0.588415,-0.401927,0.217726,0.034181,1.249782,0.198665,-0.26115
95123,2016,0,-0.158164,-0.58352,0.829332,1.264968,0.509461,2.636338,0.402309,-0.61134,-0.193203,-1.118625,0.977655,0.414675,-0.423088,0.429716,0.185847,-0.708473,-0.411346,0.051852,-0.019685,1.31555,0.198665,0.074287
95123,2017,0,-0.053586,-0.333882,0.645853,1.310199,0.662041,2.314219,0.402309,-0.61134,-0.193203,-1.138829,0.472546,0.655352,-0.519545,0.55184,0.065099,0.173813,-0.246371,0.048291,-0.247681,1.521414,0.198665,-0.077034
95123,2018,0,-0.058859,-0.517654,0.462373,1.355431,0.738331,2.314219,0.402309,-0.61134,-0.193203,-1.229684,0.382656,0.697159,-0.442729,0.653232,0.237499,0.230431,-0.166668,0.284273,-0.391591,1.64322,0.198665,-0.095725
95123,2019,0,-0.124769,-0.485929,0.462373,1.400662,0.700186,1.992101,0.402309,-0.61134,-0.193203,-1.190662,0.085156,0.724524,-0.355291,0.703943,0.3237,0.230431,-0.247971,0.22646,-0.323595,1.612866,0.198665,-0.100537
95123,2020,1,-0.156406,-0.701968,0.462373,1.174505,0.776476,2.314219,0.402309,-0.61134,-0.193203,-1.058969,-0.057164,0.58391,-0.420898,0.492375,0.4099,0.324794,-0.19754,0.072639,-0.499199,1.615979,0.198665,-0.14741
95123,2021,1,-0.240771,-0.657026,0.278894,1.264968,0.700186,2.636338,0.402309,-0.61134,-0.193203,-0.965866,-0.164861,0.705891,-0.442086,0.581744,0.4961,0.390848,-0.214422,0.257537,-0.572896,1.67552,0.198665,0.306911
95123,2022,1,-0.206498,0.123204,1.379769,1.400662,0.700186,1.992101,0.402309,-0.61134,-0.193203,-0.883935,-0.186753,0.760568,-0.458318,0.618793,0.553567,0.43803,-0.24095,0.054497,-0.58186,1.705096,0.198665,0.334282
95123,2023,0,-0.152891,0.422551,1.379769,1.536356,0.662041,1.992101,0.402309,-0.61134,-0.193203,-0.953908,-0.069035,0.792298,-0.403796,0.684737,0.467366,0.494647,-0.176973,-0.250883,-0.642767,1.765804,0.198665,0.694657
95123,2024,0,-0.152891,0.345804,1.379769,1.536356,0.662041,1.992101,0.402309,-0.61134,-0.193203,-0.851173,-0.17127,0.89348,-0.421327,0.640468,0.6685,0.598447,-0.0505,-0.593061,-0.863327,1.937033,0.198665,0.686881
95123,2025,0,-0.155292,-0.583524,0.865803,1.355866,0.64267,2.249793,0.402309,-0.61134,-0.193203,-0.724684,-0.109981,0.672676,-0.420819,0.563773,0.677115,0.623341,-0.107884,0.032796,-0.809526,1.832768,0.198665,0.242144
95123,2026,0,-0.167017,-0.583524,0.865803,1.355866,0.627194,2.249793,0.402309,-0.61134,-0.193203,-0.773685,-0.058412,0.672676,-0.420819,0.560279,0.636307,0.593786,-0.233321,0.032796,-0.762152,1.761506,0.198665,0.149488
95123,2027,0,-0.167017,-0.583524,0.865803,1.355866,0.614831,2.249793,0.402309,-0.61134,-0.193203,-0.814146,-0.014929,0.672676,-0.420819,0.560279,0.588551,0.534341,-0.233321,0.032796,-0.720447,1.712801,0.198665,0.104569
95123,2028,0,-0.167017,-0.583524,0.865803,1.355866,0.604954,2.249793,0.402309,-0.61134,-0.193203,-0.847554,0.02163,0.672676,-0.420819,0.560279,0.545425,0.46559,-0.233321,0.032796,-0.683724,1.679513,0.198665,0.108438
95123,2029,0,-0.167017,-0.583524,0.865803,1.355866,0.597064,2.249793,0.402309,-0.61134,-0.193203,-0.875142,0.052425,0.672676,-0.420819,0.560279,0.509215,0.402198,-0.233321,0.032796,-0.651395,1.656762,0.198665,0.128897
95124,2015,0,-0.276802,0.778555,1.746727,0.224648,-0.291582,0.381509,0.397262,-0.858236,-0.169447,-1.426493,-0.831387,-0.418738,-0.871939,0.889152,0.622165,0.948211,-0.249224,0.567498,1.837491,0.704963,0.681852,0.266312
95124,2016,0,-0.232862,0.837033,1.563248,0.496036,-0.139002,0.381509,0.397262,-0.858236,-0.169447,-1.501371,-0.738571,-0.177153,-0.659383,0.922191,0.538318,0.891421,-0.205912,0.741742,1.814343,0.717805,0.681852,0.248193
95124,2017,0,-0.093132,0.839235,1.19629,0.405574,-0.177147,0.703627,0.397262,-0.858236,-0.169447,-1.550879,-0.710916,-0.035194,-0.671913,0.980758,-0.049834,0.15494,-0.097562,0.774258,1.519213,0.785908,0.681852,0.914998
95124,2018,0,-0.059738,0.793194,1.379769,0.496036,-0.139002,1.025746,0.397262,-0.858236,-0.169447,-1.382235,-0.392943,0.166645,-0.817824,0.894247,0.036366,0.33423,-0.169459,0.693008,1.451515,0.771898,0.681852,0.578804
95124,2019,0,-0.028101,0.599651,1.19629,0.360342,-0.100857,0.703627,0.397262,-0.858236,-0.169447,-1.384838,-0.283956,0.756691,-0.853201,0.983107,0.093833,0.324794,-0.096138,0.711099,1.280573,0.869187,0.681852,0.569685
95124,2020,1,-0.047435,0.514582,0.829332,0.405574,-0.253437,0.381509,0.397262,-0.858236,-0.169447,-1.303276,0.074274,0.588905,-0.740534,1.072065,0.208766,0.390848,-0.147087,0.727926,1.1722,0.87736,0.681852,0.709626
95124,2021,1,-0.120375,0.618023,1.012811,0.450805,-0.177147,0.703627,0.397262,-0.858236,-0.169447,-1.253044,0.583512,0.249351,-0.533599,1.142774,0.266233,0.381412,-0.272368,0.685974,1.186703,0.800307,0.681852,0.927109
95124,2022,1,-0.168709,0.538907,0.645853,0.450805,-0.062712,1.025746,0.397262,-0.858236,-0.169447,-1.159248,0.370957,0.28171,-0.666495,1.084971,0.381166,0.485211,-0.19415,0.526257,1.050913,0.843892,0.681852,1.421682
95124,2023,0,-0.069405,0.784192,1.563248,0.405574,-0.062712,0.703627,0.397262,-0.858236,-0.169447,-1.378809,-0.017552,0.864805,-0.400071,1.312377,0.524833,0.475775,-0.134675,0.561631,0.969525,0.933398,0.681852,0.914081
95124,2024,0,-0.069405,0.808032,1.563248,0.405574,-0.062712,0.703627,0.397262,-0.858236,-0.169447,-1.095996,-0.050713,0.617701,-0.291174,1.14136,0.553567,0.551265,-0.166803,0.287432,0.753642,0.858291,0.681852,0.864709
95124,2025,0,-0.094732,0.822887,1.514301,0.432037,-0.14661,0.698869,0.397262,-0.858236,-0.169447,-1.146675,-0.091056,0.497537,-0.65033,1.106885,0.604625,0.525993,-0.173338,0.627563,0.804262,0.834529,0.681852,0.936135
95124,2026,0,-0.125638,0.76284,1.477417,0.411968,-0.14661,0.697404,0.397262,-0.858236,-0.169447,-1.185427,-0.129722,0.414744,-0.65033,1.083542,0.631727,0.504023,-0.173338,0.627563,0.850178,0.822648,0.681852,0.896201
95124,2027,0,-0.147097,0.738919,1.449622,0.427187,-0.14661,0.701337,0.397262,-0.858236,-0.169447,-1.215055,-0.166754,0.357692,-0.65033,1.067725,0.632944,0.484923,-0.173338,0.627563,0.891828,0.816709,0.681852,0.859524
95124,2028,0,-0.149644,0.711823,1.428677,0.415646,-0.14661,0.703897,0.397262,-0.858236,-0.169447,-1.237715,-0.20228,0.318383,-0.65033,1.057012,0.608319,0.468318,-0.173338,0.627563,0.929609,0.813739,0.681852,0.824908
95124,2029,0,-0.133445,0.711522,1.412894,0.424398,-0.14661,0.701062,0.397262,-0.858236,-0.169447,-1.255046,-0.236344,0.29128,-0.65033,1.049754,0.559857,0.453883,-0.173338,0.627563,0.963883,0.812255,0.681852,0.791541
95125,2015,0,-0.255711,-0.58352,-0.088064,0.224648,0.471317,1.025746,0.382121,-0.743526,-0.187436,-1.940062,0.063092,0.838034,-0.216763,1.353691,-0.351696,-0.077949,0.049865,0.763523,0.689575,1.325668,0.844385,-0.352756
95125,2016,0,0.006172,-0.58352,-0.455022,0.450805,0.471317,1.347864,0.382121,-0.743526,-0.187436,-1.885141,-0.254924,1.193882,-0.366647,1.348117,-0.70017,-0.123828,0.245331,0.659834,0.519635,1.500789,0.844385,-0.632359
95125,2017,0,0.083507,-0.980357,-0.638501,0.767424,0.433172,1.669982,0.382121,-0.743526,-0.187436,-1.862873,-0.421072,1.120728,-0.403785,1.37969,-0.710702,-0.175331,0.289331,0.65732,0.408851,1.624151,0.844385,-0.681971
95125,2018,0,0.174023,-0.98088,-0.638501,0.767424,0.547606,1.025746,0.382121,-0.743526,-0.187436,-1.934102,-0.205721,1.461033,-0.549583,1.457477,-0.423368,-0.052659,0.477135,0.684657,0.286702,1.751016,0.844385,-0.743081
95125,2019,0,0.219721,-0.92497,-0.455022,0.676961,0.623896,0.703627,0.382121,-0.743526,-0.187436,-1.897067,-0.190667,1.314552,-0.616872,1.408307,-0.250968,0.060577,0.44501,0.601035,0.377243,1.706652,0.844385,-0.737285
95125,2020,1,0.434148,-1.158995,-0.455022,0.541267,0.738331,0.703627,0.382121,-0.743526,-0.187436,-1.831359,-0.434921,1.361092,-0.403559,1.149156,0.007632,0.145504,0.575935,0.301636,0.018036,1.905122,0.844385,-0.750885
95125,2021,1,0.398996,-1.168402,-0.455022,0.586499,0.623896,0.703627,0.382121,-0.743526,-0.187436,-1.830335,-0.313848,1.31815,-0.266882,1.027429,0.151299,0.183249,0.507878,0.261882,0.036479,1.798493,0.844385,-0.867549
95125,2022,1,0.413936,-1.012671,-0.455022,0.676961,0.700186,0.703627,0.382121,-0.743526,-0.187436,-1.812957,-0.314579,1.139885,-0.286241,1.069753,0.237499,0.239867,0.51962,0.091901,-0.047293,1.768139,0.844385,-0.60859
95125,2023,0,0.476331,-0.729973,-0.271543,0.812655,0.585751,0.703627,0.382121,-0.743526,-0.187436,-1.71033,-0.487479,1.094446,-0.112313,1.095004,0.122566,0.211558,0.506811,-0.074092,-0.163622,1.777479,0.844385,-0.521225
95125,2024,0,0.476331,-0.780353,-0.271543,0.812655,0.585751,0.703627,0.382121,-0.743526,-0.187436,-1.760438,-0.628423,1.351714,-0.279717,1.210252,0.438633,0.343666,0.531251,-0.252305,-0.106281,1.793045,0.844385,-0.45275
95125,2025,0,0.441175,-0.583524,-0.418327,0.631734,0.577652,0.803299,0.382121,-0.743526,-0.187436,-1.846496,-0.318708,1.219448,-0.467033,1.295468,0.305302,0.279395,0.499734,-0.22733,-0.046773,1.752388,0.844385,-0.887157
95125,2026,0,0.410081,-0.583524,-0.418327,0.631734,0.572236,0.927201,0.382121,-0.743526,-0.187436,-1.846496,-0.318708,1.219448,-0.350234,1.286453,0.068826,0.16885,0.473922,-0.202845,0.002687,1.723422,0.844385,-0.847423
95125,2027,0,0.382579,-0.583524,-0.418327,0.631734,0.568615,0.927201,0.382121,-0.743526,-0.187436,-1.846496,-0.318708,1.219448,-0.350234,1.281051,-0.215317,0.038107,0.452782,-0.17884,0.043791,1.702787,0.844385,-0.814082
95125,2028,0,0.358254,-0.583524,-0.418327,0.631734,0.566194,0.927201,0.382121,-0.743526,-0.187436,-1.846496,-0.318708,1.219448,-0.350234,1.277819,-0.481588,-0.082613,0.435469,-0.155306,0.077951,1.688085,0.844385,-0.78921
95125,2029,0,0.336739,-0.583524,-0.418327,0.631734,0.564575,0.927201,0.382121,-0.743526,-0.187436,-1.846496,-0.318708,1.219448,-0.350234,1.275881,-0.669496,-0.16592,0.42129,-0.132235,0.106339,1.677612,0.844385,-0.771636
95126,2015,0,-1.081783,-0.58352,0.095415,-0.137202,-0.596741,0.05939,0.508296,-0.879744,-0.165009,-0.048339,-0.051186,-0.821596,-0.191511,0.026953,0.301807,-0.279556,-0.866557,0.20002,0.842373,-0.320075,1.296694,0.018028
95126,2016,0,-1.038722,-0.58352,-0.088064,-0.091971,-0.367871,0.05939,0.508296,-0.879744,-0.165009,-0.074825,-0.145851,-0.452198,-0.250695,0.010785,0.036422,-0.246051,-0.886206,0.200336,0.757403,-0.271431,1.296694,0.025752
95126,2017,0,-0.941175,0.279019,0.278894,-0.272896,-0.406016,0.05939,0.508296,-0.879744,-0.165009,-0.030183,-0.179743,-0.369248,-0.183688,0.187189,-1.400303,-0.448984,-0.845055,-0.034661,0.631043,-0.228624,1.296694,-0.086526
95126,2018,0,-0.771567,0.033742,-0.271543,-0.091971,-0.253437,0.381509,0.508296,-0.879744,-0.165009,-0.081516,-0.216387,-0.281041,-0.141143,0.12845,-1.19917,-0.35462,-0.740947,-0.194317,0.437532,-0.118881,1.296694,0.125334
95126,2019,0,-0.792658,-0.045067,-0.271543,-0.046739,-0.215292,0.05939,0.508296,-0.879744,-0.165009,-0.032763,-0.248215,0.184562,-0.181024,0.233336,-0.710702,-0.194203,-0.689985,-0.211424,0.320315,-0.032878,1.296694,0.166517
95126,2020,1,-0.797052,0.362135,0.278894,-0.091971,-0.329726,-0.262728,0.508296,-0.879744,-0.165009,0.106661,-0.311955,0.165999,-0.220905,0.315051,-0.365902,-0.052659,-0.704887,-0.422908,-0.003122,-0.078409,1.296694,0.466566
95126,2021,1,-0.777718,0.017329,0.095415,-0.182433,-0.444161,0.05939,0.508296,-0.879744,-0.165009,0.079328,-0.234709,0.288765,-0.233492,0.377718,0.237499,0.183249,-0.633832,-0.99055,0.005544,-0.019257,1.296694,0.450428
95126,2022,1,-0.725869,0.151193,0.278894,-0.046739,-0.482306,0.05939,0.508296,-0.879744,-0.165009,-0.057432,-0.262365,0.289411,-0.267255,0.351278,0.352433,0.268176,-0.554808,-1.310676,-0.219081,0.046121,1.296694,0.313292
95126,2023,0,-0.859447,-0.001555,0.095415,-0.091971,-0.444161,0.381509,0.508296,-0.879744,-0.165009,-0.053151,-0.307697,0.653082,-0.170978,0.346287,0.5823,0.371975,-0.66602,-1.630836,-0.248337,0.001368,1.296694,0.624148
95126,2024,0,-0.859447,0.059631,0.095415,-0.091971,-0.444161,0.381509,0.508296,-0.879744,-0.165009,-0.102644,-0.268085,0.686489,-0.242466,0.330464,0.611033,0.447466,-0.522478,-1.817665,-0.36072,0.052347,1.296694,0.628336
95126,2025,0,-0.864591,-0.583524,0.058718,-0.114587,-0.39839,0.123416,0.508297,-0.879744,-0.165009,-0.029521,-0.240559,0.598841,-0.208376,0.305901,0.27325,0.36407,-0.464527,-1.809367,-0.316154,0.026367,1.296694,0.390035
95126,2026,0,-0.870679,-0.583524,0.058718,-0.114587,-0.39839,0.123416,0.508297,-0.879744,-0.165009,-0.029521,-0.226451,0.521986,-0.208376,0.286254,-0.217868,0.204939,-0.465532,-1.641675,-0.274931,0.004472,1.296694,0.332833
95126,2027,0,-0.875587,-0.583524,0.058718,-0.114587,-0.39839,0.123416,0.508297,-0.879744,-0.165009,-0.029521,-0.219226,0.454578,-0.208376,0.27055,-0.75516,0.000614,-0.498629,-1.367298,-0.236798,-0.01398,1.296694,0.274448
95126,2028,0,-0.878677,-0.583524,0.058718,-0.114587,-0.39839,0.123416,0.508297,-0.879744,-0.165009,-0.029521,-0.215527,0.395465,-0.208376,0.257988,-1.223582,-0.210224,-0.542417,-1.045212,-0.201532,-0.029531,1.296694,0.227189
95126,2029,0,-0.880143,-0.583524,0.058718,-0.114587,-0.39839,0.123416,0.508297,-0.879744,-0.165009,-0.029521,-0.213635,0.343617,-0.208376,0.24794,-1.524798,-0.388071,-0.582947,-0.730932,-0.168911,-0.042636,1.296694,0.194753
95127,2015,0,0.075597,-0.58352,-0.088064,-0.137202,-0.291582,0.381509,0.215569,-0.331733,-0.18302,-0.451866,0.392806,-0.707806,2.014288,-0.612388,-0.449495,0.154751,-0.559207,-0.044007,-1.093372,0.933787,-0.88681,-0.013491
95127,2016,0,0.101962,-0.58352,-0.271543,-0.001508,-0.291582,0.703627,0.215569,-0.331733,-0.18302,-0.647142,0.439171,-0.339316,2.355969,-0.737676,-0.496224,-0.229199,-0.580445,0.006306,-1.093399,0.930674,-0.88681,0.301833
95127,2017,0,0.225872,-0.286629,0.156865,0.043723,-0.253437,0.381509,0.215569,-0.331733,-0.18302,-0.637133,0.084209,-0.020333,1.924761,-0.583853,-1.515237,-0.477292,-0.478673,0.106659,-1.130291,1.045086,-0.88681,0.327888
95127,2018,0,0.445573,-0.53167,0.26421,-0.046739,-0.177147,0.703627,0.215569,-0.331733,-0.18302,-0.681105,0.078016,-0.250323,2.083699,-0.639891,-0.998036,-0.194203,-0.355352,0.163034,-1.390388,1.197246,-0.88681,0.250094
95127,2019,0,0.531695,-0.539292,0.116788,0.043723,-0.329726,0.05939,0.215569,-0.331733,-0.18302,-0.700408,-0.079615,0.093003,1.881652,-0.529132,-0.538302,-0.005477,-0.270939,0.189958,-1.499731,1.296481,-0.88681,0.28027
95127,2020,1,0.537847,-0.180562,0.27177,-0.001508,-0.253437,0.05939,0.215569,-0.331733,-0.18302,-0.387436,-0.321374,0.263915,1.823732,-0.790834,-0.452102,0.013396,-0.202213,-0.147258,-1.542525,1.130701,-0.88681,0.799251
95127,2021,1,0.594969,-1.020669,-0.638501,-0.001508,-0.215292,1.025746,0.215569,-0.331733,-0.18302,-0.274983,-0.279354,0.97189,1.607372,-0.663263,-0.107301,0.15494,-0.093367,-0.340395,-1.716502,1.170784,-0.88681,0.521017
95127,2022,1,0.709213,-0.853254,-0.271543,-0.001508,-0.253437,1.347864,0.215569,-0.331733,-0.18302,-0.309793,-0.199269,0.974736,1.52753,-0.653739,-0.049834,0.220994,0.022589,-0.699255,-1.821444,1.250561,-0.88681,0.490202
95127,2023,0,0.726789,-1.009316,-0.271543,-0.091971,-0.253437,1.347864,0.215569,-0.331733,-0.18302,-0.301585,-0.134453,1.504936,1.503498,-0.61143,0.4099,0.353103,0.085793,-1.132546,-1.803911,1.256787,-0.88681,0.50452
95127,2024,0,0.726789,-0.93979,-0.271543,-0.091971,-0.253437,1.347864,0.215569,-0.331733,-0.18302,-0.147956,-0.016434,1.278281,1.473121,-0.605797,0.467366,0.353103,0.147479,-1.337463,-1.833465,1.174286,-0.88681,0.525271
95127,2025,0,0.678936,-0.583524,-0.363283,-0.028648,-0.257251,0.735598,0.21557,-0.331733,-0.18302,-0.219685,0.002921,1.140287,1.819578,-0.642779,0.303625,0.270589,0.184706,-1.310401,-1.794232,1.152623,-0.88681,0.005971
95127,2026,0,0.603675,-0.583524,-0.363283,-0.028648,-0.257251,0.735598,0.21557,-0.331733,-0.18302,-0.432093,0.018404,1.022341,1.819578,-0.642779,0.0415,0.150479,0.141911,-1.101339,-1.718248,1.139569,-0.88681,0.030777
95127,2027,0,0.521081,-0.583524,-0.363283,-0.028648,-0.257251,0.735598,0.21557,-0.331733,-0.18302,-0.432093,0.030834,0.921543,1.819578,-0.642779,-0.230465,0.028965,0.040164,-0.788356,-1.63208,1.131702,-0.88681,0.039271
95127,2028,0,0.447444,-0.583524,-0.363283,-0.028648,-0.257251,0.735598,0.21557,-0.331733,-0.18302,-0.432093,0.040769,0.835397,1.819578,-0.642779,-0.459387,-0.070293,-0.089542,-0.456103,-1.554296,1.126961,-0.88681,0.021033
95127,2029,0,0.393377,-0.583524,-0.363283,-0.028648,-0.257251,0.735598,0.21557,-0.331733,-0.18302,-0.432093,0.048769,0.761773,1.819578,-0.642779,-0.622442,-0.136248,-0.214561,-0.177022,-1.4952,1.124104,-0.88681,-0.022264
95128,2015,0,-0.815507,-0.58352,1.19629,0.360342,0.662041,0.703627,0.599143,-0.916487,-0.083629,-0.840355,1.362809,-2.858729,1.268851,-0.035803,0.710462,-0.736651,-0.544461,0.139995,1.71603,-0.132113,1.130768,0.715488
95128,2016,0,-0.730263,-0.58352,0.829332,0.405574,0.433172,0.381509,0.599143,-0.916487,-0.083629,-0.840355,1.362809,-2.858729,1.268851,-0.035803,0.381426,-0.447843,-0.368493,-0.104667,1.71603,-0.046109,1.130768,0.188691
95128,2017,0,-0.642383,1.324462,1.379769,0.496036,0.509461,1.347864,0.599143,-0.916487,-0.083629,-0.840355,1.362809,-2.858729,1.268851,-0.035803,-1.917504,-0.552783,-0.290162,0.0357,1.71603,0.05118,1.130768,0.167647
95128,2018,0,-0.504411,1.278207,1.012811,0.676961,0.547606,1.025746,0.599143,-0.916487,-0.083629,-0.840355,1.362809,-2.858729,1.268851,-0.035803,-1.572703,-0.401802,-0.16631,0.230266,1.71603,0.1294,1.130768,0.333352
95128,2019,0,-0.514078,1.110331,1.012811,0.586499,0.585751,1.025746,0.599143,-0.916487,-0.083629,-0.715707,1.462248,-2.36735,1.052186,-0.215416,-1.314103,-0.241385,-0.166769,0.211166,1.650673,0.161311,1.130768,0.276362
95128,2020,1,-0.401591,0.854132,1.19629,0.179417,0.738331,0.703627,0.599143,-0.916487,-0.083629,-0.591066,1.561644,-1.875988,0.83552,-0.39503,-0.940569,-0.175331,-0.005626,0.277761,1.585312,0.179213,1.130768,0.133722
95128,2021,1,-0.416531,0.958133,1.19629,0.450805,0.585751,0.381509,0.599143,-0.916487,-0.083629,-0.591066,1.561644,-1.875988,0.83552,-0.39503,-0.624502,0.041705,-0.063456,0.352124,1.585312,0.143021,1.130768,-0.075173
95128,2022,1,-0.401591,1.246596,1.012811,0.812655,0.700186,0.381509,0.599143,-0.916487,-0.083629,-0.591066,1.561644,-1.875988,0.83552,-0.39503,-0.394635,0.202122,0.065192,0.295903,1.585312,0.124341,1.130768,0.290734
95128,2023,0,-0.42444,1.239979,1.379769,0.63173,0.509461,0.703627,0.599143,-0.916487,-0.083629,-0.591066,1.561644,-1.875988,0.83552,-0.39503,-0.136035,0.315357,0.091075,0.463395,1.585312,0.176099,1.130768,0.299613
95128,2024,0,-0.42444,1.214838,1.379769,0.63173,0.509461,0.703627,0.599143,-0.916487,-0.083629,-0.591066,1.561644,-1.875988,0.83552,-0.39503,0.093833,0.419157,0.11954,0.244447,1.585312,0.085037,1.130768,0.208911
95128,2025,0,-0.440928,-0.583524,0.721846,0.523175,0.578123,0.735838,0.599143,-0.916488,-0.083629,-0.592152,1.535795,-1.900437,0.837925,-0.393451,0.17724,0.452982,0.086718,0.228474,1.586304,-0.004437,1.130768,0.093257
95128,2026,0,-0.455726,-0.583524,1.391212,0.523175,0.578123,0.735838,0.599143,-0.916488,-0.083629,-0.612186,1.503409,-2.014279,0.872647,-0.364362,0.120731,0.423747,0.057533,0.220182,1.596227,-0.061606,1.130768,0.127036
95128,2027,0,-0.469007,-0.583524,1.231072,0.523175,0.578123,0.735838,0.599143,-0.916488,-0.083629,-0.62864,1.476829,-2.097247,0.901139,-0.340518,-0.05172,0.344371,0.031582,0.215878,1.604465,-0.071337,1.130768,0.165175
95128,2028,0,-0.480927,-0.583524,0.86407,0.523175,0.578123,0.735838,0.599143,-0.916488,-0.083629,-0.642145,1.460958,-2.157722,0.924516,-0.320976,-0.303894,0.231414,0.008507,0.213643,1.611294,-0.037073,1.130768,0.201772
95128,2029,0,-0.491625,-0.583524,1.364235,0.523175,0.578123,0.735838,0.599143,-0.916488,-0.083629,-0.65324,1.455324,-2.201799,0.943706,-0.304965,-0.5935,0.102663,-0.012012,0.212483,1.616963,0.023022,1.130768,0.233158
95129,2015,0,-0.341833,0.977924,1.19629,0.63173,1.005345,0.05939,0.392215,-0.78923,-0.188846,1.911725,-0.842225,-1.636044,-0.794977,-1.025221,0.203533,0.845323,-0.321,0.508154,1.164352,0.165981,0.685245,0.471738
95129,2016,0,-0.232862,1.034525,1.379769,0.767424,1.234215,0.05939,0.392215,-0.78923,-0.188846,1.714586,-0.732507,-1.010461,-0.866826,-0.87023,-0.019428,0.848914,-0.218404,0.51267,1.041585,0.233694,0.685245,0.025885
95129,2017,0,-0.161679,1.323785,0.829332,0.99358,1.19607,0.05939,0.392215,-0.78923,-0.188846,1.622707,-0.686486,-0.630881,-0.960687,-0.821935,-0.164768,0.211558,-0.124214,0.634733,0.886972,0.274167,0.685245,1.356438
95129,2018,0,-0.162558,1.318824,1.012811,0.857886,1.310504,0.05939,0.392215,-0.78923,-0.188846,1.698178,-0.579563,-0.418232,-0.884447,-0.716047,0.065099,0.277612,-0.066081,0.675795,0.588357,0.289733,0.685245,1.504634
95129,2019,0,-0.184528,1.424511,1.379769,0.676961,1.310504,0.05939,0.392215,-0.78923,-0.188846,1.523505,-0.520941,-1.371721,-0.966805,-0.947396,0.208766,0.343666,-0.075746,0.657524,0.791536,0.284285,0.685245,1.650052
95129,2020,1,-0.121254,1.570449,1.746727,0.450805,1.04349,-0.262728,0.392215,-0.78923,-0.188846,1.593479,-0.474232,-1.176099,-0.865799,-1.183346,0.381166,0.466338,-0.067446,0.594024,0.608627,0.294014,0.685245,1.660621
95129,2021,1,-0.059738,1.475955,1.563248,0.541267,1.157925,-0.262728,0.392215,-0.78923,-0.188846,1.606022,-0.647089,-1.529187,-0.644878,-1.397757,0.180033,0.409721,0.048703,0.404654,0.256275,0.37885,0.685245,1.406634
95129,2022,1,-0.083466,1.140436,0.829332,0.857886,1.27236,-0.262728,0.392215,-0.78923,-0.188846,2.204409,-0.422878,-0.673875,-1.173266,-1.534036,0.783434,0.607883,-0.020648,-0.146704,0.119563,0.331373,0.685245,1.569135
95129,2023,0,-0.01404,0.98423,0.645853,0.812655,1.539374,-0.262728,0.392215,-0.78923,-0.188846,2.100765,-0.337288,0.135421,-0.821176,-1.576143,0.725967,0.607883,-0.002946,-0.513357,-0.248771,0.431386,0.685245,1.705287
95129,2024,0,-0.01404,0.960015,0.645853,0.812655,1.539374,-0.262728,0.392215,-0.78923,-0.188846,2.450603,-0.276042,0.943006,-1.188448,-1.348655,0.611033,0.645628,-0.059005,-0.411131,-0.294843,0.389357,0.685245,1.524521
95129,2025,0,-0.121699,0.759109,1.123041,0.740289,1.26001,-0.221147,0.392215,-0.789231,-0.188846,1.842291,-0.552553,-0.736743,-0.732621,-1.095818,0.528026,0.618265,-0.073416,0.002154,-0.188297,0.346322,0.685245,0.274182
95129,2026,0,-0.188507,0.768746,1.123041,0.740289,1.26001,-0.190652,0.392215,-0.789231,-0.188846,1.842291,-0.552553,-0.736743,-0.884876,-0.908551,0.465013,0.594466,-0.085166,0.292742,-0.096645,0.3246,0.685245,0.269675
95129,2027,0,-0.21052,0.776919,1.123041,0.740289,1.26001,-0.168288,0.392215,-0.789231,-0.188846,1.842291,-0.552553,-0.736743,-1.044265,-0.835193,0.417179,0.573767,-0.094746,0.292742,-0.017799,0.313634,0.685245,0.264717
95129,2028,0,-0.203726,0.77979,1.123041,0.740289,1.26001,-0.151887,0.392215,-0.789231,-0.188846,1.842291,-0.552553,-0.736743,-0.813896,-0.874794,0.380868,0.555763,-0.102557,0.292742,0.050023,0.308099,0.685245,0.258163
95129,2029,0,-0.186712,0.779601,1.123041,0.740289,1.26001,-0.139859,0.392215,-0.789231,-0.188846,1.842291,-0.552553,-0.736743,-0.907395,-0.988568,0.353303,0.540105,-0.108925,0.292742,0.108366,0.305305,0.685245,0.250293
95130,2015,0,-0.703899,-0.544786,-1.00546,-0.860903,-0.940045,-0.584846,0.281181,-0.855547,-0.202149,-0.048339,-0.051186,-0.821596,-0.191511,0.026953,0.382615,-0.061599,-0.382003,0.931194,0.842373,-1.029897,0.681513,-0.054555
95130,2016,0,-0.589655,-0.478044,-1.00546,-0.860903,-0.940045,-0.906965,0.281181,-0.855547,-0.202149,-0.074825,-0.145851,-0.452198,-0.250695,0.010785,0.431058,0.178748,-0.440309,0.940292,0.757403,-1.045074,0.681513,-0.09389
95130,2017,0,-0.619534,-0.570777,-1.045646,-0.951365,-1.016335,-0.54188,0.281181,-0.855547,-0.202149,-0.030183,-0.179743,-0.369248,-0.183688,0.187189,-0.222235,-0.109276,-0.468396,0.514516,0.631043,-1.034178,0.681513,-0.420574
95130,2018,0,-0.514078,-0.62364,-1.017559,-0.951365,-1.016335,-0.562582,0.281181,-0.855547,-0.202149,-0.081516,-0.216387,-0.281041,-0.141143,0.12845,0.180033,-0.052659,-0.455326,0.433156,0.437532,-1.025617,0.681513,-0.263422
95130,2019,0,-0.530775,-0.692868,-1.119727,-0.951365,-0.97819,-0.550017,0.281181,-0.855547,-0.202149,-0.032763,-0.248215,0.184562,-0.181024,0.233336,0.122566,-0.156458,-0.362234,0.502813,0.320315,-1.009272,0.681513,-0.338791
95130,2020,1,-0.347106,-0.599335,-1.102315,-0.951365,-0.97819,-0.42995,0.281181,-0.855547,-0.202149,0.106661,-0.311955,0.165999,-0.220905,0.315051,0.065099,-0.080967,-0.09969,0.05976,-0.003122,-0.948174,0.681513,-0.467877
95130,2021,1,-0.332166,-0.621347,-1.142274,-1.041828,-0.940045,-0.57857,0.281181,-0.855547,-0.202149,0.079328,-0.234709,0.288765,-0.233492,0.377718,0.208766,0.088886,0.018944,0.26111,0.005544,-0.943504,0.681513,-0.471458
95130,2022,1,0.008809,-0.587969,-1.175552,-1.041828,-0.9019,-0.542723,0.281181,-0.855547,-0.202149,-0.057432,-0.262365,0.289411,-0.267255,0.351278,0.352433,0.220994,0.210396,0.174049,-0.219081,-0.888633,0.681513,-0.439692
95130,2023,0,0.224115,-0.545032,-1.207499,-1.041828,-0.940045,-0.649097,0.281181,-0.855547,-0.202149,-0.053151,-0.307697,0.653082,-0.170978,0.346287,0.5823,0.419157,0.374979,0.221041,-0.248337,-0.812748,0.681513,-0.376536
95130,2024,0,0.224115,-0.512057,-1.203655,-1.041828,-0.940045,-0.714094,0.281181,-0.855547,-0.202149,-0.102644,-0.268085,0.686489,-0.242466,0.330464,0.611033,0.532393,0.347094,0.142113,-0.36072,-0.817807,0.681513,-0.354426
95130,2025,0,0.14342,-0.187621,-1.005461,-1.029439,-0.959118,-0.874755,0.281181,-0.855548,-0.202149,-0.029521,-0.240559,0.598841,-0.208376,0.305901,0.482026,0.416377,0.23866,0.19511,-0.316154,-0.822463,0.681513,0.170213
95130,2026,0,0.075785,-0.239483,-1.005461,-1.019136,-0.959118,-0.874755,0.281181,-0.855548,-0.202149,-0.029521,-0.226451,0.521986,-0.208376,0.286254,0.38589,0.330291,0.087045,0.244909,-0.274931,-0.826946,0.681513,0.181632
95130,2027,0,0.019096,-0.298716,-1.005461,-1.010568,-0.959118,-0.874755,0.281181,-0.855548,-0.202149,-0.029521,-0.219226,0.454578,-0.208376,0.27055,0.314249,0.266414,-0.070239,0.291704,-0.236798,-0.831264,0.681513,0.192161
95130,2028,0,-0.028418,-0.346122,-1.005461,-1.003444,-0.959118,-0.874755,0.281181,-0.855548,-0.202149,-0.029521,-0.215527,0.395465,-0.208376,0.257988,0.260863,0.219017,-0.20258,0.335675,-0.201532,-0.835422,0.681513,0.208897
95130,2029,0,-0.068243,-0.373457,-1.005461,-0.997519,-0.959118,-0.874755,0.281181,-0.855548,-0.202149,-0.029521,-0.213635,0.343617,-0.208376,0.24794,0.221079,0.183847,-0.290525,0.376993,-0.168911,-0.839426,0.681513,0.226405
95131,2015,0,-0.474532,0.400151,-0.455022,0.405574,-0.100857,-0.262728,0.250899,-0.831351,-0.179077,-0.048339,-0.051186,-0.821596,-0.191511,0.026953,0.250927,0.339842,-0.530681,-0.234498,0.842373,-0.471068,0.709676,0.580864
95131,2016,0,-0.496502,0.365376,-0.455022,0.360342,-0.177147,-0.262728,0.250899,-0.831351,-0.179077,-0.074825,-0.145851,-0.452198,-0.250695,0.010785,0.182948,0.312286,-0.526324,-0.174233,0.757403,-0.479241,0.709676,0.465569
95131,2017,0,-0.365561,0.61491,-0.638501,0.948349,-0.215292,-0.262728,0.250899,-0.831351,-0.179077,-0.030183,-0.179743,-0.369248,-0.183688,0.187189,0.180033,0.381412,-0.456629,-0.007209,0.631043,-0.409192,0.709676,0.330932
95131,2018,0,-0.290863,0.694119,-0.455022,0.948349,-0.100857,-0.262728,0.250899,-0.831351,-0.179077,-0.081516,-0.216387,-0.281041,-0.141143,0.12845,0.266233,0.447466,-0.464528,0.045074,0.437532,-0.398296,0.709676,0.405881
95131,2019,0,-0.305802,0.562274,-0.455022,0.63173,-0.024567,-0.262728,0.250899,-0.831351,-0.179077,-0.032763,-0.248215,0.184562,-0.181024,0.233336,0.3237,0.504084,-0.430233,0.044251,0.320315,-0.385843,0.709676,0.623829
95131,2020,1,-0.253074,0.529211,0.095415,0.315111,-0.062712,-0.262728,0.250899,-0.831351,-0.179077,0.106661,-0.311955,0.165999,-0.220905,0.315051,0.352433,0.532393,-0.432792,0.326312,-0.003122,-0.358602,0.709676,0.338669
95131,2021,1,-0.195073,0.51315,-0.455022,0.541267,-0.100857,-0.262728,0.250899,-0.831351,-0.179077,0.079328,-0.234709,0.288765,-0.233492,0.377718,0.5823,0.58901,-0.300206,0.071648,0.005544,-0.329415,0.709676,0.702766
95131,2022,1,-0.264499,0.748141,-0.271543,0.586499,-0.100857,-0.262728,0.250899,-0.831351,-0.179077,-0.057432,-0.262365,0.289411,-0.267255,0.351278,0.7547,0.617319,-0.383694,-0.058697,-0.219081,-0.381562,0.709676,1.131683
95131,2023,0,-0.07995,0.455762,-0.455022,0.586499,-0.100857,-0.267916,0.250899,-0.831351,-0.179077,-0.053151,-0.307697,0.653082,-0.170978,0.346287,0.725967,0.617319,-0.257364,-0.303578,-0.248337,-0.312292,0.709676,0.551938
95131,2024,0,-0.07995,0.489323,-0.455022,0.586499,-0.100857,-0.107571,0.250899,-0.831351,-0.179077,-0.102644,-0.268085,0.686489,-0.242466,0.330464,0.812167,0.683374,-0.014417,-0.964286,-0.36072,-0.14729,0.709676,0.62359
95131,2025,0,-0.129478,0.49336,-0.399979,0.591022,-0.108486,-0.26273,0.250899,-0.831351,-0.179077,-0.029521,-0.240559,0.598841,-0.208376,0.305901,0.816318,0.707653,-0.15827,-0.128175,-0.316154,-0.223242,0.709676,0.59473
95131,2026,0,-0.167791,0.511009,-0.399979,0.591022,-0.108486,-0.26273,0.250899,-0.831351,-0.179077,-0.029521,-0.226451,0.521986,-0.208376,0.286254,0.770421,0.696201,-0.241341,-0.128175,-0.274931,-0.271403,0.709676,0.64026
95131,2027,0,-0.197428,0.522089,-0.399979,0.591022,-0.108486,-0.26273,0.250899,-0.831351,-0.179077,-0.029521,-0.219226,0.454578,-0.208376,0.27055,0.701603,0.6598,-0.28931,-0.128175,-0.236798,-0.301941,0.709676,0.645312
95131,2028,0,-0.220354,0.52301,-0.399979,0.591022,-0.108486,-0.26273,0.250899,-0.831351,-0.179077,-0.029521,-0.215527,0.395465,-0.208376,0.257988,0.629799,0.610926,-0.317011,-0.128175,-0.201532,-0.321305,0.709676,0.62125
95131,2029,0,-0.238089,0.515587,-0.399979,0.591022,-0.108486,-0.26273,0.250899,-0.831351,-0.179077,-0.029521,-0.213635,0.343617,-0.208376,0.24794,0.567476,0.561163,-0.333007,-0.128175,-0.168911,-0.333583,0.709676,0.581463
95132,2015,0,0.208296,-0.695098,-0.088064,-0.091971,-0.711175,1.347864,-1.883989,1.729469,-0.203803,2.788552,0.156552,-0.727994,-0.171192,-2.418441,-0.359841,-1.553115,-0.018842,-0.052035,-0.792226,0.331762,-1.262773,-0.163721
95132,2016,0,0.386693,-0.734472,-0.088064,-0.137202,-0.787465,1.347864,-1.883989,1.729469,-0.203803,2.279395,0.450955,-0.476367,-0.325648,-1.904769,-0.192036,-1.398313,0.132191,0.122944,-0.7844,0.411539,-1.262773,-0.250861
95132,2017,0,0.445573,0.271076,0.664988,0.159307,0.363971,-0.169644,-1.883989,1.729469,-0.203803,2.265467,0.425063,-0.727505,-0.15557,-1.824783,-0.250968,0.107759,0.151238,-0.042983,-0.950774,0.453568,-1.262773,-0.298935
95132,2018,0,0.560696,-0.236109,-0.271543,-0.137202,-0.74932,0.381509,-1.883989,1.729469,-0.203803,2.297458,0.367946,-0.311759,-0.323086,-1.743,-0.107301,0.145504,0.196808,0.192243,-1.111544,0.54969,-1.262773,-0.032886
95132,2019,0,0.613424,0.457241,0.829332,0.134186,-0.74932,0.05939,-1.883989,1.729469,-0.203803,2.289474,0.133198,-0.371937,-0.535281,-1.68495,-0.107301,0.145504,0.30466,0.076128,-1.198129,0.631413,-1.262773,-0.420739
95132,2020,1,0.688122,0.660269,1.012811,0.179417,-0.711175,0.396314,-1.883989,1.729469,-0.203803,2.160175,0.289582,0.016828,-0.7419,-1.058432,-0.193501,0.088886,0.303422,0.073578,-1.173892,0.6462,-1.262773,-0.107383
95132,2021,1,0.807639,0.334208,0.645853,-0.001508,-0.596741,0.306621,-1.883989,1.729469,-0.203803,2.245794,0.218874,-0.099634,-0.723906,-1.279015,-0.107301,0.173813,0.353396,-0.300849,-1.195035,0.651649,-1.262773,-0.146559
95132,2022,1,0.836639,0.555376,0.829332,-0.001508,-0.634886,0.05939,-1.883989,1.729469,-0.203803,2.259092,-0.218065,-0.055871,-0.824913,-1.193716,0.007632,0.277612,0.463013,-0.489353,-1.281707,0.642698,-1.262773,-0.098463
95132,2023,0,0.873549,0.353352,0.462373,-0.091971,-0.558596,0.05939,-1.883989,1.729469,-0.203803,2.453644,-0.092518,-0.404907,-0.637112,-1.368616,0.180033,0.381412,0.447121,-0.685887,-1.317715,0.574985,-1.262773,0.098627
95132,2024,0,0.873549,0.316619,0.462373,-0.091971,-0.558596,0.05939,-1.883989,1.729469,-0.203803,2.518498,0.226744,-0.405973,-0.733727,-1.371586,0.381166,0.447466,0.520773,-1.015291,-1.544508,0.61429,-1.262773,0.098308
95132,2025,0,0.82204,0.290388,0.403432,-0.037693,-0.655616,0.159315,-1.883988,1.729469,-0.203803,2.355713,0.195648,-0.402707,-0.703915,-1.45057,-0.070054,0.198273,0.497048,-0.214455,-1.611729,0.628424,-1.262774,-0.150866
95132,2026,0,0.743028,0.211343,0.368852,-0.037693,-0.681641,0.314153,-1.883988,1.729469,-0.203803,2.355713,0.195648,-0.400891,-0.67758,-1.510933,-0.070054,0.198273,0.475515,-0.214455,-1.542844,0.61762,-1.262774,-0.237088
95132,2027,0,0.644486,0.159987,0.348565,-0.037693,-0.681641,0.467243,-1.883988,1.729469,-0.203803,2.355713,0.195648,-0.399895,-0.654315,-1.557065,-0.070054,0.198273,0.455971,-0.214455,-1.393651,0.58864,-1.262774,-0.287192
95132,2028,0,0.536039,0.151831,0.336663,-0.037693,-0.681641,0.569907,-1.883988,1.729469,-0.203803,2.355713,0.195648,-0.399319,-0.63377,-1.592326,-0.070054,0.198273,0.438234,-0.214455,-1.227878,0.551966,-1.262774,-0.275294
95132,2029,0,0.428038,0.174454,0.329681,-0.037693,-0.681641,0.595949,-1.883988,1.729469,-0.203803,2.355713,0.195648,-0.399022,-0.615619,-1.619275,-0.070054,0.198273,0.422135,-0.214455,-1.096971,0.518462,-1.262774,-0.222718
95133,2015,0,0.142386,-0.359474,-0.455022,-0.318127,-0.673031,0.703627,0.498202,-0.577285,-0.19016,-0.048339,-0.051186,-0.821596,-0.191511,0.026953,-0.396381,-0.678241,-0.074853,-1.109402,0.842373,-0.337198,1.04051,-0.488177
95133,2016,0,0.421845,-0.296234,-0.638501,-0.318127,-0.634886,0.381509,0.498202,-0.577285,-0.19016,-0.074825,-0.145851,-0.452198,-0.250695,0.010785,-0.545405,-0.306317,0.14399,-1.076168,0.757403,-0.232126,1.04051,-0.7279
95133,2017,0,0.421845,0.181504,-0.480227,-0.132569,-0.386581,0.271802,0.498202,-0.577285,-0.19016,-0.030183,-0.179743,-0.369248,-0.183688,0.187189,-1.37157,-0.382929,0.183424,-1.194508,0.631043,-0.163635,1.04051,-0.663029
95133,2018,0,0.490392,0.398445,-0.638501,-0.272896,-0.444161,0.381509,0.498202,-0.577285,-0.19016,-0.081516,-0.216387,-0.281041,-0.141143,0.12845,-1.37157,-0.382929,0.373664,-0.837187,0.437532,-0.074907,1.04051,0.226272
95133,2019,0,0.572999,0.364717,-0.532359,-0.40859,-0.444161,0.381509,0.498202,-0.577285,-0.19016,-0.032763,-0.248215,0.184562,-0.181024,0.233336,-1.28537,-0.298003,0.519005,-0.744189,0.320315,-0.000967,1.04051,0.16358
95133,2020,1,0.652091,0.345094,-0.562001,-0.363358,-0.558596,0.381509,0.498202,-0.577285,-0.19016,0.106661,-0.311955,0.165999,-0.220905,0.315051,-0.796902,-0.109276,0.497475,-0.913145,-0.003122,-0.067513,1.04051,0.272932
95133,2021,1,0.584423,0.612678,-0.088064,-0.363358,-0.596741,0.381509,0.498202,-0.577285,-0.19016,0.079328,-0.234709,0.288765,-0.233492,0.377718,-0.337168,0.098322,0.441221,-1.094935,0.005544,-0.048444,1.04051,0.647997
95133,2022,1,0.580029,0.596996,-0.271543,-0.272896,-0.558596,0.05939,0.498202,-0.577285,-0.19016,-0.057432,-0.262365,0.289411,-0.267255,0.351278,0.007632,0.268176,0.451587,-1.250925,-0.219081,-0.063621,1.04051,0.777795
95133,2023,0,0.732062,0.5143,-0.271543,-0.091971,-0.558596,0.703627,0.498202,-0.577285,-0.19016,-0.053151,-0.307697,0.653082,-0.170978,0.346287,0.237499,0.277612,0.512977,-2.018879,-0.248337,-0.010696,1.04051,0.706475
95133,2024,0,0.732062,0.445638,-0.271543,-0.091971,-0.558596,0.703627,0.498202,-0.577285,-0.19016,-0.102644,-0.268085,0.686489,-0.242466,0.330464,0.3237,0.305921,0.435037,-2.168249,-0.36072,0.006816,1.04051,0.71396
95133,2025,0,0.677451,-0.037597,-0.329801,-0.280957,-0.547724,0.445535,0.498202,-0.577285,-0.19016,-0.029521,-0.240559,0.598841,-0.208376,0.305901,0.252998,0.275527,0.40963,-1.492379,-0.316154,-0.044204,1.04051,-0.23754
95133,2026,0,0.635163,-0.052168,-0.399836,-0.280957,-0.537538,0.445535,0.498202,-0.577285,-0.19016,-0.029521,-0.226451,0.521986,-0.208376,0.286254,0.054347,0.195042,0.387869,-1.271148,-0.274931,-0.072733,1.04051,-0.305019
95133,2027,0,0.602416,-0.011833,-0.436722,-0.280957,-0.537705,0.445535,0.498202,-0.577285,-0.19016,-0.029521,-0.219226,0.454578,-0.208376,0.27055,-0.228112,0.07989,0.36923,-1.271148,-0.236798,-0.088687,1.04051,-0.344155
95133,2028,0,0.577059,0.077913,-0.424195,-0.280957,-0.546957,0.445535,0.498202,-0.577285,-0.19016,-0.029521,-0.215527,0.395465,-0.208376,0.257988,-0.543278,-0.050453,0.353265,-1.271148,-0.201532,-0.097608,1.04051,-0.348901
95133,2029,0,0.557423,0.183069,-0.379182,-0.280957,-0.555475,0.445535,0.498202,-0.577285,-0.19016,-0.029521,-0.213635,0.343617,-0.208376,0.24794,-0.841365,-0.175628,0.339591,-1.271148,-0.168911,-0.102596,1.04051,-0.344328
95134,2015,0,-1.703096,-0.58352,-0.638501,-0.815671,-0.787465,-0.605775,0.472967,-0.483635,-0.192446,-0.048339,-0.051186,-0.821596,-0.191511,0.026953,-0.463279,-0.403432,-1.558405,0.842483,0.842373,-1.212801,-0.282487,-0.477223
95134,2016,0,-1.81031,-0.58352,-0.638501,-0.589515,-0.673031,-0.620385,0.472967,-0.483635,-0.192446,-0.074825,-0.145851,-0.452198,-0.250695,0.010785,-0.531919,-0.333984,-1.774918,0.540752,0.757403,-1.235372,-0.282487,-0.345644
95134,2017,0,-1.858644,0.034968,0.013396,-0.067944,-0.537885,-0.894578,0.472967,-0.483635,-0.192446,-0.030183,-0.179743,-0.369248,-0.183688,0.187189,0.6685,0.541829,-1.843816,0.112527,0.631043,-1.213579,-0.282487,0.669433
95134,2018,0,-1.812067,-0.299233,-0.101278,-0.40859,-0.673031,-0.998291,0.472967,-0.483635,-0.192446,-0.081516,-0.216387,-0.281041,-0.141143,0.12845,0.898367,0.598447,-1.824672,0.056214,0.437532,-1.16221,-0.282487,0.65022
95134,2019,0,-1.897311,-0.3767,-0.159441,-0.40859,-0.711175,-1.024112,0.472967,-0.483635,-0.192446,-0.032763,-0.248215,0.184562,-0.181024,0.233336,0.955834,0.607883,-1.93498,0.125964,0.320315,-1.155984,-0.282487,0.712789
95134,2020,1,-1.917523,-0.540596,-0.317324,-0.499052,-0.634886,-1.128889,0.472967,-0.483635,-0.192446,0.106661,-0.311955,0.165999,-0.220905,0.315051,0.984567,0.645628,-2.012159,0.40048,-0.003122,-1.1949,-0.282487,0.72982
95134,2021,1,-1.900826,-0.452694,-0.268273,-0.40859,-0.596741,-1.162514,0.472967,-0.483635,-0.192446,0.079328,-0.234709,0.288765,-0.233492,0.377718,1.070767,0.711682,-1.95391,0.184164,0.005544,-1.155206,-0.282487,0.745885
95134,2022,1,-1.816461,-0.578755,-0.283515,-0.544284,-0.558596,-1.106438,0.472967,-0.483635,-0.192446,-0.057432,-0.262365,0.289411,-0.267255,0.351278,1.070767,0.702246,-1.837782,0.119554,-0.219081,-1.078931,-0.282487,0.681208
95134,2023,0,-1.881492,-0.48833,-0.028939,-0.634746,-0.634886,-1.066467,0.472967,-0.483635,-0.192446,-0.053151,-0.307697,0.653082,-0.170978,0.346287,1.042034,0.664501,-1.857158,-1.267816,-0.248337,-1.096054,-0.282487,0.597834
95134,2024,0,-1.881492,-0.528874,-0.077725,-0.634746,-0.634886,-1.068355,0.472967,-0.483635,-0.192446,-0.102644,-0.268085,0.686489,-0.242466,0.330464,1.042034,0.655065,-1.858723,-1.207211,-0.36072,-1.084768,-0.282487,0.59023
95134,2025,0,-1.847923,-0.583524,-0.638502,-0.544284,-0.657773,-1.367631,0.472967,-0.483635,-0.192446,-0.029521,-0.240559,0.598841,-0.208376,0.305901,1.045003,0.6489,-1.841568,0.030538,-0.316154,-1.158967,-0.282487,-0.010845
95134,2026,0,-1.847923,-0.583524,-0.638502,-0.544284,-0.657773,-1.363854,0.472967,-0.483635,-0.192446,-0.029521,-0.226451,0.521986,-0.208376,0.286254,1.047818,0.643526,-1.829587,0.200792,-0.274931,-1.158967,-0.282487,-0.021813
95134,2027,0,-1.847923,-0.583524,-0.638502,-0.544284,-0.657773,-1.349112,0.472967,-0.483635,-0.192446,-0.029521,-0.219226,0.454578,-0.208376,0.27055,1.050488,0.63884,-1.82122,0.200792,-0.236798,-1.158967,-0.282487,-0.030028
95134,2028,0,-1.847923,-0.583524,-0.638502,-0.544284,-0.657773,-1.336245,0.472967,-0.483635,-0.192446,-0.029521,-0.215527,0.395465,-0.208376,0.257988,1.05302,0.634754,-1.815377,0.200792,-0.201532,-1.158967,-0.282487,-0.036196
95134,2029,0,-1.847923,-0.583524,-0.638502,-0.544284,-0.657773,-1.324964,0.472967,-0.483635,-0.192446,-0.029521,-0.213635,0.343617,-0.208376,0.24794,1.055421,0.631192,-1.811297,0.200792,-0.168911,-1.158967,-0.282487,-0.040822
95135,2015,0,1.2901,-0.840114,-0.638501,-0.815671,-0.940045,1.347864,-1.904177,1.40819,-0.203803,0.545745,2.820804,-1.586449,-0.211818,0.617282,-1.211772,-0.885911,1.327376,0.62777,0.995176,0.039505,-1.280418,-2.109381
95135,2016,0,1.464103,-0.587205,-0.638501,-0.860903,-0.940045,1.025746,-1.904177,1.40819,-0.203803,0.545745,2.820804,-1.586449,-0.211818,0.617282,-0.776809,-0.504376,1.208232,0.612952,0.995176,-0.020814,-1.280418,-1.335163
95135,2017,0,1.589772,0.188746,-0.310194,-0.359503,-0.387864,0.415518,-1.904177,1.40819,-0.203803,0.545745,2.820804,-1.586449,-0.211818,0.617282,-0.854369,0.041705,1.255832,0.687873,0.995176,0.002925,-1.280418,-1.079279
95135,2018,0,1.551104,-0.28308,-0.628605,-0.815671,-0.940045,0.05939,-1.904177,1.40819,-0.203803,0.545745,2.820804,-1.586449,-0.211818,0.617282,-0.480835,0.211558,1.187237,0.781266,0.995176,-0.023927,-1.280418,-1.250616
95135,2019,0,1.623166,-0.314853,-0.506328,-0.906134,-0.97819,1.025746,-1.904177,1.40819,-0.203803,0.545745,2.820804,-1.586449,-0.211818,0.617282,-0.480835,0.230431,1.310213,0.803529,0.995176,-0.011863,-1.280418,-1.1368
95135,2020,1,1.959747,-0.471007,-0.743264,-0.860903,-0.940045,0.381509,-1.904177,1.40819,-0.203803,0.545745,2.820804,-1.586449,-0.211818,0.617282,-0.136035,0.390848,1.699815,0.871279,0.995176,0.100603,-1.280418,-1.636369
95135,2021,1,2.01599,-0.418219,-0.619436,-0.815671,-0.940045,0.703627,-1.904177,1.40819,-0.203803,0.504329,2.590701,-2.049904,-0.152522,0.662913,-0.049834,0.390848,1.722988,0.876828,1.036886,0.121228,-1.280418,-1.537146
95135,2022,1,2.334116,-0.51428,-0.823393,-0.725209,-0.97819,0.703627,-1.904177,1.40819,-0.203803,0.474701,1.869983,-1.939746,-0.194548,0.805222,-0.049834,0.390848,2.044507,0.856874,0.77732,0.190498,-1.280418,-1.980912
95135,2023,0,2.339389,-0.568156,-0.793532,-0.679977,-1.016335,0.703627,-1.904177,1.40819,-0.203803,0.826201,2.807815,-2.587124,-0.293534,0.804295,0.007632,0.353103,2.13932,0.716493,0.594812,0.242256,-1.280418,-2.224676
95135,2024,0,2.339389,-0.502827,-0.742472,-0.679977,-1.016335,0.703627,-1.904177,1.40819,-0.203803,1.043768,2.037206,-1.762705,-0.386943,0.637453,0.294966,0.428593,2.437018,0.366615,0.3384,0.282728,-1.280418,-2.248458
95135,2025,0,2.287362,-0.465149,-0.638502,-0.799957,-0.962907,0.719732,-1.904176,1.40819,-0.203803,0.973148,1.476915,-1.515408,-0.229925,0.610975,0.208616,0.401433,2.306464,0.21168,0.871629,0.249598,-1.280418,-2.019928
95135,2026,0,2.240706,-0.480406,-0.638502,-0.799957,-0.962907,0.719732,-1.904176,1.40819,-0.203803,0.902658,2.548938,-1.753728,-0.229925,0.65505,0.133705,0.378178,2.199887,0.173128,0.871629,0.223409,-1.280418,-2.016498
95135,2027,0,2.198867,-0.493823,-0.638502,-0.799957,-0.962907,0.719732,-1.904176,1.40819,-0.203803,0.849708,2.548938,-1.753728,-0.229925,0.65505,0.068718,0.358267,2.112885,0.256904,0.871629,0.202709,-1.280418,-2.011407
95135,2028,0,2.161346,-0.510097,-0.638502,-0.799957,-0.962907,0.719732,-1.904176,1.40819,-0.203803,0.80994,2.548938,-1.753728,-0.229925,0.65505,0.012341,0.341219,2.041863,0.435241,0.871629,0.186346,-1.280418,-2.015847
95135,2029,0,2.127699,-0.528236,-0.638502,-0.799957,-0.962907,0.719732,-1.904176,1.40819,-0.203803,0.780058,2.548938,-1.753728,-0.229925,0.65505,-0.036567,0.326622,1.983885,0.655594,0.871629,0.173412,-1.280418,-2.028755
95136,2015,0,-0.607231,-0.820447,-0.088064,-0.318127,-0.940045,1.669982,0.175193,-0.618957,-0.203803,0.121598,1.133695,-1.734397,0.433549,-0.386845,-0.878715,-1.145536,-0.498911,-0.196475,1.556376,0.094766,0.35509,-0.651143
95136,2016,0,-0.503532,-0.713371,0.278894,-0.40859,-0.74932,1.025746,0.175193,-0.618957,-0.203803,0.121598,1.133695,-1.734397,0.433549,-0.386845,-0.491494,-0.699636,-0.495038,-0.089248,1.556376,0.195168,0.35509,-0.698787
95136,2017,0,-0.535169,0.181044,0.587481,0.117841,-0.297325,0.587709,0.175193,-0.618957,-0.203803,0.421835,0.867421,-2.150632,0.410589,-0.570722,-0.193501,0.003959,-0.595435,-0.025388,1.364394,0.167538,0.35509,0.211739
95136,2018,0,-0.463108,-0.81334,-0.088064,-0.544284,-0.97819,1.347864,0.175193,-0.618957,-0.203803,0.323135,1.672309,-1.043431,0.526123,-0.813369,0.122566,0.098322,-0.505659,0.024163,0.628788,0.348885,0.35509,0.028312
95136,2019,0,-0.286469,-1.053062,-0.271543,-0.544284,-0.940045,1.992101,0.175193,-0.618957,-0.203803,0.168227,1.230726,0.122463,0.34479,-0.534922,0.381166,0.202122,-0.295593,0.360816,0.263386,0.485479,0.35509,0.087888
95136,2020,1,-0.108951,-1.00462,-0.088064,-0.634746,-0.9019,1.669982,0.175193,-0.618957,-0.203803,0.398598,1.011547,-0.072775,-0.083258,-0.585125,0.553567,0.296485,-0.156149,-0.139857,-0.161356,0.643476,0.35509,0.103989
95136,2021,1,-0.012283,-0.884276,0.095415,-0.679977,-0.9019,1.347864,0.175193,-0.618957,-0.203803,0.389875,0.729789,0.089143,-0.200101,-0.596833,0.6685,0.456902,-0.112198,-0.354192,-0.21971,0.745435,0.35509,0.16309
95136,2022,1,0.101962,-0.702061,0.095415,-0.499052,-0.940045,1.347864,0.175193,-0.618957,-0.203803,0.282835,1.081266,-0.539287,-0.249995,-0.661266,0.611033,0.51352,-0.006486,-0.558508,-0.177339,0.793691,0.35509,0.123728
95136,2023,0,0.018475,-0.826342,-0.271543,-0.363358,-0.82561,1.347864,0.175193,-0.618957,-0.203803,0.417254,0.624371,-0.887363,-0.153978,-0.620476,0.553567,0.504084,-0.073304,-0.8648,-0.073362,0.698347,0.35509,0.054551
95136,2024,0,0.018475,-0.825905,-0.271543,-0.363358,-0.82561,1.347864,0.175193,-0.618957,-0.203803,0.384031,0.595899,-1.033512,0.028349,-0.636225,0.553567,0.570138,-0.149925,-1.074809,-0.060501,0.685894,0.35509,0.076088
95136,2025,0,-0.011436,-0.883933,-0.051189,-0.387215,-0.886642,1.428394,0.175194,-0.618957,-0.203803,0.302862,1.007375,-1.035712,0.186631,-0.579222,0.316397,0.570402,-0.229623,-0.294169,0.375959,0.653433,0.35509,-0.460075
95136,2026,0,-0.056178,-0.812723,-0.051189,-0.403631,-0.886642,1.428394,0.175194,-0.618957,-0.203803,0.302862,1.007375,-1.037197,0.279928,-0.579222,0.072385,0.515624,-0.294007,-0.294169,0.832959,0.613189,0.35509,-0.428303
95136,2027,0,-0.105208,-0.77233,-0.051189,-0.414926,-0.886642,1.428394,0.175194,-0.618957,-0.203803,0.302862,1.007375,-1.038192,0.304807,-0.579222,-0.102134,0.425198,-0.335718,-0.294169,1.173989,0.572406,0.35509,-0.417908
95136,2028,0,-0.151779,-0.781139,-0.051189,-0.422698,-0.886642,1.428394,0.175194,-0.618957,-0.203803,0.302862,1.007375,-1.038856,0.281147,-0.579222,-0.153874,0.322072,-0.355359,-0.294169,1.299466,0.535008,0.35509,-0.430497
95136,2029,0,-0.192106,-0.837395,-0.051189,-0.428046,-0.886642,1.428394,0.175194,-0.618957,-0.203803,0.302862,1.007375,-1.03931,0.236299,-0.579222,-0.068838,0.227831,-0.358014,-0.294169,1.175772,0.502791,0.35509,-0.452936
95138,2015,0,-0.949085,-0.541309,-1.00546,0.26988,-0.74932,-0.290005,-0.450636,1.292136,-0.157072,-0.048339,-0.051186,-0.821596,-0.191511,0.026953,0.051569,-0.90814,-0.908702,0.275231,0.842373,-1.019001,-1.329619,-0.12085
95138,2016,0,-0.861204,-0.367713,-1.00546,0.360342,-0.711175,-0.440793,-0.450636,1.292136,-0.157072,-0.074825,-0.145851,-0.452198,-0.250695,0.010785,0.371182,-0.677072,-0.893031,0.630794,0.757403,-0.97775,-1.329619,0.324857
95138,2017,0,-0.698626,-0.096671,-0.096814,-0.367897,-0.802498,-1.268463,-0.450636,1.292136,-0.157072,-0.030183,-0.179743,-0.369248,-0.183688,0.187189,0.869634,0.485211,-0.783994,0.221771,0.631043,-0.902643,-1.329619,0.13573
95138,2018,0,-0.487714,0.344898,-0.058026,0.224648,-0.74932,-1.16866,-0.450636,1.292136,-0.157072,-0.081516,-0.216387,-0.281041,-0.141143,0.12845,0.898367,0.522956,-0.777406,0.444992,0.437532,-0.87618,-1.329619,0.328394
95138,2019,0,-0.411258,0.347241,-0.180417,0.179417,-0.787465,-1.291348,-0.450636,1.292136,-0.157072,-0.032763,-0.248215,0.184562,-0.181024,0.233336,0.869634,0.636192,-0.630665,0.358838,0.320315,-0.853609,-1.329619,0.234165
95138,2020,1,-0.518472,-0.34989,-0.364354,-0.679977,-0.82561,-1.43731,-0.450636,1.292136,-0.157072,0.106661,-0.311955,0.165999,-0.220905,0.315051,0.725967,0.607883,-0.67253,-0.220996,-0.003122,-0.877348,-1.329619,-0.064917
95138,2021,1,-0.449926,-0.280089,-0.39699,-0.589515,-0.787465,-1.409461,-0.450636,1.292136,-0.157072,0.079328,-0.234709,0.288765,-0.233492,0.377718,0.524833,0.532393,-0.709071,-0.424014,0.005544,-0.9042,-1.329619,-0.106317
95138,2022,1,-0.406864,-0.309592,-0.434937,-0.634746,-0.82561,-1.417058,-0.450636,1.292136,-0.157072,-0.057432,-0.262365,0.289411,-0.267255,0.351278,0.524833,0.541829,-0.646434,-0.528386,-0.219081,-0.892914,-1.329619,-0.157326
95138,2023,0,-0.137951,-0.143252,-0.445299,-0.544284,-0.9019,-1.420061,-0.450636,1.292136,-0.157072,-0.053151,-0.307697,0.653082,-0.170978,0.346287,0.467366,0.636192,-0.403635,-0.886746,-0.248337,-0.791344,-1.329619,-0.238766
95138,2024,0,-0.137951,-0.080627,-0.408949,-0.544284,-0.9019,-1.345564,-0.450636,1.292136,-0.157072,-0.102644,-0.268085,0.686489,-0.242466,0.330464,0.3237,0.607883,-0.258724,-1.13152,-0.36072,-0.757098,-1.329619,-0.370129
95138,2025,0,-0.241552,-0.094541,-1.005461,-0.422588,-0.864064,-1.395675,-0.450636,1.292135,-0.157072,-0.029521,-0.240559,0.598841,-0.208376,0.305901,0.320281,0.578326,-0.346473,-0.946091,-0.316154,-0.820085,-1.329619,0.270247
95138,2026,0,-0.380788,-0.060522,-1.005461,-0.333698,-0.840208,-1.45764,-0.450636,1.292135,-0.157072,-0.029521,-0.226451,0.521986,-0.208376,0.286254,0.423416,0.564463,-0.41344,-0.799846,-0.274931,-0.917974,-1.329619,0.269689
95138,2027,0,-0.505505,-0.074992,-1.005461,-0.268769,-0.825168,-1.488115,-0.450636,1.292135,-0.157072,-0.029521,-0.219226,0.454578,-0.208376,0.27055,0.577234,0.557961,-0.464546,-0.684505,-0.236798,-0.975196,-1.329619,0.273929
95138,2028,0,-0.58924,-0.140415,-1.005461,-0.221343,-0.815685,-1.460677,-0.450636,1.292135,-0.157072,-0.029521,-0.215527,0.395465,-0.208376,0.257988,0.725167,0.554912,-0.50355,-0.593537,-0.201532,-0.958773,-1.329619,0.277851
95138,2029,0,-0.626643,-0.222274,-1.005461,-0.186701,-0.809706,-1.396507,-0.450636,1.292135,-0.157072,-0.029521,-0.213635,0.343617,-0.208376,0.24794,0.826317,0.553482,-0.533316,-0.521793,-0.168911,-0.89381,-1.329619,0.282092
95139,2015,0,-0.022828,-0.799574,-1.00546,-0.906134,-1.016335,-0.900949,0.392215,0.56489,-0.203803,-0.048339,-0.051186,-0.821596,-0.191511,0.026953,-0.570937,-0.783842,-0.21004,0.747058,0.842373,-1.306588,0.253295,-1.603879
95139,2016,0,0.151174,-0.488432,-1.00546,-0.951365,-0.97819,-1.106546,0.392215,0.56489,-0.203803,-0.074825,-0.145851,-0.452198,-0.250695,0.010785,0.213403,-0.432702,-0.189834,0.690524,0.757403,-1.300361,0.253295,-0.344592
95139,2017,0,0.069446,-0.040381,-0.985169,-0.510849,-0.767994,-1.490136,0.392215,0.56489,-0.203803,-0.030183,-0.179743,-0.369248,-0.183688,0.187189,0.352433,0.098322,-0.273838,0.641891,0.631043,-1.306588,0.253295,-0.148559
95139,2018,0,0.084385,-0.448371,-1.218238,-0.996596,-0.9019,-1.518601,0.392215,0.56489,-0.203803,-0.081516,-0.216387,-0.281041,-0.141143,0.12845,0.180033,-0.052659,-0.029576,0.665305,0.437532,-1.285962,0.253295,-0.484261
95139,2019,0,0.166993,-0.537836,-1.298562,-1.041828,-0.940045,-1.602301,0.392215,0.56489,-0.203803,-0.032763,-0.248215,0.184562,-0.181024,0.233336,0.4961,0.051141,0.031746,0.589284,0.320315,-1.26845,0.253295,-0.407981
95139,2020,1,0.303207,-0.539038,-1.342208,-1.041828,-0.940045,-1.600267,0.392215,0.56489,-0.203803,0.106661,-0.311955,0.165999,-0.220905,0.315051,0.553567,0.202122,0.030577,0.418988,-0.003122,-1.236539,0.253295,-0.369569
95139,2021,1,0.763699,0.03986,-1.230601,-0.52391,-0.9019,-1.668776,0.392215,0.56489,-0.203803,0.079328,-0.234709,0.288765,-0.233492,0.377718,0.869634,0.636192,0.166842,0.127028,0.005544,-1.214357,0.253295,-0.104328
95139,2022,1,0.617818,0.073824,-1.135556,-0.492596,-0.940045,-1.691841,0.392215,0.56489,-0.203803,-0.057432,-0.262365,0.289411,-0.267255,0.351278,0.984567,0.69281,0.078097,-0.087626,-0.219081,-1.209688,0.253295,-0.049539
95139,2023,0,0.638909,-0.017748,-1.25032,-0.491238,-0.9019,-1.779336,0.392215,0.56489,-0.203803,-0.053151,-0.307697,0.653082,-0.170978,0.346287,0.984567,0.626756,0.036175,0.25327,-0.248337,-1.207742,0.253295,-0.011839
95139,2024,0,0.638909,0.105406,-1.19155,-0.495844,-0.9019,-1.685398,0.392215,0.56489,-0.203803,-0.102644,-0.268085,0.686489,-0.242466,0.330464,0.5823,0.570138,0.140741,-0.274413,-0.36072,-1.192565,0.253295,-0.228696
95139,2025,0,0.546584,-0.359098,-1.005461,-1.033711,-0.936231,-1.692997,0.392215,0.56489,-0.203803,-0.029521,-0.240559,0.598841,-0.208376,0.305901,0.610163,0.439677,0.087246,-0.46301,-0.316154,-1.191907,0.253295,-0.610226
95139,2026,0,0.480351,-0.441906,-1.005461,-1.021198,-0.936231,-1.611975,0.392215,0.56489,-0.203803,-0.029521,-0.226451,0.521986,-0.208376,0.286254,0.636526,0.326646,0.050813,-0.494737,-0.274931,-1.20208,0.253295,-0.665447
95139,2027,0,0.432835,-0.486428,-1.005461,-1.007386,-0.936231,-1.579763,0.392215,0.56489,-0.203803,-0.029521,-0.219226,0.454578,-0.208376,0.27055,0.661468,0.270223,0.025999,-0.460588,-0.236798,-1.218305,0.253295,-0.708983
95139,2028,0,0.398747,-0.499771,-1.005461,-0.994536,-0.936231,-1.588962,0.392215,0.56489,-0.203803,-0.029521,-0.215527,0.395465,-0.208376,0.257988,0.685066,0.266488,0.009099,-0.404498,-0.201532,-1.235909,0.253295,-0.740117
95139,2029,0,0.374292,-0.498063,-1.005461,-0.984045,-0.936231,-1.617685,0.392215,0.56489,-0.203803,-0.029521,-0.213635,0.343617,-0.208376,0.24794,0.707393,0.291195,-0.002411,-0.346492,-0.168911,-1.251182,0.253295,-0.763115
95140,2015,0,3.783259,0.885528,-2.04801,-0.670879,-1.092625,-1.600525,-3.816995,1.022835,-0.203803,-0.048339,-0.051186,-0.821596,-0.191511,0.026953,-0.790559,1.293197,1.16042,1.020492,0.842373,-1.598844,-1.464667,-1.207487
95140,2016,0,3.047703,0.543961,-1.90411,-0.709401,-1.092625,-1.501964,-3.816995,1.022835,-0.203803,-0.074825,-0.145851,-0.452198,-0.250695,0.010785,-0.657306,0.887467,0.65902,1.020492,0.757403,-1.595731,-1.464667,-1.072639
95140,2017,0,2.149568,-0.650587,-2.887139,-3.121855,-0.108828,-0.030544,-3.816995,1.022835,-0.203803,-0.030183,-0.179743,-0.369248,-0.183688,0.187189,-8.09518,-2.921296,3.781534,1.020492,0.631043,-1.607795,-1.464667,-6.008443
95140,2018,0,0.805881,-1.047904,-1.850412,-2.880126,-0.091082,0.02752,-3.816995,1.022835,-0.203803,-0.081516,-0.216387,-0.281041,-0.141143,0.12845,-4.733375,-2.73257,2.87996,1.020492,0.437532,-1.602736,-1.464667,-4.469805
95140,2019,0,1.292737,-0.520493,-2.391256,-2.519561,-0.169076,-0.676831,-3.816995,1.022835,-0.203803,-0.032763,-0.248215,0.184562,-0.181024,0.233336,-6.198777,-2.072029,2.417602,1.020492,0.320315,-1.605849,-1.464667,-4.656843
95140,2020,1,-1.052783,0.847488,-1.277627,-0.791294,1.863201,-0.484065,-3.816995,1.022835,-0.203803,0.106661,-0.311955,0.165999,-0.220905,0.315051,-10.393851,-2.921296,0.199826,1.020492,-0.003122,-1.6148,-1.464667,-4.859085
95140,2021,1,0.362965,-0.750962,-0.865019,-3.244147,-0.406324,-0.62159,-3.816995,1.022835,-0.203803,0.079328,-0.234709,0.288765,-0.233492,0.377718,-1.28537,-1.194452,3.63456,-1.328237,0.005544,-1.60546,-1.464667,-3.784517
95140,2022,1,-0.87878,-0.812156,-0.23098,-3.932003,0.41433,-0.698463,-3.816995,1.022835,-0.203803,-0.057432,-0.262365,0.289411,-0.267255,0.351278,-1.917504,-1.628522,4.622583,-2.054207,-0.219081,-1.606627,-1.464667,-4.789206
95140,2023,0,-0.772446,1.139896,0.578215,-2.872623,0.916665,-0.835689,-3.816995,1.022835,-0.203803,-0.053151,-0.307697,0.653082,-0.170978,0.346287,-4.302374,-0.920799,4.452817,-4.948043,-0.248337,-1.612854,-1.464667,-5.269717
95140,2024,0,-0.772446,1.233454,0.626036,-2.852323,0.62256,-0.62862,-3.816995,1.022835,-0.203803,-0.102644,-0.268085,0.686489,-0.242466,0.330464,-4.848309,-1.100089,4.28423,-6.227014,-0.36072,-1.614021,-1.464667,-5.490046
95140,2025,0,-0.217087,-0.059758,-0.791054,-3.137357,-1.092625,-0.189445,-3.816995,1.022835,-0.203803,-0.029521,-0.240559,0.598841,-0.208376,0.305901,-5.796499,-2.132807,2.809215,-5.896999,-0.316154,-1.606472,-1.464667,-5.466928
95140,2026,0,0.164178,-0.032014,-0.941701,-3.009471,-1.092625,-0.108942,-3.816995,1.022835,-0.203803,-0.029521,-0.226451,0.521986,-0.208376,0.286254,-5.796499,-2.132807,2.809215,-5.582012,-0.274931,-1.606472,-1.464667,-5.360204
95140,2027,0,0.425924,-0.026911,-1.061617,-2.928716,-1.092625,-0.059924,-3.816995,1.022835,-0.203803,-0.029521,-0.219226,0.454578,-0.208376,0.27055,-5.796499,-2.132807,2.809215,-5.281367,-0.236798,-1.606472,-1.464667,-5.285167
95140,2028,0,0.605619,-0.036906,-1.159961,-2.88007,-1.092625,-0.032442,-3.816995,1.022835,-0.203803,-0.029521,-0.215527,0.395465,-0.208376,0.257988,-5.796499,-2.132807,2.809215,-4.994412,-0.201532,-1.606472,-1.464667,-5.232016
95140,2029,0,0.728983,-0.056815,-1.243003,-2.853224,-1.092625,-0.019648,-3.816995,1.022835,-0.203803,-0.029521,-0.213635,0.343617,-0.208376,0.24794,-5.796499,-2.132807,2.809215,-4.720523,-0.168911,-1.606472,-1.464667,-5.19401
95148,2015,0,0.223236,-1.1345,0.095415,-0.363358,-0.596741,1.992101,0.089394,-0.546367,-0.203329,2.68109,2.90063,-0.990622,0.473362,-1.884382,0.428678,-0.783875,-0.379153,-0.339073,-1.540026,0.345772,-0.472504,0.158076
95148,2016,0,0.340117,-0.692634,0.462373,-0.363358,-0.673031,1.347864,0.089394,-0.546367,-0.203329,2.591859,1.421948,-0.410304,0.296623,-1.927761,0.635171,-0.135909,-0.22144,-0.056632,-1.604943,0.457849,-0.472504,0.156534
95148,2017,0,0.349783,-0.317228,0.150779,0.146794,0.105011,0.786407,0.089394,-0.546367,-0.203329,2.387536,1.274639,0.111322,0.319482,-1.711195,0.352433,0.287049,-0.198099,0.144473,-1.698276,0.529064,-0.472504,0.436553
95148,2018,0,0.428875,-0.414683,0.462373,-0.363358,-0.787465,1.025746,0.089394,-0.546367,-0.203329,2.484658,1.288273,0.159747,0.344711,-1.857283,0.352433,0.33423,-0.16663,0.258715,-1.733813,0.548911,-0.472504,0.116161
95148,2019,0,0.572999,-0.390351,0.462373,-0.453821,-0.787465,1.025746,0.089394,-0.546367,-0.203329,2.467003,0.770304,0.246661,0.118744,-1.830873,0.438633,0.419157,-0.00771,0.36535,-1.822414,0.630634,-0.472504,0.260397
95148,2020,1,0.730304,-0.572394,0.095415,-0.453821,-0.74932,0.703627,0.089394,-0.546367,-0.203329,2.45697,0.523169,0.188055,-0.049043,-1.965356,0.697233,0.494647,0.01137,0.271683,-1.80209,0.639196,-0.472504,0.378683
95148,2021,1,0.94561,-0.229168,0.645853,-0.40859,-0.787465,1.347864,0.089394,-0.546367,-0.203329,2.325123,0.392204,0.481541,-0.124019,-1.837711,0.611033,0.522956,0.166691,-0.062805,-1.829053,0.689008,-0.472504,0.383349
95148,2022,1,1.283949,-0.665141,-0.271543,-0.318127,-0.74932,1.347864,0.089394,-0.546367,-0.203329,1.995497,0.157326,0.505658,-0.16863,-1.663507,0.639767,0.579574,0.420116,-0.492455,-1.833498,0.807701,-0.472504,0.240895
95148,2023,0,1.486073,-1.073305,-0.271543,-0.453821,-0.673031,2.314219,0.089394,-0.546367,-0.203329,1.887787,-0.032735,0.879457,-0.057058,-1.548192,0.8409,0.636192,0.523715,-0.855324,-1.887234,0.920556,-0.472504,0.041545
95148,2024,0,1.486073,-1.008918,-0.271543,-0.453821,-0.673031,2.314219,0.089394,-0.546367,-0.203329,1.995451,-0.147485,0.730321,-0.205215,-1.531724,0.812167,0.607883,0.535979,-1.101716,-1.868037,0.842725,-0.472504,0.05299
95148,2025,0,1.439033,-0.21964,0.684407,-0.39954,-0.676296,1.459775,0.089394,-0.546367,-0.203329,2.078845,0.070274,0.50564,-0.369345,-1.775695,0.734064,0.555682,0.498028,-1.144751,-1.854071,0.787015,-0.472504,0.189848
95148,2026,0,1.355369,-0.657118,-0.099881,-0.39954,-0.678823,1.459775,0.089394,-0.546367,-0.203329,2.141558,0.250228,0.266866,-0.301153,-1.775695,0.678429,0.481547,0.463348,-0.982375,-1.841465,0.745469,-0.472504,0.176501
95148,2027,0,1.245913,-0.324032,0.543571,-0.39954,-0.680778,1.459775,0.089394,-0.546367,-0.203329,2.188717,0.398956,0.055492,-0.242884,-1.775695,0.6388,0.401009,0.431657,-0.66326,-1.830089,0.713261,-0.472504,0.152679
95148,2028,0,1.121219,-0.647641,0.015665,-0.39954,-0.682292,1.459775,0.089394,-0.546367,-0.203329,2.224182,0.521879,-0.106112,-0.193069,-1.775695,0.610571,0.33066,0.402697,-0.272672,-1.819813,0.687429,-0.472504,0.123765
95148,2029,0,0.990996,-0.435881,0.448774,-0.39954,-0.683463,1.459775,0.089394,-0.546367,-0.203329,2.250845,0.623511,-0.211188,-0.150501,-1.775695,0.590464,0.284734,0.376234,0.090093,-1.810545,0.666124,-0.472504,0.095038
