zip_code,year,pct_adults_60_plus_under_200_fpl,ACS_MEDIAN_HH_INC_ZC,ACS_PCT_INC50_ABOVE65_ZC,CCBP_TOT_SOGS_ZP,CCBP_TOT_CFS_ZP,uninsured_65_plus,POS_DIST_MEDSURG_ICU_ZP,POS_DIST_CLINIC_ZP,CCBP_TOT_HOME_ZP,ACS_PCT_RENTER_HU_ABOVE65_ZC,ACS_PCT_HH_ALONE_ABOVE65_ZC,pct_no_computer,pct_no_internet,pct_pop_60_plus,senior_households_total,pct_black_60_plus,pct_asian_60_plus,pct_hispanic_60_plus,pct_white_non_hispanic_60_plus,pct_snap_households_60_plus,pct_disabled_60_plus,pct_limited_english_60_plus,CCBP_TOT_CS_ZP,CCBP_TOT_FF_ZP,CCBP_TOT_FSR_ZP,CCBP_TOT_RET_ZP,CCBP_TOT_CHS_ZP,ACS_PCT_HH_ABOVE65_ZC,drive_time_hospital_min,transit_coverage_pct,healthcare_facilities_per_10k_older_adults,green_coverage_pct
94022,2015,8.910529464762904,182750.0,1.68,5.0,,0,2.73,3.3,1.0,19.94,12.66,,,29.50250280927571,3727,0.0226315497914371,0.3305911739548671,0.1467464591916269,0.6586124094227013,1.636705124765227,0.3261689905743608,0.2848086858369863,2.0,12.0,30.0,2.0,,38.15,13.4,11.08,9.16977822075427,50.85
94022,2016,8.462269209244678,194014.0,1.96,4.0,,0,2.73,3.3,1.0,27.83,13.19,,,29.69297132707435,3737,0.0204309958342449,0.3271507409129737,0.1415029040642709,0.6429341884247972,2.033716885202034,0.305016165368151,0.2869698263592371,2.0,11.0,32.0,2.0,,40.24,13.4,11.08,9.16977822075427,50.85
94022,2017,7.939268635459792,208984.0,2.13,4.0,,0,2.73,3.3,,25.27,13.07,2.6,4.7,29.69644317252658,3659,0.0196433317313079,0.3329486107941249,0.1474387168909863,0.6196191246198688,2.405028696365127,0.300265533401003,0.2633922231941915,,12.0,36.0,,,41.58,13.4,11.08,9.16977822075427,50.85
94022,2018,5.633248938623104,216042.0,1.28,4.0,,0,2.73,3.3,,25.56,12.41,2.1,3.9,30.87521932087935,3719,0.0187905541170341,0.3262821673796261,0.151208156674229,0.583913904143561,2.25867168593708,0.2952150949988972,0.2712430486966753,,12.0,39.0,,,43.41,13.4,11.08,9.16977822075427,50.85
94022,2019,6.326287265914249,223859.0,2.05,4.0,,0,2.73,3.3,,25.23,14.3,1.3,3.2,30.12985674533649,3668,0.0180506526962277,0.3326141488999254,0.147675197012606,0.5622860527399547,2.18102508178844,0.2685531176476851,0.2572239616948179,3.0,11.0,41.0,,,43.13,13.4,11.08,9.16977822075427,50.85
94022,2020,6.715375777100268,250001.0,1.3,5.0,,0,3.12,3.01,,20.29,12.25,0.6,2.6,30.00862900360388,3628,0.0165688122158104,0.3507217546321076,0.1441422373509831,0.502607836123907,0.7717750826901874,0.2696155111627134,0.2463015293153755,3.0,12.0,38.0,,,43.08,13.4,11.08,9.16977822075427,50.85
94022,2021,8.463239920577708,250001.0,2.22,4.0,,14,3.12,2.73,,16.35,12.93,1.2,3.3,30.0662713637949,3742,0.0183651667468979,0.3471722375116631,0.1430273245889134,0.5042067563314022,0.5344735435595939,0.2625862562443518,0.2379255890818096,3.0,12.0,34.0,,,43.27,13.4,11.08,9.16977822075427,50.85
94022,2022,8.734955445685683,250001.0,2.59,4.0,,9,3.12,2.73,,22.32,13.62,1.0,2.7,32.00678236584879,3917,0.0177218739837519,0.3294099635281001,0.1400357225459733,0.4627608647471963,0.2042379371968343,0.2625493042564989,0.2414603915120106,,13.0,37.0,3.0,,45.7,13.4,11.08,9.16977822075427,50.85
94022,2023,12.13762919801654,250001.0,4.16,4.0,,13,3.12,2.73,,20.13,12.64,1.3,2.7,31.70109538338419,3877,0.0166682967026267,0.329966207147421,0.1485650125972176,0.457362546729129,1.444415785401083,0.2417235159777279,0.242126574755064,3.0,14.0,34.0,3.0,,45.68,13.4,11.08,9.16977822075427,50.85
94022,2024,11.55335670440204,250001.0,4.16,4.0,,14,3.12,2.73,,20.13,12.64,1.1,2.5,32.88560443401408,3967,0.0175887038434454,0.3235381184664456,0.1422318023790406,0.4366265130027874,1.235190320141165,0.2398112426348928,0.2442415448622066,3.0,14.0,34.0,3.0,,45.68,13.4,11.08,9.16977822075427,50.85
94024,2015,8.608988784856315,167546.0,0.65,2.0,,0,1.27,3.65,2.0,12.56,8.68,,,26.86767895878525,3743,0.0070155745755577,0.325522660305879,0.0827837799915813,0.96113371685141,0.2671653753673523,0.2542493929438651,0.148730181001824,2.0,7.0,3.0,,,37.01,8.1,22.89,84.6709608106639,9.33
94024,2016,9.536932807243694,204534.0,1.29,3.0,,0,1.27,3.65,3.0,9.66,7.54,,,26.12221884893958,3622,0.0070155745755577,0.325522660305879,0.0827837799915813,0.96113371685141,0.2208724461623412,0.2542493929438651,0.148730181001824,3.0,8.0,4.0,,,34.77,8.1,22.89,84.6709608106639,9.33
94024,2017,8.398651406249042,220970.0,1.66,3.0,,32,1.27,3.65,,12.13,6.69,1.2,3.4,26.89320388349515,3750,0.0070155745755577,0.325522660305879,0.0827837799915813,0.96113371685141,0.24,0.2542493929438651,0.148730181001824,,7.0,7.0,,,36.14,8.1,22.89,84.6709608106639,9.33
94024,2018,8.292984097659755,237454.0,1.49,3.0,,20,1.27,3.65,,10.85,7.46,2.3,4.0,25.93798255498518,3720,0.0070155745755577,0.325522660305879,0.0827837799915813,0.96113371685141,0.2150537634408602,0.2542493929438651,0.148730181001824,,6.0,6.0,,,35.54,8.1,22.89,84.6709608106639,9.33
94024,2019,6.926012448720195,250001.0,1.38,3.0,,0,1.27,3.65,,9.19,7.79,2.4,4.1,27.15522703273495,3844,0.0070155745755577,0.325522660305879,0.0827837799915813,0.96113371685141,0.72840790842872,0.2542493929438651,0.148730181001824,,6.0,5.0,,,36.76,8.1,22.89,84.6709608106639,9.33
94024,2020,7.20344037999778,247604.0,1.12,3.0,,18,1.08,2.3,,7.86,8.16,2.3,3.3,27.06294296321296,3720,0.0070155745755577,0.325522660305879,0.0827837799915813,0.96113371685141,0.5376344086021506,0.2542493929438651,0.148730181001824,,6.0,5.0,,,36.3,8.1,22.89,84.6709608106639,9.33
94024,2021,6.415145757281761,250001.0,1.56,4.0,,51,1.08,2.3,,10.37,7.45,2.4,3.1,28.43862331115977,4016,0.0070155745755577,0.325522660305879,0.0827837799915813,0.96113371685141,0.5727091633466136,0.2542493929438651,0.148730181001824,,5.0,5.0,,,37.03,8.1,22.89,84.6709608106639,9.33
94024,2022,6.349132786759462,250001.0,1.12,4.0,,57,1.08,2.3,,10.33,7.9,2.2,2.3,29.64518946799218,4168,0.0070155745755577,0.325522660305879,0.0827837799915813,0.96113371685141,0.6717850287907869,0.2542493929438651,0.148730181001824,3.0,4.0,4.0,,,38.6,8.1,22.89,84.6709608106639,9.33
94024,2023,6.794111763659343,250001.0,0.89,3.0,,72,1.08,2.3,,10.91,7.77,1.3,1.4,30.45663836438136,4252,0.0041608876560332,0.3203883495145631,0.0859916782246879,0.941747572815534,0.6114769520225777,0.2423217807833192,0.1511789181692094,3.0,3.0,4.0,,,39.55,8.1,22.89,84.6709608106639,9.33
94024,2024,6.682030353117101,250001.0,0.89,3.0,,54,1.08,2.3,,10.91,7.77,0.9,0.7,29.07466053533469,4015,0.0041608876560332,0.3203883495145631,0.0859916782246879,0.941747572815534,0.821917808219178,0.2423217807833192,0.1511789181692094,3.0,3.0,4.0,,,39.55,8.1,22.89,84.6709608106639,9.33
94028,2015,6.666543448896199,180174.0,0.0,1.0,,0,4.12,5.02,1.0,69.35,14.45,,,37.45139096619803,1559,0.0226315497914371,0.3305911739548671,0.1467464591916269,0.6586124094227013,0.0,0.3261689905743608,0.2848086858369863,,2.0,4.0,1.0,,43.8,14.3,0.0,0.0,27.15
94028,2016,4.965338418864697,229554.0,0.0,1.0,,0,4.12,5.02,1.0,67.61,14.01,,,36.26647144948755,1549,0.0204309958342449,0.3271507409129737,0.1415029040642709,0.6429341884247972,0.0,0.305016165368151,0.2869698263592371,,2.0,7.0,1.0,,47.97,14.3,0.0,0.0,27.15
94028,2017,7.415714666878621,244671.0,0.0,,,0,4.12,5.02,,56.9,13.03,3.0,6.5,33.55552403914339,1442,0.0196433317313079,0.3329486107941249,0.1474387168909863,0.6196191246198688,0.0,0.300265533401003,0.2633922231941915,,3.0,6.0,,,46.01,14.3,0.0,0.0,27.15
94028,2018,7.933105376640383,220625.0,0.0,,,16,4.12,5.02,,50.72,13.92,2.5,6.5,34.28945835760047,1482,0.0187905541170341,0.3262821673796261,0.151208156674229,0.583913904143561,0.0,0.2952150949988972,0.2712430486966753,,3.0,4.0,,,49.59,14.3,0.0,0.0,27.15
94028,2019,6.265807142562921,234091.0,0.0,,,17,4.12,5.02,,53.18,15.47,2.1,4.1,32.91228070175439,1435,0.0180506526962277,0.3326141488999254,0.147675197012606,0.5622860527399547,0.0,0.2685531176476851,0.2572239616948179,,3.0,3.0,,,49.16,14.3,0.0,0.0,27.15
94028,2020,9.23633723745401,221667.0,0.0,,,13,4.09,4.9,,60.93,20.66,2.4,4.6,42.31914260196487,1664,0.0165688122158104,0.3507217546321076,0.1441422373509831,0.502607836123907,0.0,0.2696155111627134,0.2463015293153755,,,,,,58.69,14.3,0.0,0.0,27.15
94028,2021,12.48844965048001,250001.0,1.31,,,13,4.09,4.9,,68.98,20.83,1.9,4.4,42.16043755697356,1626,0.0183651667468979,0.3471722375116631,0.1430273245889134,0.5042067563314022,0.7995079950799507,0.2625862562443518,0.2379255890818096,,,,,,57.78,14.3,0.0,0.0,27.15
94028,2022,13.29607382847268,243516.0,1.27,,,14,4.09,4.87,,61.11,21.63,0.9,3.1,43.22009291521486,1798,0.0177218739837519,0.3294099635281001,0.1400357225459733,0.4627608647471963,1.835372636262514,0.2625493042564989,0.2414603915120106,,,3.0,,,58.76,14.3,0.0,0.0,27.15
94028,2023,11.88239659229752,250001.0,1.32,,,0,4.09,4.87,,65.93,21.79,0.9,2.8,46.18510158013544,1830,0.0166682967026267,0.329966207147421,0.1485650125972176,0.457362546729129,2.076502732240437,0.2417235159777279,0.242126574755064,,3.0,,,,60.8,14.3,0.0,0.0,27.15
94028,2024,12.19431333120074,250001.0,1.32,,,0,4.09,4.87,,65.93,21.79,0.9,2.5,47.60373602817333,1823,0.0175887038434454,0.3235381184664456,0.1422318023790406,0.4366265130027874,2.633022490400439,0.2398112426348928,0.2442415448622066,,3.0,,,,60.8,14.3,0.0,0.0,27.15
94040,2015,22.14362535278365,101912.0,2.87,10.0,,0,1.44,3.89,3.0,9.61,8.14,,,14.172798344447,3452,0.0226315497914371,0.3305911739548671,0.1467464591916269,0.6586124094227013,2.607184241019699,0.3261689905743608,0.2848086858369863,5.0,30.0,33.0,2.0,,20.18,4.6,68.98,210.109686072322,4.92
94040,2016,22.14668558447103,115600.0,2.04,10.0,,0,1.44,3.89,3.0,9.83,7.77,,,14.94602272727273,3649,0.0204309958342449,0.3271507409129737,0.1415029040642709,0.6429341884247972,1.534667032063579,0.305016165368151,0.2869698263592371,6.0,37.0,36.0,2.0,,20.64,4.6,68.98,210.109686072322,4.92
94040,2017,22.43628527903416,120028.0,1.87,9.0,,11,1.44,3.89,,9.48,8.08,5.3,8.9,15.35945869749084,3756,0.0196433317313079,0.3329486107941249,0.1474387168909863,0.6196191246198688,1.490947816826411,0.300265533401003,0.2633922231941915,3.0,39.0,41.0,,,20.12,4.6,68.98,210.109686072322,4.92
94040,2018,21.61866463399144,129188.0,2.23,10.0,,3,1.44,3.89,,8.83,8.08,4.3,8.9,15.70093457943925,3885,0.0187905541170341,0.3262821673796261,0.151208156674229,0.583913904143561,1.904761904761905,0.2952150949988972,0.2712430486966753,3.0,37.0,40.0,,,20.23,4.6,68.98,210.109686072322,4.92
94040,2019,18.34070228146731,139278.0,2.26,9.0,,4,1.44,3.89,,8.29,7.19,3.5,8.2,15.33702020478563,3802,0.0180506526962277,0.3326141488999254,0.147675197012606,0.5622860527399547,1.893740136770121,0.2685531176476851,0.2572239616948179,4.0,36.0,36.0,,,19.15,4.6,68.98,210.109686072322,4.92
94040,2020,17.89617746670239,139717.0,3.38,8.0,,3,0.8,0.6,,9.3,8.99,4.2,8.1,17.31122859441443,4115,0.0165688122158104,0.3507217546321076,0.1441422373509831,0.502607836123907,3.402187120291616,0.2696155111627134,0.2463015293153755,4.0,35.0,32.0,,,20.54,4.6,68.98,210.109686072322,4.92
94040,2021,17.00332905686671,153275.0,4.74,11.0,,3,0.8,0.6,,9.65,8.94,4.2,7.4,16.09217877094972,4045,0.0183651667468979,0.3471722375116631,0.1430273245889134,0.5042067563314022,3.80716934487021,0.2625862562443518,0.2379255890818096,8.0,37.0,29.0,,,19.51,4.6,68.98,210.109686072322,4.92
94040,2022,16.47114299354199,175147.0,5.8,11.0,,22,0.8,0.6,,9.45,8.81,3.4,6.3,16.5503126139008,4107,0.0177218739837519,0.3294099635281001,0.1400357225459733,0.4627608647471963,5.721938154370586,0.2625493042564989,0.2414603915120106,8.0,36.0,30.0,,,19.39,4.6,68.98,210.109686072322,4.92
94040,2023,19.43631727447415,184494.0,7.03,9.0,,15,0.8,0.6,,10.18,8.71,3.2,5.5,17.31542115173828,4270,0.0166682967026267,0.329966207147421,0.1485650125972176,0.457362546729129,6.48711943793911,0.2417235159777279,0.242126574755064,11.0,40.0,26.0,,,19.52,4.6,68.98,210.109686072322,4.92
94040,2024,22.18896609421015,184494.0,7.03,9.0,,11,0.8,0.6,,10.18,8.71,2.7,4.6,18.03154467894028,4358,0.0175887038434454,0.3235381184664456,0.1422318023790406,0.4366265130027874,7.824690224873796,0.2398112426348928,0.2442415448622066,11.0,40.0,26.0,,,19.52,4.6,68.98,210.109686072322,4.92
94041,2015,18.17849095567207,88810.0,0.51,4.0,,0,1.41,3.31,1.0,4.74,6.63,,,13.89767174475424,1386,0.0226315497914371,0.3305911739548671,0.1467464591916269,0.6586124094227013,1.65945165945166,0.3261689905743608,0.2848086858369863,4.0,9.0,49.0,,1.0,16.66,4.4,79.09,114.56037184578,3.66
94041,2016,15.32080030989439,101780.0,0.61,3.0,,0,1.41,3.31,1.0,3.93,6.51,,,13.30320576189804,1374,0.0204309958342449,0.3271507409129737,0.1415029040642709,0.6429341884247972,2.765647743813683,0.305016165368151,0.2869698263592371,4.0,10.0,50.0,,1.0,14.2,4.4,79.09,114.56037184578,3.66
94041,2017,17.63271362620277,121650.0,2.02,,,11,1.41,3.31,,4.14,6.72,3.7,8.5,14.18008430654412,1425,0.0196433317313079,0.3329486107941249,0.1474387168909863,0.6196191246198688,4.0,0.300265533401003,0.2633922231941915,3.0,12.0,54.0,,,14.68,4.4,79.09,114.56037184578,3.66
94041,2018,13.77998339791981,129444.0,2.71,,,15,1.41,3.31,,5.34,7.43,2.3,8.7,15.52035570376546,1601,0.0187905541170341,0.3262821673796261,0.151208156674229,0.583913904143561,3.060587133041849,0.2952150949988972,0.2712430486966753,3.0,9.0,52.0,,,16.46,4.4,79.09,114.56037184578,3.66
94041,2019,19.71409921791717,139818.0,1.96,,,13,1.41,3.31,,6.6,8.5,1.6,7.0,16.42876749931375,1726,0.0180506526962277,0.3326141488999254,0.147675197012606,0.5622860527399547,4.461181923522595,0.2685531176476851,0.2572239616948179,3.0,8.0,51.0,,,18.34,4.4,79.09,114.56037184578,3.66
94041,2020,19.976599410479,149291.0,2.96,,,12,1.35,0.92,,6.13,7.3,1.3,3.6,14.45412975135753,1456,0.0165688122158104,0.3507217546321076,0.1441422373509831,0.502607836123907,2.266483516483516,0.2696155111627134,0.2463015293153755,3.0,10.0,50.0,,,15.45,4.4,79.09,114.56037184578,3.66
94041,2021,19.6689520381933,160328.0,4.89,,,15,1.36,0.92,,6.7,8.86,1.4,4.3,14.58753868927466,1628,0.0183651667468979,0.3471722375116631,0.1430273245889134,0.5042067563314022,1.105651105651106,0.2625862562443518,0.2379255890818096,,11.0,44.0,,,18.51,4.4,79.09,114.56037184578,3.66
94041,2022,15.44609339992462,169479.0,4.72,,,1,1.36,0.92,,5.91,8.74,1.6,4.5,14.19655761397977,1655,0.0177218739837519,0.3294099635281001,0.1400357225459733,0.4627608647471963,0.0,0.2625493042564989,0.2414603915120106,,10.0,47.0,,,18.56,4.4,79.09,114.56037184578,3.66
94041,2023,16.23188826855317,168980.0,3.78,,,2,1.36,0.92,,6.58,8.42,1.6,4.5,12.47395997727416,1465,0.0166682967026267,0.329966207147421,0.1485650125972176,0.457362546729129,0.0,0.2417235159777279,0.242126574755064,,9.0,44.0,,,17.87,4.4,79.09,114.56037184578,3.66
94041,2024,13.98431230660065,168980.0,3.78,,,0,1.36,0.92,,6.58,8.42,2.5,4.5,13.23364485981308,1536,0.0175887038434454,0.3235381184664456,0.1422318023790406,0.4366265130027874,0.0,0.2398112426348928,0.2442415448622066,,9.0,44.0,,,17.87,4.4,79.09,114.56037184578,3.66
94043,2015,25.50412284243658,100844.0,2.4,3.0,,34,2.5,3.4,1.0,12.42,8.31,,,15.58829519994568,3428,0.0226315497914371,0.3305911739548671,0.1467464591916269,0.6586124094227013,3.063010501750292,0.3261689905743608,0.2848086858369863,5.0,30.0,22.0,1.0,,18.25,9.8,47.51,21.1242364452233,14.81
94043,2016,26.86276563871028,105030.0,3.96,1.0,,12,2.5,3.4,2.0,13.4,9.24,,,15.81393782208899,3485,0.0204309958342449,0.3271507409129737,0.1415029040642709,0.6429341884247972,3.672883787661406,0.305016165368151,0.2869698263592371,5.0,28.0,19.0,1.0,,19.49,9.8,47.51,21.1242364452233,14.81
94043,2017,25.83847037927071,118355.0,4.97,,,42,2.5,3.4,,12.23,9.34,4.0,9.6,15.46939707177096,3469,0.0196433317313079,0.3329486107941249,0.1474387168909863,0.6196191246198688,5.275295474200058,0.300265533401003,0.2633922231941915,4.0,29.0,17.0,,,18.88,9.8,47.51,21.1242364452233,14.81
94043,2018,23.31712583233442,125916.0,4.48,3.0,,25,2.5,3.4,,12.27,8.61,3.2,7.9,15.24390243902439,3547,0.0187905541170341,0.3262821673796261,0.151208156674229,0.583913904143561,5.638567803777841,0.2952150949988972,0.2712430486966753,7.0,27.0,16.0,,,19.0,9.8,47.51,21.1242364452233,14.81
94043,2019,23.09775065632495,138232.0,5.49,3.0,,41,2.5,3.4,,11.84,8.86,3.2,7.4,15.48088957350534,3602,0.0180506526962277,0.3326141488999254,0.147675197012606,0.5622860527399547,6.468628539700166,0.2685531176476851,0.2572239616948179,6.0,23.0,20.0,,,19.94,9.8,47.51,21.1242364452233,14.81
94043,2020,22.99848407452025,145994.0,6.19,,,71,3.46,2.08,,12.06,8.86,3.3,6.7,16.3661364417638,3697,0.0165688122158104,0.3507217546321076,0.1441422373509831,0.502607836123907,5.193400054097917,0.2696155111627134,0.2463015293153755,,,,,,19.98,9.8,47.51,21.1242364452233,14.81
94043,2021,20.87421635960167,159898.0,4.56,,,48,3.46,2.08,,12.02,8.94,3.2,4.8,16.48311751179959,3876,0.0183651667468979,0.3471722375116631,0.1430273245889134,0.5042067563314022,4.798761609907121,0.2625862562443518,0.2379255890818096,,,,,,20.06,9.8,47.51,21.1242364452233,14.81
94043,2022,18.85374975732302,174416.0,3.32,,,45,3.46,2.08,,13.54,9.25,2.8,3.7,16.95745332108968,3891,0.0177218739837519,0.3294099635281001,0.1400357225459733,0.4627608647471963,6.707787201233615,0.2625493042564989,0.2414603915120106,,,,,,20.72,9.8,47.51,21.1242364452233,14.81
94043,2023,19.40349378717735,180781.0,2.3,,,31,3.46,2.08,,13.22,10.05,3.2,4.0,17.27732351288934,3920,0.0166682967026267,0.329966207147421,0.1485650125972176,0.457362546729129,6.071428571428571,0.2417235159777279,0.242126574755064,,,,,,21.25,9.8,47.51,21.1242364452233,14.81
94043,2024,18.91199013359626,180781.0,2.3,,,28,3.46,2.08,,13.22,10.05,2.7,2.8,17.44333252953943,4012,0.0175887038434454,0.3235381184664456,0.1422318023790406,0.4366265130027874,7.876370887337986,0.2398112426348928,0.2442415448622066,,,,,,21.25,9.8,47.51,21.1242364452233,14.81
94085,2015,21.09878721873169,92489.0,4.62,5.0,,0,3.62,0.14,2.0,2.73,3.75,,,8.993793016087489,1475,0.0226315497914371,0.3305911739548671,0.1467464591916269,0.6586124094227013,7.389830508474576,0.3261689905743608,0.2848086858369863,9.0,28.0,22.0,,,10.71,7.2,71.83,49.9842851765229,2.02
94085,2016,23.94911341896271,101051.0,5.38,4.0,,0,3.62,0.14,2.0,4.49,4.29,,,9.729473184622686,1477,0.0204309958342449,0.3271507409129737,0.1415029040642709,0.6429341884247972,11.17129316181449,0.305016165368151,0.2869698263592371,8.0,30.0,26.0,,,12.62,7.2,71.83,49.9842851765229,2.02
94085,2017,24.67690300408949,103595.0,4.05,4.0,,0,3.62,0.14,3.0,4.52,3.48,5.1,14.1,10.25860226544133,1545,0.0196433317313079,0.3329486107941249,0.1474387168909863,0.6196191246198688,10.61488673139159,0.300265533401003,0.2633922231941915,7.0,31.0,26.0,,,12.75,7.2,71.83,49.9842851765229,2.02
94085,2018,27.23431853191797,116332.0,3.49,4.0,,0,3.62,0.13,3.0,4.68,3.66,4.8,15.0,9.939861087582585,1576,0.0187905541170341,0.3262821673796261,0.151208156674229,0.583913904143561,9.64467005076142,0.2952150949988972,0.2712430486966753,10.0,33.0,24.0,,,12.4,7.2,71.83,49.9842851765229,2.02
94085,2019,27.46851382891549,127774.0,3.05,5.0,,8,3.62,0.14,3.0,4.54,3.23,3.5,12.1,10.55849804073548,1645,0.0180506526962277,0.3326141488999254,0.147675197012606,0.5622860527399547,7.781155015197569,0.2685531176476851,0.2572239616948179,10.0,32.0,23.0,,,12.77,7.2,71.83,49.9842851765229,2.02
94085,2020,29.09972938216497,150915.0,4.57,6.0,,9,2.54,0.58,3.0,3.4,3.05,2.3,9.4,10.25771447948457,1570,0.0165688122158104,0.3507217546321076,0.1441422373509831,0.502607836123907,10.57324840764331,0.2696155111627134,0.2463015293153755,11.0,33.0,23.0,,,12.55,7.2,71.83,49.9842851765229,2.02
94085,2021,23.20040208609354,153003.0,10.74,6.0,,25,2.54,0.58,4.0,4.1,2.48,2.0,7.0,10.6280193236715,1711,0.0183651667468979,0.3471722375116631,0.1430273245889134,0.5042067563314022,6.253652834599649,0.2625862562443518,0.2379255890818096,11.0,35.0,20.0,,,12.5,7.2,71.83,49.9842851765229,2.02
94085,2022,27.10769898477725,168250.0,8.26,6.0,,38,2.54,0.58,3.0,4.8,2.31,2.4,6.5,12.24995651417638,1832,0.0177218739837519,0.3294099635281001,0.1400357225459733,0.4627608647471963,8.296943231441048,0.2625493042564989,0.2414603915120106,9.0,33.0,20.0,,,13.33,7.2,71.83,49.9842851765229,2.02
94085,2023,24.97807992517068,183563.0,9.21,6.0,,42,2.54,0.58,3.0,4.08,1.87,1.2,4.0,11.93920290167969,1766,0.0166682967026267,0.329966207147421,0.1485650125972176,0.457362546729129,7.984144960362401,0.2417235159777279,0.242126574755064,7.0,27.0,23.0,,,12.4,7.2,71.83,49.9842851765229,2.02
94085,2024,21.78873883320278,183563.0,9.21,6.0,,46,2.54,0.58,3.0,4.08,1.87,0.5,2.6,11.70912420912421,1792,0.0175887038434454,0.3235381184664456,0.1422318023790406,0.4366265130027874,7.645089285714286,0.2398112426348928,0.2442415448622066,7.0,27.0,23.0,,,12.4,7.2,71.83,49.9842851765229,2.02
94086,2015,23.58639782737868,100215.0,4.65,3.0,1.0,44,2.78,0.49,5.0,9.07,6.78,,,13.390525923163,4577,0.0512382578992314,0.5294619982920581,0.1380586393395957,0.6974096214062055,4.478916320734106,0.4076396807297606,0.4768004554511813,11.0,25.0,39.0,6.0,2.0,17.81,7.8,85.69,69.6030460011928,2.3
94086,2016,25.03168781039304,104449.0,6.78,4.0,1.0,33,2.78,0.49,4.0,9.18,6.77,,,14.09400012035867,4852,0.0512382578992314,0.5294619982920581,0.1380586393395957,0.6974096214062055,3.998351195383347,0.4076396807297606,0.4768004554511813,7.0,23.0,38.0,6.0,2.0,19.01,7.8,85.69,69.6030460011928,2.3
94086,2017,24.84472941266034,118576.0,6.18,3.0,,82,2.78,0.49,3.0,9.25,6.83,5.7,9.3,14.52828272570326,4767,0.0419404445687124,0.5186634978330771,0.1411994967146651,0.6780371871941843,3.985735263268303,0.3794799718903724,0.4753250384454075,7.0,32.0,39.0,5.0,,19.38,7.8,85.69,69.6030460011928,2.3
94086,2018,25.15391343906155,129112.0,5.11,3.0,,51,2.78,0.49,,9.98,7.1,4.7,7.5,14.2031029619182,4786,0.0283728188395517,0.5674563767910342,0.157469144559512,0.646900269541779,3.134141245298788,0.4008589835361489,0.4823379202723791,3.0,33.0,40.0,5.0,,19.54,7.8,85.69,69.6030460011928,2.3
94086,2019,24.17262252729638,139847.0,4.96,3.0,,21,2.78,0.49,,10.08,6.67,4.0,6.4,13.73496840145016,4696,0.0271907441913942,0.5668388905666193,0.150403225236266,0.6463984972563349,4.280238500851788,0.376617484749099,0.4712276294932086,3.0,36.0,40.0,3.0,,18.75,7.8,85.69,69.6030460011928,2.3
94086,2020,23.51789992285844,145103.0,6.82,3.0,,37,3.06,0.92,3.0,9.45,6.73,2.9,5.6,13.71823541370197,4654,0.0260086695432368,0.5662214043422044,0.1433373059130201,0.6458967249708908,3.308981521272024,0.3523759859620491,0.4601173387140381,3.0,31.0,39.0,3.0,,18.56,7.8,85.69,69.6030460011928,2.3
94086,2021,19.31485709058735,162017.0,4.02,3.0,,56,3.06,0.92,3.0,8.85,6.22,1.9,4.5,14.16608225733262,4829,0.0248265948950794,0.5656039181177895,0.1362713865897742,0.6453949526854467,3.230482501553117,0.3281344871749991,0.4490070479348677,4.0,30.0,37.0,5.0,,18.37,7.8,85.69,69.6030460011928,2.3
94086,2022,17.59587562465335,171265.0,5.18,3.0,,53,3.06,0.92,,8.11,5.78,1.5,4.5,13.81230062783185,4929,0.0236445202469219,0.5649864318933746,0.1292054672665282,0.6448931804000025,5.4169202678028,0.3038929883879492,0.4378967571556972,,32.0,38.0,4.0,,18.29,7.8,85.69,69.6030460011928,2.3
94086,2023,16.78754660619954,180217.0,4.73,4.0,,47,3.06,0.92,3.0,8.27,5.55,1.2,4.1,14.54979982024675,5126,0.0224624455987645,0.5643689456689597,0.1221395479432823,0.6443914081145584,6.788919235271167,0.2796514896008993,0.4267864663765267,6.0,35.0,37.0,4.0,,18.07,7.8,85.69,69.6030460011928,2.3
94086,2024,24.35809241370169,180217.0,4.73,4.0,,45,3.06,0.92,3.0,8.27,5.55,1.4,5.6,15.7319181441724,5620,0.029389215435727,0.5468949654996167,0.132890365448505,0.5213391259902888,11.85053380782918,0.2676056338028169,0.4357270636340404,6.0,35.0,37.0,4.0,,18.07,7.8,85.69,69.6030460011928,2.3
94087,2015,13.5686807808941,122354.0,1.28,16.0,,15,2.43,1.14,2.0,9.41,7.4,,,18.98565882540639,6632,0.007469654528478,0.2950513538748833,0.0569561157796451,0.5555555555555556,0.8745476477683957,0.2472019464720194,0.2054154995331466,9.0,56.0,48.0,8.0,,25.26,7.2,65.43,23.1899903217367,4.37
94087,2016,14.08116826702177,129668.0,1.51,16.0,,14,2.43,1.14,3.0,8.33,7.92,,,18.76685659170879,6410,0.0057104787284667,0.3055106119729704,0.0504425621014561,0.5758066051203959,0.9828393135725428,0.2516912057302029,0.1998667554963357,6.0,59.0,51.0,7.0,,25.41,7.2,65.43,23.1899903217367,4.37
94087,2017,12.52150414631657,137652.0,1.81,18.0,,106,2.43,1.14,6.0,8.03,8.6,2.8,6.5,18.85165623141768,6498,0.0055663790704146,0.3293440949995361,0.0445310325633175,0.53530012060488,1.923668821175746,0.2399612965650701,0.224510622506726,4.0,59.0,55.0,8.0,,25.95,7.2,65.43,23.1899903217367,4.37
94087,2018,12.59346815127282,153036.0,1.81,18.0,,93,2.43,1.14,4.0,8.48,8.38,2.7,6.5,18.7035774830039,6546,0.0056064287049149,0.3270416744533732,0.0467202392076247,0.547561203513362,2.322028719828903,0.2412451361867704,0.2214539338441412,3.0,56.0,55.0,7.0,,25.97,7.2,65.43,23.1899903217367,4.37
94087,2019,12.4502654361999,160907.0,1.61,16.0,,79,2.43,1.14,4.0,9.19,8.18,2.6,6.2,19.28954612832639,6714,0.0082334644588784,0.3293385783551367,0.0393376635257524,0.5306010429054981,2.457551385165326,0.2233203459089613,0.218644222852438,3.0,56.0,58.0,5.0,,26.54,7.2,65.43,23.1899903217367,4.37
94087,2020,12.18158093763728,168228.0,1.12,18.0,,114,1.98,1.2,4.0,9.04,8.82,2.5,5.3,19.43172849250197,6881,0.0045130426933838,0.35833558985468,0.0433252098564852,0.4828955681920751,2.761226565906119,0.2142589820359281,0.2409964798266991,4.0,57.0,56.0,6.0,,28.43,7.2,65.43,23.1899903217367,4.37
94087,2021,12.68679091535555,178128.0,1.71,18.0,,166,1.98,1.2,3.0,9.72,8.48,2.1,4.6,19.22336919241773,7230,0.0078328981723237,0.3489991296779808,0.0330722367275892,0.4664926022628373,2.959889349930843,0.2037104401600581,0.2228024369016536,6.0,63.0,53.0,6.0,,27.99,7.2,65.43,23.1899903217367,4.37
94087,2022,13.27315079583697,196611.0,2.49,18.0,,130,1.98,1.2,4.0,11.38,8.35,1.8,3.5,20.30281941167484,7538,0.0100326059694005,0.327731795000418,0.0342780703954518,0.4464509656383246,3.979835500132661,0.2110517558455206,0.2165370788395619,6.0,71.0,53.0,7.0,,29.55,7.2,65.43,23.1899903217367,4.37
94087,2023,12.76478655077381,200778.0,3.07,15.0,,129,1.98,1.2,5.0,9.87,8.65,1.2,2.3,20.49857206757733,7420,0.010071338648762,0.3197650020981956,0.0352496852706672,0.4565673520772135,3.665768194070081,0.2026074700493305,0.2056231640788921,9.0,72.0,53.0,7.0,3.0,29.0,7.2,65.43,23.1899903217367,4.37
94087,2024,13.15596368197084,200778.0,3.07,15.0,,82,1.98,1.2,5.0,9.87,8.65,0.7,1.9,20.66577803936503,7467,0.0108895962472776,0.326687887418328,0.0360194337409951,0.4406098173898475,2.986473818133119,0.1922232950057052,0.2060646674484838,9.0,72.0,53.0,7.0,3.0,29.0,7.2,65.43,23.1899903217367,4.37
94089,2015,28.37552279631491,88797.0,2.03,5.0,,10,4.65,0.99,1.0,7.07,9.9,,,19.5642743529185,2739,0.0226315497914371,0.3305911739548671,0.1467464591916269,0.6586124094227013,2.738225629791895,0.3261689905743608,0.2848086858369863,3.0,15.0,13.0,2.0,,26.24,8.6,50.0,0.0,3.49
94089,2016,27.46905647067728,94903.0,4.27,4.0,,37,4.65,0.99,1.0,6.74,9.4,,,19.79629023968603,2817,0.0204309958342449,0.3271507409129737,0.1415029040642709,0.6429341884247972,2.165424210152645,0.305016165368151,0.2869698263592371,4.0,15.0,18.0,2.0,,28.26,8.6,50.0,0.0,3.49
94089,2017,26.31365556294172,101869.0,4.45,3.0,,49,4.65,0.99,3.0,7.23,7.78,4.0,8.4,19.42173029139372,2739,0.0196433317313079,0.3329486107941249,0.1474387168909863,0.6196191246198688,2.482657904344651,0.300265533401003,0.2633922231941915,3.0,15.0,16.0,,,26.79,8.6,50.0,0.0,3.49
94089,2018,26.11954040460702,112750.0,4.27,3.0,,68,4.65,0.99,3.0,4.86,6.96,3.3,8.0,19.91664052346166,2811,0.0187905541170341,0.3262821673796261,0.151208156674229,0.583913904143561,2.24119530416222,0.2952150949988972,0.2712430486966753,3.0,15.0,14.0,,,25.27,8.6,50.0,0.0,3.49
94089,2019,25.44868551559374,119054.0,4.27,3.0,,101,4.65,0.99,,3.64,5.64,1.9,6.2,20.0594353640416,2800,0.0180506526962277,0.3326141488999254,0.147675197012606,0.5622860527399547,2.107142857142857,0.2685531176476851,0.2572239616948179,3.0,13.0,14.0,,,24.43,8.6,50.0,0.0,3.49
94089,2020,19.36220362976192,130164.0,3.02,3.0,,71,4.54,0.82,,3.56,6.33,1.2,4.3,20.53017484489566,2942,0.0165688122158104,0.3507217546321076,0.1441422373509831,0.502607836123907,3.399048266485384,0.2696155111627134,0.2463015293153755,3.0,8.0,14.0,,,24.69,8.6,50.0,0.0,3.49
94089,2021,20.70517128721286,136983.0,2.38,3.0,,61,4.54,0.82,,3.64,5.07,1.0,3.2,21.32215222203303,3104,0.0183651667468979,0.3471722375116631,0.1430273245889134,0.5042067563314022,3.286082474226804,0.2625862562443518,0.2379255890818096,3.0,6.0,12.0,,,23.86,8.6,50.0,0.0,3.49
94089,2022,20.70188708443078,149270.0,2.58,3.0,,46,4.54,0.82,3.0,3.78,6.54,0.8,3.0,22.21179681835629,3379,0.0177218739837519,0.3294099635281001,0.1400357225459733,0.4627608647471963,4.409588635691033,0.2625493042564989,0.2414603915120106,3.0,6.0,16.0,,,24.75,8.6,50.0,0.0,3.49
94089,2023,19.55603266321665,153725.0,2.41,3.0,,32,4.54,0.82,3.0,4.36,5.95,1.3,3.4,21.4310329973292,3262,0.0166682967026267,0.329966207147421,0.1485650125972176,0.457362546729129,5.885959534028204,0.2417235159777279,0.242126574755064,,5.0,14.0,,,24.07,8.6,50.0,0.0,3.49
94089,2024,17.95538045927761,153725.0,2.41,3.0,,22,4.54,0.82,3.0,4.36,5.95,1.1,2.7,22.84682144587867,3429,0.0175887038434454,0.3235381184664456,0.1422318023790406,0.4366265130027874,8.253135024788568,0.2398112426348928,0.2442415448622066,,5.0,14.0,,,24.07,8.6,50.0,0.0,3.49
94301,2015,16.5176112567417,134907.0,2.04,3.0,1.0,13,1.63,1.42,1.0,22.26,13.85,,,24.98814885043849,2763,0.0226315497914371,0.3305911739548671,0.1467464591916269,0.6586124094227013,0.3257328990228013,0.3261689905743608,0.2848086858369863,1.0,19.0,72.0,3.0,1.0,29.67,5.8,87.28,52.2443944949103,4.25
94301,2016,17.93609390068982,135427.0,1.75,3.0,1.0,13,1.63,1.42,,25.47,14.4,,,25.30300419323338,2900,0.0204309958342449,0.3271507409129737,0.1415029040642709,0.6429341884247972,0.3103448275862069,0.305016165368151,0.2869698263592371,1.0,19.0,63.0,3.0,1.0,32.77,5.8,87.28,52.2443944949103,4.25
94301,2017,17.5579507051941,146488.0,1.82,3.0,,9,1.63,1.42,,27.85,15.68,6.0,12.5,26.14226527396861,2963,0.0196433317313079,0.3329486107941249,0.1474387168909863,0.6196191246198688,0.3374957813027337,0.300265533401003,0.2633922231941915,,24.0,61.0,3.0,,34.5,5.8,87.28,52.2443944949103,4.25
94301,2018,16.66498464285811,153733.0,1.32,3.0,,0,1.63,1.42,,28.9,15.98,5.1,11.7,27.61910301902158,3109,0.0187905541170341,0.3262821673796261,0.151208156674229,0.583913904143561,1.38308137664844,0.2952150949988972,0.2712430486966753,,25.0,62.0,3.0,,35.85,5.8,87.28,52.2443944949103,4.25
94301,2019,15.748447096917,159148.0,1.63,3.0,,10,1.63,1.42,,27.86,15.05,4.3,11.2,29.73103365094681,3144,0.0180506526962277,0.3326141488999254,0.147675197012606,0.5622860527399547,1.11323155216285,0.2685531176476851,0.2572239616948179,,27.0,62.0,3.0,,36.17,5.8,87.28,52.2443944949103,4.25
94301,2020,13.06228736184041,169270.0,1.91,3.0,,12,1.41,1.04,,25.18,13.67,4.0,10.5,29.21007441327991,3229,0.0165688122158104,0.3507217546321076,0.1441422373509831,0.502607836123907,0.9910188912976152,0.2696155111627134,0.2463015293153755,,23.0,61.0,3.0,,34.99,5.8,87.28,52.2443944949103,4.25
94301,2021,11.94766871096378,184932.0,1.96,3.0,,11,1.41,1.04,,23.61,13.56,4.2,9.5,29.44963173461694,3335,0.0183651667468979,0.3471722375116631,0.1430273245889134,0.5042067563314022,3.178410794602699,0.2625862562443518,0.2379255890818096,,22.0,56.0,3.0,,35.21,5.8,87.28,52.2443944949103,4.25
94301,2022,12.43409850294827,217611.0,1.76,4.0,,10,1.41,0.52,,27.52,15.51,3.6,9.3,30.16397242018657,3470,0.0177218739837519,0.3294099635281001,0.1400357225459733,0.4627608647471963,5.216138328530259,0.2625493042564989,0.2414603915120106,,30.0,58.0,3.0,,37.77,5.8,87.28,52.2443944949103,4.25
94301,2023,13.9541643357812,235529.0,3.08,4.0,,8,1.41,0.52,,25.44,15.35,3.7,9.3,28.73408852037837,3339,0.0166682967026267,0.329966207147421,0.1485650125972176,0.457362546729129,4.761904761904762,0.2417235159777279,0.242126574755064,,26.0,55.0,3.0,,36.44,5.8,87.28,52.2443944949103,4.25
94301,2024,16.36811906248031,235529.0,3.08,4.0,,0,1.41,0.52,,25.44,15.35,2.3,7.8,29.98629198080877,3516,0.0175887038434454,0.3235381184664456,0.1422318023790406,0.4366265130027874,5.659840728100114,0.2398112426348928,0.2442415448622066,,26.0,55.0,3.0,,36.44,5.8,87.28,52.2443944949103,4.25
94303,2015,21.95589072139919,89464.0,2.31,6.0,,14,3.02,1.13,,9.63,7.28,,,14.03154574132492,4546,0.1965252064938764,0.2150384505838792,0.2136143548846482,0.7134719453147251,7.831060272767268,0.3417829678154372,0.3417829678154372,9.0,20.0,8.0,5.0,1.0,24.7,6.0,51.06,0.0,8.85
94303,2016,21.38459663564761,91866.0,3.33,8.0,,16,3.02,1.13,1.0,8.85,7.63,,,14.54663510881176,4684,0.1965252064938764,0.2150384505838792,0.2136143548846482,0.7134719453147251,6.490179333902647,0.3417829678154372,0.3417829678154372,8.0,21.0,5.0,4.0,1.0,25.34,6.0,51.06,0.0,8.85
94303,2017,21.84136111191238,98361.0,3.68,9.0,,104,3.02,1.13,,8.92,7.69,4.9,16.0,14.67502612330198,4846,0.1965252064938764,0.2150384505838792,0.2136143548846482,0.7134719453147251,5.489063144861742,0.3417829678154372,0.3417829678154372,7.0,23.0,5.0,3.0,,26.25,6.0,51.06,0.0,8.85
94303,2018,22.25960984661967,103680.0,5.0,8.0,,88,3.02,1.13,,8.38,7.71,4.3,15.2,14.62769832844147,4802,0.1835776291447274,0.2433470897964992,0.2319624306247331,0.6802333855130211,6.976259891711786,0.3643090934965134,0.3614629287035719,7.0,24.0,6.0,,,25.16,6.0,51.06,0.0,8.85
94303,2019,19.2292869793546,105763.0,4.5,9.0,,37,3.02,1.13,,9.13,7.43,3.6,13.0,14.87853411823232,4914,0.1838952354416271,0.2493730844246308,0.2438005015324603,0.6617442184452493,5.82010582010582,0.3594315965449986,0.3273892449150181,6.0,23.0,5.0,3.0,,25.67,6.0,51.06,0.0,8.85
94303,2020,14.59252348049982,120754.0,4.9,9.0,,58,3.0,1.36,,9.96,6.66,2.4,8.5,17.40194028602492,5459,0.1622011294004565,0.2318875405502823,0.1886339060434939,0.5610957587408386,3.462172559076754,0.2871560735311786,0.336417157275021,3.0,21.0,4.0,3.0,,27.53,6.0,51.06,0.0,8.85
94303,2021,17.17083752028046,133686.0,8.9,10.0,,127,3.0,1.36,,11.27,6.48,2.9,8.6,16.92412399199786,5400,0.1669510114550329,0.1998537655374116,0.242505483792347,0.5276626858396295,5.87037037037037,0.3070923714355349,0.3326834023884962,4.0,20.0,4.0,5.0,,25.53,6.0,51.06,0.0,8.85
94303,2022,18.95583778050528,144259.0,8.73,8.0,,173,3.0,1.36,,14.75,7.78,2.2,7.9,18.45422909416741,5742,0.1693766937669376,0.1987353206865402,0.2337398373983739,0.4550587172538392,6.983629397422502,0.2822944896115628,0.3127822944896115,6.0,18.0,3.0,3.0,,28.45,6.0,51.06,0.0,8.85
94303,2023,20.28751019866508,148031.0,7.36,9.0,,155,3.0,1.36,,14.74,7.42,2.5,4.9,18.70848630180591,5832,0.1882940108892922,0.169010889292196,0.2336660617059891,0.4752722323049002,7.681755829903978,0.2620235934664247,0.2926497277676951,4.0,20.0,9.0,3.0,,27.99,6.0,51.06,0.0,8.85
94303,2024,20.88073657741018,148031.0,7.36,9.0,,166,3.0,1.36,,14.74,7.42,2.5,5.0,20.30120096418439,6107,0.1260901544604392,0.2006934958495324,0.2080487548597247,0.427655773878323,8.334697887669886,0.2353682883261531,0.2952611116948618,4.0,20.0,9.0,3.0,,27.99,6.0,51.06,0.0,8.85
94304,2015,13.86052416795139,101932.0,3.84,2.0,,0,0.65,1.6,,26.23,24.86,,,29.16552667578659,695,0.0226315497914371,0.3305911739548671,0.1467464591916269,0.6586124094227013,0.0,0.3261689905743608,0.2848086858369863,1.0,5.0,6.0,,,34.48,10.2,26.04,1154.08896767489,58.63
94304,2016,12.46507309862456,105320.0,1.85,2.0,,0,0.65,1.6,,24.57,24.23,,,26.84527063969382,697,0.0204309958342449,0.3271507409129737,0.1415029040642709,0.6429341884247972,0.0,0.305016165368151,0.2869698263592371,1.0,7.0,7.0,,,35.07,10.2,26.04,1154.08896767489,58.63
94304,2017,11.64037146647617,103648.0,1.02,3.0,,0,0.65,1.6,,22.73,23.28,5.2,12.2,26.97832332201619,692,0.0196433317313079,0.3329486107941249,0.1474387168909863,0.6196191246198688,0.0,0.300265533401003,0.2633922231941915,,8.0,8.0,,,33.75,10.2,26.04,1154.08896767489,58.63
94304,2018,9.474380355397091,127731.0,2.78,3.0,,1,0.65,1.6,,25.19,21.63,5.0,10.8,26.96053305996924,678,0.0187905541170341,0.3262821673796261,0.151208156674229,0.583913904143561,0.0,0.2952150949988972,0.2712430486966753,,9.0,8.0,,,32.47,10.2,26.04,1154.08896767489,58.63
94304,2019,8.042700819171047,130227.0,2.58,3.0,,1,0.65,1.6,,25.1,19.72,3.6,8.0,28.34890965732087,675,0.0180506526962277,0.3326141488999254,0.147675197012606,0.5622860527399547,0.0,0.2685531176476851,0.2572239616948179,,10.0,8.0,,,33.26,10.2,26.04,1154.08896767489,58.63
94304,2020,8.831429960014246,143412.0,2.02,3.0,,1,1.96,1.59,,27.77,20.72,3.3,5.6,27.94352083807788,771,0.0165688122158104,0.3507217546321076,0.1441422373509831,0.502607836123907,0.0,0.2696155111627134,0.2463015293153755,,10.0,7.0,,,37.47,10.2,26.04,1154.08896767489,58.63
94304,2021,11.72421550296687,152772.0,4.47,3.0,,1,1.96,1.59,,25.88,18.65,2.4,5.2,27.33410942956926,729,0.0183651667468979,0.3471722375116631,0.1430273245889134,0.5042067563314022,0.0,0.2625862562443518,0.2379255890818096,,10.0,7.0,,,35.5,10.2,26.04,1154.08896767489,58.63
94304,2022,11.31291520092287,159637.0,5.05,3.0,,1,1.96,1.59,,25.65,19.8,3.3,7.6,28.09088883938517,787,0.0177218739837519,0.3294099635281001,0.1400357225459733,0.4627608647471963,0.0,0.2625493042564989,0.2414603915120106,,10.0,7.0,,,37.0,10.2,26.04,1154.08896767489,58.63
94304,2023,8.274757026530075,162569.0,2.7,,,0,1.96,1.59,,25.23,17.62,1.0,5.4,28.23927288099767,803,0.0166682967026267,0.329966207147421,0.1485650125972176,0.457362546729129,0.99626400996264,0.2417235159777279,0.242126574755064,,10.0,6.0,,,36.8,10.2,26.04,1154.08896767489,58.63
94304,2024,10.44110176043116,162569.0,2.7,,,0,1.96,1.59,,25.23,17.62,1.0,6.8,24.98,780,0.0175887038434454,0.3235381184664456,0.1422318023790406,0.4366265130027874,1.025641025641026,0.2398112426348928,0.2442415448622066,,10.0,6.0,,,36.8,10.2,26.04,1154.08896767489,58.63
94305,2015,1.784086376844624,51976.0,0.0,1.0,,0,1.2,1.14,,2.01,4.35,,,5.657857745290976,474,0.0226315497914371,0.3305911739548671,0.1467464591916269,0.6586124094227013,2.320675105485232,0.3261689905743608,0.2848086858369863,1.0,9.0,,,,14.34,6.4,42.0,238.396308920244,18.05
94305,2016,1.18276351488351,53173.0,0.0,1.0,,0,1.2,1.14,,0.95,3.73,,,5.296907354218154,475,0.0204309958342449,0.3271507409129737,0.1415029040642709,0.6429341884247972,2.105263157894737,0.305016165368151,0.2869698263592371,1.0,11.0,1.0,,,12.78,6.4,42.0,238.396308920244,18.05
94305,2017,1.490297542043984,61173.0,0.0,,,0,1.2,1.14,,0.51,4.46,0.1,41.6,5.116339698885485,477,0.0196433317313079,0.3329486107941249,0.1474387168909863,0.6196191246198688,2.515723270440252,0.300265533401003,0.2633922231941915,,11.0,,,,13.14,6.4,42.0,238.396308920244,18.05
94305,2018,3.596138818099647,54653.0,0.0,,,0,1.2,1.14,,0.6,5.52,0.1,41.6,5.899554990464082,589,0.0187905541170341,0.3262821673796261,0.151208156674229,0.583913904143561,2.546689303904924,0.2952150949988972,0.2712430486966753,,13.0,,,,14.92,6.4,42.0,238.396308920244,18.05
94305,2019,2.904188618869983,60000.0,0.0,,,0,1.2,1.14,,0.0,4.33,0.1,40.7,5.324144660608647,581,0.0180506526962277,0.3326141488999254,0.147675197012606,0.5622860527399547,0.0,0.2685531176476851,0.2572239616948179,,11.0,,,,14.31,6.4,42.0,238.396308920244,18.05
94305,2020,2.605993119380412,62515.0,0.0,,,0,1.16,1.3,,0.0,5.28,0.4,40.4,6.049253823005589,728,0.0165688122158104,0.3507217546321076,0.1441422373509831,0.502607836123907,0.0,0.2696155111627134,0.2463015293153755,,10.0,,,,14.44,6.4,42.0,238.396308920244,18.05
94305,2021,2.837262979216693,67224.0,0.0,,,0,1.16,1.3,,0.16,6.6,0.2,39.7,5.555892889671505,702,0.0183651667468979,0.3471722375116631,0.1430273245889134,0.5042067563314022,0.0,0.2625862562443518,0.2379255890818096,,9.0,,,,13.74,6.4,42.0,238.396308920244,18.05
94305,2022,4.80315087433542,72500.0,0.0,,,0,1.16,1.3,,0.31,5.23,0.3,42.3,5.63111291162683,723,0.0177218739837519,0.3294099635281001,0.1400357225459733,0.4627608647471963,0.4149377593360996,0.2625493042564989,0.2414603915120106,,8.0,,,,13.63,6.4,42.0,238.396308920244,18.05
94305,2023,6.028172048802823,72470.0,1.95,,,0,1.16,1.3,,0.48,4.04,0.2,40.6,5.527020991514068,704,0.0166682967026267,0.329966207147421,0.1485650125972176,0.457362546729129,0.7102272727272727,0.2417235159777279,0.242126574755064,,8.0,,,,13.31,6.4,42.0,238.396308920244,18.05
94305,2024,4.393899771776341,72470.0,1.95,,,0,1.16,1.3,,0.48,4.04,0.2,36.0,5.456804797666001,710,0.0175887038434454,0.3235381184664456,0.1422318023790406,0.4366265130027874,0.8450704225352111,0.2398112426348928,0.2442415448622066,,8.0,,,,13.31,6.4,42.0,238.396308920244,18.05
94306,2015,15.27934420515503,111602.0,2.48,7.0,,0,2.83,0.73,1.0,17.52,12.34,,,19.71504187361781,3717,0.0226315497914371,0.3305911739548671,0.1467464591916269,0.6586124094227013,1.802528921172989,0.3261689905743608,0.2848086858369863,3.0,20.0,39.0,3.0,,28.27,7.4,74.77,28.8072057220541,6.65
94306,2016,13.807080822036,119157.0,2.69,7.0,,0,2.83,0.73,1.0,13.47,11.82,,,21.19666899005833,3954,0.0204309958342449,0.3271507409129737,0.1415029040642709,0.6429341884247972,2.301466868993424,0.305016165368151,0.2869698263592371,3.0,20.0,45.0,3.0,,29.44,7.4,74.77,28.8072057220541,6.65
94306,2017,15.71171354307452,125553.0,2.71,8.0,,127,2.83,0.73,,14.23,10.99,5.3,8.5,22.23854920794208,4211,0.0196433317313079,0.3329486107941249,0.1474387168909863,0.6196191246198688,1.472334362384232,0.300265533401003,0.2633922231941915,4.0,18.0,43.0,4.0,,30.2,7.4,74.77,28.8072057220541,6.65
94306,2018,16.19806701701638,142438.0,1.91,7.0,,82,2.83,0.73,,14.96,11.73,3.7,7.1,22.46905513811754,4270,0.0187905541170341,0.3262821673796261,0.151208156674229,0.583913904143561,1.569086651053864,0.2952150949988972,0.2712430486966753,4.0,19.0,47.0,4.0,,31.34,7.4,74.77,28.8072057220541,6.65
94306,2019,15.88114818866342,143606.0,2.37,7.0,,87,2.83,0.73,,15.02,11.1,2.6,5.8,23.47731000546747,4388,0.0180506526962277,0.3326141488999254,0.147675197012606,0.5622860527399547,1.412944393801276,0.2685531176476851,0.2572239616948179,4.0,20.0,46.0,5.0,,32.34,7.4,74.77,28.8072057220541,6.65
94306,2020,15.88232550422102,167043.0,3.22,8.0,,55,2.65,0.88,,15.33,11.79,2.7,5.3,23.49728752260398,4406,0.0165688122158104,0.3507217546321076,0.1441422373509831,0.502607836123907,1.679527916477531,0.2696155111627134,0.2463015293153755,4.0,19.0,49.0,4.0,,33.08,7.4,74.77,28.8072057220541,6.65
94306,2021,14.75172595427569,185588.0,2.83,7.0,,43,2.65,0.88,,15.46,10.81,1.9,3.3,23.23378178488413,4356,0.0183651667468979,0.3471722375116631,0.1430273245889134,0.5042067563314022,2.433425160697888,0.2625862562443518,0.2379255890818096,4.0,16.0,45.0,3.0,,32.93,7.4,74.77,28.8072057220541,6.65
94306,2022,15.08602607636828,199800.0,3.24,6.0,,32,2.65,0.88,,13.99,9.91,1.4,3.3,24.11013136584488,4320,0.0177218739837519,0.3294099635281001,0.1400357225459733,0.4627608647471963,3.472222222222222,0.2625493042564989,0.2414603915120106,4.0,16.0,48.0,4.0,,32.5,7.4,74.77,28.8072057220541,6.65
94306,2023,12.90866644006872,186479.0,2.7,6.0,,16,2.65,0.88,,14.25,10.65,1.3,2.2,23.82024920986668,4230,0.0166682967026267,0.329966207147421,0.1485650125972176,0.457362546729129,5.106382978723404,0.2417235159777279,0.242126574755064,4.0,15.0,47.0,4.0,,32.48,7.4,74.77,28.8072057220541,6.65
94306,2024,12.9310366188093,186479.0,2.7,6.0,,17,2.65,0.88,,14.25,10.65,1.3,2.3,24.5006069970202,4428,0.0175887038434454,0.3235381184664456,0.1422318023790406,0.4366265130027874,6.074977416440832,0.2398112426348928,0.2442415448622066,4.0,15.0,47.0,4.0,,32.48,7.4,74.77,28.8072057220541,6.65
94550,2015,15.85216896995504,102952.0,1.95,10.0,2.0,24,7.16,0.62,1.0,15.09,7.84,,,21.49066025522471,6667,0.0114744693057946,0.0812774909160451,0.0889271371199082,0.7640084146108242,2.564871756412179,0.2421638511864075,0.0535475234270414,15.0,30.0,58.0,5.0,2.0,26.6,123.4,0.0,0.0,6.99
94550,2016,14.42217157035124,109793.0,2.42,9.0,2.0,25,7.16,0.62,2.0,17.85,9.13,,,21.12046606280675,6897,0.0094464386926128,0.0916304553183449,0.0840733043642546,0.7424900812393727,2.116862403943744,0.2435736978915952,0.0614018515019837,15.0,28.0,59.0,9.0,2.0,28.51,123.4,0.0,0.0,6.99
94550,2017,12.41860877395365,114930.0,2.56,7.0,,11,7.16,0.62,,18.3,9.47,5.7,10.0,21.90103858152667,7154,0.0117201586729174,0.0937612693833393,0.0757302560403894,0.7005048683736026,1.998881744478613,0.2385758854835749,0.0558961413631446,14.0,24.0,57.0,10.0,,29.24,123.4,0.0,0.0,6.99
94550,2018,11.99106821826371,128466.0,2.38,7.0,,12,7.16,0.62,,20.6,9.43,4.8,8.4,22.63960396039604,7398,0.0174932213767165,0.0927140732965975,0.069972885506866,0.6796116504854369,2.014057853473912,0.2285053792122343,0.0664742412315227,14.0,25.0,58.0,11.0,,30.35,123.4,0.0,0.0,6.99
94550,2019,11.1651122403036,139387.0,2.21,7.0,,14,7.16,0.62,,21.85,10.33,4.4,7.6,23.42279747488784,7650,0.0177981184846173,0.0856004746164929,0.0584795321637426,0.6695482668022713,1.464052287581699,0.2405172413793103,0.061022120518688,12.0,29.0,59.0,12.0,,31.45,123.4,0.0,0.0,6.99
94550,2020,10.76427549465696,150061.0,2.31,7.0,,25,7.02,0.41,,20.04,9.26,3.5,5.8,22.35019100290781,7403,0.0221088435374149,0.0960884353741496,0.0629251700680272,0.6547619047619048,1.86410914494124,0.2372088996623668,0.0714285714285714,11.0,28.0,54.0,13.0,,30.73,123.4,0.0,0.0,6.99
94550,2021,10.9915454053088,158887.0,2.4,7.0,,17,7.02,0.41,3.0,18.66,8.99,2.7,4.3,22.65009277918554,7075,0.0255461592670895,0.1065891472868217,0.0775193798449612,0.6553911205073996,2.204946996466431,0.2290076335877862,0.0766384778012684,10.0,27.0,55.0,11.0,,30.74,123.4,0.0,0.0,6.99
94550,2022,12.48378659564094,171388.0,2.22,7.0,,38,7.02,0.41,3.0,19.8,9.29,1.5,3.5,22.9707053757354,7023,0.0176025347650061,0.0888928005632811,0.0774511529660271,0.6732969547614857,2.662679766481561,0.2169021690216902,0.0642492518922724,10.0,37.0,59.0,10.0,,31.85,123.4,0.0,0.0,6.99
94550,2023,13.41516395655592,177218.0,2.41,8.0,,36,7.02,0.41,4.0,16.48,8.92,1.1,2.3,22.73936706309212,6955,0.0124102473185001,0.0983955323109653,0.0895310699406081,0.6604024465916143,3.292595255212078,0.2065778744223974,0.0585054516443577,9.0,34.0,59.0,10.0,,30.82,123.4,0.0,0.0,6.99
94550,2024,14.8819876070886,177218.0,2.41,8.0,,70,7.02,0.41,4.0,16.48,8.92,1.5,2.4,23.72626471236942,7327,0.0143666018761091,0.1132426265528606,0.076058480520578,0.6169187864446886,3.98525999727037,0.2041519510724438,0.0642271613284881,9.0,34.0,59.0,10.0,,30.82,123.4,0.0,0.0,6.99
95002,2015,31.84539134912461,73333.0,0.0,1.0,,0,6.36,0.09,,0.0,3.6,,,12.24489795918367,158,0.0226315497914371,0.3305911739548671,0.1467464591916269,0.6586124094227013,12.0253164556962,0.3261689905743608,0.2848086858369863,,,3.0,,,17.8,10.2,4.78,6557.46356715743,4.71
95002,2016,30.37052055349993,74516.0,0.0,1.0,,0,6.36,0.09,,4.46,6.52,,,14.88129704690214,195,0.0204309958342449,0.3271507409129737,0.1415029040642709,0.6429341884247972,8.717948717948717,0.305016165368151,0.2869698263592371,,,3.0,,,20.11,10.2,4.78,6557.46356715743,4.71
95002,2017,26.27125243348475,82845.0,0.0,,,0,6.36,0.09,,5.77,6.97,3.1,12.7,15.84645669291339,217,0.0196433317313079,0.3329486107941249,0.1474387168909863,0.6196191246198688,0.0,0.300265533401003,0.2633922231941915,,,,,,25.61,10.2,4.78,6557.46356715743,4.71
95002,2018,22.81251137894622,91667.0,0.0,,,0,6.36,0.09,,17.96,4.29,3.0,8.4,13.65330848089469,195,0.0187905541170341,0.3262821673796261,0.151208156674229,0.583913904143561,0.0,0.2952150949988972,0.2712430486966753,,,,,,26.25,10.2,4.78,6557.46356715743,4.71
95002,2019,28.05870055678596,95875.0,0.0,,,0,6.36,0.09,,16.5,6.4,3.4,6.9,14.39522998296422,238,0.0180506526962277,0.3326141488999254,0.147675197012606,0.5622860527399547,0.0,0.2685531176476851,0.2572239616948179,,,,,,29.6,10.2,4.78,6557.46356715743,4.71
95002,2020,40.79486188912497,100000.0,0.0,,,0,6.51,0.3,,16.56,8.96,7.2,7.3,17.05908485117726,243,0.0165688122158104,0.3507217546321076,0.1441422373509831,0.502607836123907,0.0,0.2696155111627134,0.2463015293153755,,,,,,34.41,10.2,4.78,6557.46356715743,4.71
95002,2021,27.81369408313714,110536.0,0.0,,,0,6.51,0.3,,16.06,8.7,4.9,4.9,16.0,252,0.0183651667468979,0.3471722375116631,0.1430273245889134,0.5042067563314022,0.0,0.2625862562443518,0.2379255890818096,,,,,,33.39,10.2,4.78,6557.46356715743,4.71
95002,2022,34.18583305857297,107438.0,0.0,,,0,6.51,0.3,,20.87,9.24,4.4,9.1,15.41666666666667,219,0.0177218739837519,0.3294099635281001,0.1400357225459733,0.4627608647471963,5.93607305936073,0.2625493042564989,0.2414603915120106,,,,,,29.39,10.2,4.78,6557.46356715743,4.71
95002,2023,39.6509078644106,89861.0,0.0,,,0,6.51,0.3,,14.46,11.01,7.0,12.1,22.02562538133008,244,0.0166682967026267,0.329966207147421,0.1485650125972176,0.457362546729129,4.918032786885246,0.2417235159777279,0.242126574755064,,,,,,30.09,10.2,4.78,6557.46356715743,4.71
95002,2024,40.99628402129156,89861.0,0.0,,,0,6.51,0.3,,14.46,11.01,5.8,10.7,22.11413748378729,228,0.0175887038434454,0.3235381184664456,0.1422318023790406,0.4366265130027874,4.385964912280701,0.2398112426348928,0.2442415448622066,,,,,,30.09,10.2,4.78,6557.46356715743,4.71
95008,2015,22.49261596459925,88987.0,2.04,10.0,,53,1.69,2.46,9.0,11.54,8.58,,,17.07126416815043,5406,0.008903586873569,0.226405494785042,0.1144746883744594,0.8916306283388451,2.238253792082871,0.3792207792207792,0.24421266853218,14.0,42.0,71.0,10.0,,21.09,6.0,65.92,45.1942930660186,6.04
95008,2016,23.84136274074272,102556.0,3.31,9.0,,61,1.69,2.46,7.0,13.45,9.06,,,18.16070699034554,5628,0.0165758939142789,0.2261425526876628,0.1124792801326071,0.8051148472649774,3.056147832267235,0.3733687771870468,0.2332465072223537,10.0,50.0,67.0,12.0,,21.96,6.0,65.92,45.1942930660186,6.04
95008,2017,24.13406653516269,106536.0,3.04,9.0,,71,1.69,2.46,8.0,15.41,9.12,5.2,10.5,19.14769410391127,5874,0.0191960252935862,0.2314814814814814,0.1038843721770551,0.7407407407407407,2.911133810010214,0.3731859018659295,0.2326106594399277,16.0,47.0,69.0,14.0,,22.52,6.0,65.92,45.1942930660186,6.04
95008,2018,23.99626054478535,115453.0,3.41,9.0,,68,1.69,2.47,8.0,16.15,9.99,4.9,9.4,20.01805946724572,6159,0.0193319729352378,0.225539684244442,0.0837718827193641,0.7120610031145956,3.133625588569573,0.3618024339436465,0.2309096767264525,12.0,51.0,71.0,11.0,,23.47,6.0,65.92,45.1942930660186,6.04
95008,2019,23.43325527597841,122947.0,3.36,10.0,,79,1.69,2.46,6.0,16.45,9.62,4.2,8.9,20.03797031411805,6098,0.018303186907838,0.2336347975882859,0.0925925925925925,0.6955211024978467,2.968186290587078,0.3364485981308411,0.2121016365202411,10.0,46.0,70.0,13.0,,22.96,6.0,65.92,45.1942930660186,6.04
95008,2020,24.74805697110746,121231.0,3.53,10.0,,15,1.31,2.77,5.0,16.23,9.81,3.9,8.0,21.06461178632586,6540,0.0128878754832953,0.2716367601863785,0.0723703777138891,0.6087042728264102,2.981651376146789,0.2912326827788452,0.2299990086249628,12.0,48.0,64.0,12.0,,25.17,6.0,65.92,45.1942930660186,6.04
95008,2021,22.35180825275885,128476.0,3.46,11.0,,6,1.31,2.77,7.0,16.28,10.68,3.1,6.8,21.11876357971549,7062,0.0194118217994758,0.2552654566631078,0.0795884693778511,0.594001747063962,4.304729538374398,0.2603293560792821,0.2280889061438415,11.0,50.0,61.0,12.0,,24.85,6.0,65.92,45.1942930660186,6.04
95008,2022,21.44852838096923,139688.0,4.95,11.0,,25,1.31,2.77,11.0,16.97,11.21,3.0,7.2,20.94735978336684,7159,0.0195867202037018,0.2732347468416414,0.0871609049064734,0.5817255900499461,4.53974018717698,0.2621088299780745,0.2291646263833121,8.0,55.0,68.0,11.0,,26.26,6.0,65.92,45.1942930660186,6.04
95008,2023,19.58298921735097,142841.0,5.48,8.0,,78,1.31,2.77,11.0,17.71,11.28,2.6,6.4,22.46617783744707,7476,0.0165486807023995,0.2555851797370598,0.0928564861634641,0.5295577824767859,5.698234349919743,0.2344479730991967,0.2215684471821274,8.0,54.0,69.0,10.0,,28.35,6.0,65.92,45.1942930660186,6.04
95008,2024,20.44898392629356,142841.0,5.48,8.0,,96,1.31,2.77,11.0,17.71,11.28,2.8,6.3,22.64705273829475,7550,0.0191850904439978,0.2393568426822583,0.0977526036908459,0.5353553809610817,6.834437086092715,0.2368615840118431,0.2293075095925452,8.0,54.0,69.0,10.0,,28.35,6.0,65.92,45.1942930660186,6.04
95013,2015,0.0,,,,,0,4.39,8.16,,0.0,0.0,,,0.0,0,0.0226315497914371,0.3305911739548671,0.1467464591916269,0.6586124094227013,0.0,0.3261689905743608,0.2848086858369863,,,,,,0.0,10.4,4.85,0.0,76.98
95013,2016,0.0,50521.0,,,,0,4.39,5.0,,0.0,0.0,,,0.0,0,0.0204309958342449,0.3271507409129737,0.1415029040642709,0.6429341884247972,0.0,0.305016165368151,0.2869698263592371,,,,,,0.0,10.4,4.85,0.0,76.98
95013,2017,0.0,51500.0,,,,0,4.39,5.0,,0.0,0.0,0.0,59.4,11.39240506329114,9,0.0196433317313079,0.3329486107941249,0.1474387168909863,0.6196191246198688,0.0,0.300265533401003,0.2633922231941915,,,,,,0.0,10.4,4.85,0.0,76.98
95013,2018,0.0,67708.0,,,,0,4.39,5.0,,0.0,0.0,0.0,42.9,15.58441558441558,12,0.0187905541170341,0.3262821673796261,0.151208156674229,0.583913904143561,0.0,0.2952150949988972,0.2712430486966753,,,,,,0.0,10.4,4.85,0.0,76.98
95013,2019,0.0,,,,,0,4.39,5.0,,0.0,0.0,0.0,46.9,17.64705882352941,15,0.0180506526962277,0.3326141488999254,0.147675197012606,0.5622860527399547,0.0,0.2685531176476851,0.2572239616948179,,,,,,0.0,10.4,4.85,0.0,76.98
95013,2020,0.0,,,,,0,4.91,8.65,,,0.0,0.0,100.0,47.05882352941176,16,0.0165688122158104,0.3507217546321076,0.1441422373509831,0.502607836123907,0.0,0.2696155111627134,0.2463015293153755,,,,,,0.0,10.4,4.85,0.0,76.98
95013,2021,0.0,,,,,0,4.91,5.5,,,0.0,0.0,50.0,33.33333333333333,9,0.0183651667468979,0.3471722375116631,0.1430273245889134,0.5042067563314022,0.0,0.2625862562443518,0.2379255890818096,,,,,,0.0,10.4,4.85,0.0,76.98
95013,2022,0.0,,0.0,,,0,4.91,5.5,,,0.0,0.0,0.0,30.18867924528302,16,0.0177218739837519,0.3294099635281001,0.1400357225459733,0.4627608647471963,0.0,0.2625493042564989,0.2414603915120106,,,,,,100.0,10.4,4.85,0.0,76.98
95013,2023,0.0,,0.0,,,0,4.91,5.5,,,0.0,0.0,0.0,30.95238095238095,13,0.0166682967026267,0.329966207147421,0.1485650125972176,0.457362546729129,0.0,0.2417235159777279,0.242126574755064,,,,,,100.0,10.4,4.85,0.0,76.98
95013,2024,0.0,,0.0,,,0,4.91,5.5,,,0.0,0.0,23.8,38.59649122807017,21,0.0175887038434454,0.3235381184664456,0.1422318023790406,0.4366265130027874,0.0,0.2398112426348928,0.2442415448622066,,,,,,100.0,10.4,4.85,0.0,76.98
95014,2015,14.33689443736042,130961.0,2.73,11.0,2.0,62,2.55,3.16,2.0,9.39,8.65,,,17.70442369999679,7198,0.0045298061242978,0.3886573654647581,0.0344265265446638,0.4701938757021199,0.7224228952486802,0.2109469380169129,0.269070483783294,10.0,42.0,71.0,5.0,,25.01,9.4,16.73,48.4802719866634,56.99
95014,2016,13.08305119282192,141917.0,3.68,11.0,2.0,55,2.55,3.16,2.0,9.17,8.54,,,17.76408225827053,7197,0.0035951824555096,0.3945712744921804,0.0242674815746899,0.4682725148301276,0.5557871335278588,0.206546795758414,0.257954341182815,10.0,55.0,83.0,4.0,,25.68,9.4,16.73,48.4802719866634,56.99
95014,2017,13.5010395524782,150529.0,3.04,10.0,,179,2.55,3.16,,10.4,8.86,3.9,6.8,18.33700264828818,7483,0.0043500957021054,0.3758482686619105,0.0217504785105272,0.4611101444231773,0.4009087264466123,0.1908328874621009,0.2322951104924308,10.0,54.0,81.0,3.0,,25.9,9.4,16.73,48.4802719866634,56.99
95014,2018,12.15521388524306,160801.0,2.85,10.0,,135,2.55,3.16,,10.93,8.57,3.6,6.0,18.58561588979657,7433,0.0060329225200379,0.3981728863225028,0.0180987675601137,0.431784883219857,0.0134535180949818,0.1813699594999119,0.2214944410928208,8.0,54.0,86.0,,,26.69,9.4,16.73,48.4802719866634,56.99
95014,2019,12.9078010148601,168538.0,4.14,10.0,,186,2.55,3.16,,10.83,9.04,3.5,6.3,19.364432806388,7607,0.003338898163606,0.3756260434056761,0.0191986644407345,0.4298831385642738,0.1183120809780465,0.1739427012278308,0.2086811352253756,8.0,48.0,87.0,3.0,,27.66,9.4,16.73,48.4802719866634,56.99
95014,2020,14.00057223517421,179702.0,3.79,11.0,,165,2.89,3.65,,10.97,9.23,3.5,6.0,18.72641509433962,7333,0.0043429167028576,0.3787023364891861,0.0208460001737166,0.454269087118909,0.2591026864857493,0.1872227151730257,0.2345175019543125,9.0,43.0,77.0,3.0,,27.19,9.4,16.73,48.4802719866634,56.99
95014,2021,13.76495961065208,198602.0,2.95,10.0,,130,2.89,3.65,,9.46,8.18,2.4,4.5,18.79231325882447,7540,0.002567174396714,0.4030463802841006,0.0239602943693308,0.4064692794797193,1.114058355437666,0.1893047195324086,0.2336128701009755,8.0,46.0,77.0,3.0,,26.19,9.4,16.73,48.4802719866634,56.99
95014,2022,13.04214254110034,222878.0,3.27,12.0,,140,2.89,3.65,,8.17,7.88,1.9,3.6,18.68466473442538,7481,0.0052287581699346,0.4122004357298475,0.0313725490196078,0.4008714596949891,1.724368399946531,0.1949439202421221,0.2457516339869281,12.0,45.0,84.0,3.0,,25.37,9.4,16.73,48.4802719866634,56.99
95014,2023,12.10767713115534,229074.0,2.76,12.0,,144,2.89,3.65,,9.5,7.95,1.8,3.9,20.08705755289728,8100,0.0032586558044806,0.4073319755600814,0.030142566191446,0.3560081466395112,2.925925925925926,0.1687448046550291,0.2378818737270875,11.0,47.0,84.0,,,25.94,9.4,16.73,48.4802719866634,56.99
95014,2024,11.21236756979568,229074.0,2.76,12.0,,97,2.89,3.65,,9.5,7.95,1.2,3.2,20.8855773649314,8267,0.0047147571900047,0.410969668395411,0.0322175074650322,0.319031903190319,4.112737389621386,0.1606971538215542,0.2396668238252396,11.0,47.0,84.0,,,25.94,9.4,16.73,48.4802719866634,56.99
95020,2015,23.22019993566917,82748.0,3.13,15.0,,6,1.34,0.87,3.0,11.95,6.18,,,14.97101473348504,6002,0.0244091867302784,0.0754465771663153,0.3805614112947963,0.6057916343060025,4.648450516494502,0.3315290933694181,0.2041495617441473,16.0,56.0,44.0,3.0,2.0,22.0,9.1,3.88,41.7131844501873,58.1
95020,2016,24.9148610369696,86261.0,3.88,15.0,,8,1.34,0.87,3.0,11.55,6.23,,,15.14638906961613,6232,0.0225515463917525,0.0880584192439862,0.3790807560137456,0.5562714776632302,6.386392811296535,0.2989308313331879,0.2115549828178694,17.0,66.0,48.0,2.0,2.0,24.34,9.1,3.88,41.7131844501873,58.1
95020,2017,23.58104675859013,90144.0,2.9,16.0,,24,1.34,0.87,5.0,12.86,6.99,6.5,14.5,16.06773015446396,6693,0.0226311128603758,0.0856046442979435,0.3286431171898061,0.5175637115025091,6.021216196025699,0.2626585438929392,0.170225327167175,13.0,68.0,47.0,,,25.77,9.1,3.88,41.7131844501873,58.1
95020,2018,20.84759434261094,95829.0,3.07,16.0,,84,1.34,0.87,5.0,12.57,6.47,4.0,10.1,16.89218818517822,6936,0.0185425551641016,0.0964212868533283,0.2837010940107547,0.5071388837381791,5.723760092272203,0.2358800864580396,0.1705915075097348,13.0,74.0,48.0,,,27.24,9.1,3.88,41.7131844501873,58.1
95020,2019,21.35316000729049,102741.0,2.78,16.0,,98,1.34,0.87,5.0,12.65,6.48,2.7,8.4,17.15021671062576,7078,0.0125910603471535,0.1097220973109092,0.2841982192643223,0.472164763018257,6.979372704153716,0.2077070237769882,0.1861678208471984,10.0,69.0,49.0,3.0,,27.94,9.1,3.88,41.7131844501873,58.1
95020,2020,23.01152301348257,108494.0,3.1,15.0,,117,0.96,0.8,6.0,15.8,7.71,2.8,6.9,18.58726110638834,7342,0.0084695519607012,0.112645041077327,0.2727195731345812,0.4336410603879055,6.347044402070281,0.1963474234759495,0.1846362327432879,10.0,65.0,50.0,3.0,,30.43,9.1,3.88,41.7131844501873,58.1
95020,2021,19.55689773840648,117236.0,3.31,16.0,,104,1.1,0.8,7.0,14.4,7.33,2.1,5.5,17.95257254867283,7640,0.0073885559477875,0.0993350299646991,0.256136606189968,0.4441343075281175,5.392670157068062,0.2058774696994853,0.1633691815121911,12.0,60.0,52.0,4.0,,29.48,9.1,3.88,41.7131844501873,58.1
95020,2022,18.71005806619372,128977.0,4.65,12.0,,142,1.1,0.8,7.0,16.16,7.47,1.8,4.4,18.72303079060923,8143,0.009375,0.103125,0.24296875,0.40703125,5.563060297187769,0.2055335968379446,0.15390625,13.0,63.0,61.0,5.0,,30.94,9.1,3.88,41.7131844501873,58.1
95020,2023,19.69763024352172,134242.0,4.84,14.0,,103,1.1,0.8,6.0,15.03,7.51,1.5,4.6,18.80933107660608,8117,0.0078247261345852,0.1009389671361502,0.245696400625978,0.3990610328638498,7.847726992731305,0.2176493866244558,0.1549295774647887,13.0,63.0,58.0,5.0,,31.88,9.1,3.88,41.7131844501873,58.1
95020,2024,17.27862311177383,134242.0,4.84,14.0,,69,1.1,0.8,6.0,15.03,7.51,1.6,4.3,19.16315624953484,8309,0.010874631039304,0.0924343638340842,0.2625446636631971,0.3751747708559888,9.712360091467083,0.229325375009817,0.1530215939102066,13.0,63.0,58.0,5.0,,31.88,9.1,3.88,41.7131844501873,58.1
95023,2015,25.29800381606766,69678.0,1.56,7.0,1.0,35,0.9,0.91,3.0,8.38,6.52,,,15.32339092574716,5149,0.0115710979686294,0.0514271020827976,0.5155566983800464,0.696837233221908,5.748689065838026,0.3752931978107897,0.2764206736950372,9.0,25.0,24.0,2.0,1.0,22.98,34.7,0.05,0.0,25.92
95023,2016,24.12997213949082,76965.0,1.42,7.0,1.0,96,0.9,0.91,3.0,10.37,6.12,,,15.50592614359879,5257,0.0088439671509791,0.0543272267845862,0.4939987365761212,0.6974099810486418,7.228457295035192,0.3903250575889429,0.2969046114971573,10.0,26.0,26.0,3.0,1.0,25.6,34.7,0.05,0.0,25.92
95023,2017,20.24676676389124,82935.0,1.33,7.0,,109,0.9,0.91,3.0,10.56,6.15,6.3,11.6,15.95108590826679,5408,0.0096735187424425,0.0556227327690447,0.4691656590084643,0.6638452237001209,9.0051775147929,0.3807541625857003,0.2817412333736396,11.0,25.0,30.0,,,26.5,34.7,0.05,0.0,25.92
95023,2018,18.35930557184226,83305.0,1.24,7.0,,78,0.9,0.65,4.0,10.8,6.75,5.5,10.3,16.49128138889944,5645,0.0103662750518313,0.0483759502418797,0.4595715272978576,0.626583736466252,7.440212577502214,0.3345768244346001,0.2925593181294632,12.0,26.0,28.0,,,27.16,34.7,0.05,0.0,25.92
95023,2019,17.07544790314603,86337.0,2.22,7.0,,65,0.9,0.65,4.0,11.23,6.5,4.7,8.7,16.79800834846414,5831,0.0144862937374637,0.0456875417873857,0.4390461332739024,0.6006240249609984,7.494426341965357,0.3076749690071002,0.270782259861823,9.0,28.0,24.0,,,28.16,34.7,0.05,0.0,25.92
95023,2020,18.88361331781843,86047.0,2.39,7.0,,59,1.06,0.65,5.0,12.02,6.63,3.8,7.1,16.94005203240032,5890,0.0119812656573358,0.0392114148785535,0.4520204770722144,0.5609410739570853,5.738539898132427,0.2973568281938326,0.2516065788040518,10.0,32.0,24.0,4.0,,27.71,34.7,0.05,0.0,25.92
95023,2021,17.08235625441115,94775.0,2.17,8.0,,6,1.06,0.65,6.0,12.42,7.15,3.7,7.0,17.095071997138,6367,0.0136025949565763,0.0408077848697289,0.4499319870252171,0.5137595479753061,6.675043191455944,0.2714406421630756,0.239614941927383,9.0,32.0,22.0,3.0,,28.88,34.7,0.05,0.0,25.92
95023,2022,17.90213385764368,103238.0,2.45,9.0,,24,1.06,0.65,5.0,12.08,7.44,3.3,6.1,17.58676591071522,6761,0.0178412132024977,0.0416294974724948,0.4172861532361978,0.4846862920011894,6.611448010649312,0.283198238767137,0.2091386658737238,8.0,34.0,22.0,,,29.28,34.7,0.05,0.0,25.92
95023,2023,19.15349659991808,108156.0,2.96,8.0,,71,1.06,0.65,5.0,12.59,7.51,2.9,4.7,18.01315654229623,7139,0.0180694246314788,0.0418449833571088,0.4003804089396101,0.4574417498811222,9.315030116262784,0.2705555022546291,0.2101759391345696,8.0,37.0,29.0,,,30.34,34.7,0.05,0.0,25.92
95023,2024,20.87515177660125,108156.0,2.96,8.0,,103,1.06,0.65,5.0,12.59,7.51,2.9,3.7,18.22037435923124,7272,0.0183284457478005,0.0485703812316715,0.3958944281524927,0.4243035190615836,8.979647964796479,0.2585888437384558,0.2052785923753665,8.0,37.0,29.0,,,30.34,34.7,0.05,0.0,25.92
95030,2015,9.546194000334394,154107.0,2.42,4.0,1.0,0,2.15,6.27,,11.28,10.02,,,26.6263350511614,2273,0.0226315497914371,0.3305911739548671,0.1467464591916269,0.6586124094227013,0.8358996920369556,0.3261689905743608,0.2848086858369863,7.0,9.0,50.0,2.0,3.0,31.03,8.4,12.93,2.24223116662771,41.11
95030,2016,11.07876809457956,171688.0,2.36,4.0,1.0,0,2.15,6.27,,17.02,11.15,,,27.57290198115307,2330,0.0204309958342449,0.3271507409129737,0.1415029040642709,0.6429341884247972,0.7725321888412017,0.305016165368151,0.2869698263592371,8.0,12.0,42.0,2.0,3.0,33.75,8.4,12.93,2.24223116662771,41.11
95030,2017,12.87631910900866,180222.0,2.61,4.0,,0,2.15,6.27,,22.21,12.67,2.7,7.0,28.7112810707457,2312,0.0196433317313079,0.3329486107941249,0.1474387168909863,0.6196191246198688,1.124567474048443,0.300265533401003,0.2633922231941915,7.0,12.0,36.0,,,36.84,8.4,12.93,2.24223116662771,41.11
95030,2018,13.43944574406834,197647.0,2.22,4.0,,14,2.15,6.27,,22.17,12.54,2.8,6.6,26.8889223359422,2237,0.0187905541170341,0.3262821673796261,0.151208156674229,0.583913904143561,1.16227089852481,0.2952150949988972,0.2712430486966753,7.0,14.0,34.0,,,35.76,8.4,12.93,2.24223116662771,41.11
95030,2019,13.01059026301699,209563.0,2.61,4.0,,15,2.15,6.27,,24.89,13.76,2.3,5.6,29.196647133002,2455,0.0180506526962277,0.3326141488999254,0.147675197012606,0.5622860527399547,0.6924643584521385,0.2685531176476851,0.2572239616948179,8.0,12.0,35.0,,,39.52,8.4,12.93,2.24223116662771,41.11
95030,2020,16.95157435703004,199063.0,2.41,4.0,,10,5.29,9.57,,22.25,13.51,2.0,5.2,31.2376201305847,2649,0.0165688122158104,0.3507217546321076,0.1441422373509831,0.502607836123907,0.6795016987542469,0.2696155111627134,0.2463015293153755,8.0,14.0,34.0,,,40.18,8.4,12.93,2.24223116662771,41.11
95030,2021,16.20586371578475,215461.0,2.34,4.0,,18,5.24,9.57,,20.2,11.8,1.3,3.8,31.30544056771141,2609,0.0183651667468979,0.3471722375116631,0.1430273245889134,0.5042067563314022,0.8049060942889995,0.2625862562443518,0.2379255890818096,10.0,15.0,34.0,,,36.28,8.4,12.93,2.24223116662771,41.11
95030,2022,16.39316559329623,242500.0,1.69,4.0,,15,5.24,8.47,,17.27,10.97,1.3,2.5,32.56561728856651,2684,0.0177218739837519,0.3294099635281001,0.1400357225459733,0.4627608647471963,0.0,0.2625493042564989,0.2414603915120106,5.0,14.0,37.0,,3.0,37.06,8.4,12.93,2.24223116662771,41.11
95030,2023,15.50157189049204,250001.0,3.31,4.0,,9,5.24,8.47,,17.21,9.48,1.0,1.6,34.9294471431876,2807,0.0166682967026267,0.329966207147421,0.1485650125972176,0.457362546729129,0.0,0.2417235159777279,0.242126574755064,6.0,16.0,37.0,,,38.43,8.4,12.93,2.24223116662771,41.11
95030,2024,14.55840577671878,250001.0,3.31,4.0,,0,5.24,8.47,,17.21,9.48,0.8,1.5,33.64763135883202,2719,0.0175887038434454,0.3235381184664456,0.1422318023790406,0.4366265130027874,0.1103346818683339,0.2398112426348928,0.2442415448622066,6.0,16.0,37.0,,,38.43,8.4,12.93,2.24223116662771,41.11
95032,2015,13.61901402363365,120893.0,2.26,3.0,,0,0.52,4.71,1.0,19.93,10.09,,,23.41047040971169,3936,0.0139625802848366,0.2038536721586148,0.0753979335381178,1.072326165875454,0.4573170731707316,0.3631123919308357,0.149399609047752,7.0,19.0,7.0,5.0,,31.81,15.0,16.16,87.3983755018058,49.77
95032,2016,12.04473015381332,124298.0,2.72,3.0,,0,0.52,4.71,1.0,17.58,9.98,,,23.39493602797095,3888,0.0139625802848366,0.2038536721586148,0.0753979335381178,1.072326165875454,0.4629629629629629,0.3631123919308357,0.149399609047752,6.0,19.0,12.0,5.0,,31.21,15.0,16.16,87.3983755018058,49.77
95032,2017,12.43676113233432,129177.0,2.15,3.0,,11,0.52,4.71,,16.18,10.14,3.1,5.2,22.97915799826001,3864,0.0139625802848366,0.2038536721586148,0.0753979335381178,1.072326165875454,0.9575569358178054,0.3631123919308357,0.149399609047752,6.0,20.0,13.0,3.0,,30.94,15.0,16.16,87.3983755018058,49.77
95032,2018,13.02862827600545,135833.0,2.55,3.0,,10,0.52,4.71,,15.38,10.98,4.0,5.3,22.85301168144287,3819,0.0139625802848366,0.2038536721586148,0.0753979335381178,1.072326165875454,2.04241948153967,0.3631123919308357,0.149399609047752,6.0,20.0,14.0,3.0,,29.92,15.0,16.16,87.3983755018058,49.77
95032,2019,13.73563865389694,154810.0,1.99,3.0,,11,0.52,4.71,,20.21,11.51,5.4,6.8,24.71301877375513,4016,0.0139625802848366,0.2038536721586148,0.0753979335381178,1.072326165875454,2.216135458167331,0.3631123919308357,0.149399609047752,6.0,20.0,15.0,,,32.18,15.0,16.16,87.3983755018058,49.77
95032,2020,15.00467824143571,153214.0,1.71,3.0,,17,0.99,5.25,,19.98,13.12,7.1,7.8,25.68722211482698,4200,0.0139625802848366,0.2038536721586148,0.0753979335381178,1.072326165875454,2.30952380952381,0.3631123919308357,0.149399609047752,6.0,21.0,10.0,,,34.04,15.0,16.16,87.3983755018058,49.77
95032,2021,14.29510444161468,163082.0,3.49,3.0,,19,0.96,5.25,,20.87,13.57,6.4,7.4,26.38034550075509,4551,0.0139625802848366,0.2038536721586148,0.0753979335381178,1.072326165875454,2.482970775653702,0.3631123919308357,0.149399609047752,6.0,21.0,13.0,,,35.35,15.0,16.16,87.3983755018058,49.77
95032,2022,13.11592955181943,185822.0,4.6,4.0,,21,0.96,5.25,,20.85,12.69,6.1,7.8,25.71717609653877,4484,0.0112391121101432,0.2008991289688114,0.0828884518123068,1.084574318628828,2.854594112399643,0.3309624038321963,0.1545377915144703,6.0,21.0,15.0,,,34.56,15.0,16.16,87.3983755018058,49.77
95032,2023,11.9536008816832,195188.0,5.28,4.0,,18,0.96,5.25,,18.99,12.42,4.8,6.4,25.69901018712521,4481,0.0126511104863649,0.2558335676131571,0.0773123418611189,1.037391059881923,2.030796697165811,0.3338171262699564,0.1771155468091088,6.0,18.0,16.0,,3.0,34.27,15.0,16.16,87.3983755018058,49.77
95032,2024,11.31366349198807,195188.0,5.28,4.0,,46,0.96,5.25,,18.99,12.42,4.4,5.3,26.30981583861165,4517,0.0013915947676036,0.2463122738658502,0.072362927915391,1.032563317561926,1.881779942439672,0.298721815309493,0.13637628722516,6.0,18.0,16.0,,3.0,34.27,15.0,16.16,87.3983755018058,49.77
95033,2015,11.80812439934163,126397.0,0.67,1.0,,0,7.08,10.81,,11.54,5.39,,,24.05853458862055,1552,0.0226315497914371,0.3305911739548671,0.1467464591916269,0.6586124094227013,0.3221649484536082,0.3261689905743608,0.2848086858369863,,,1.0,,,27.91,16.3,0.0,0.0,75.5
95033,2016,11.22940436864576,139688.0,1.18,1.0,,0,7.08,10.81,,13.82,5.8,,,24.00559664201479,1517,0.0204309958342449,0.3271507409129737,0.1415029040642709,0.6429341884247972,0.988793671720501,0.305016165368151,0.2869698263592371,,,1.0,,,30.59,16.3,0.0,0.0,75.5
95033,2017,8.228972761339032,147619.0,0.66,,,0,7.08,10.81,,13.2,5.91,2.9,8.0,26.27231004589495,1638,0.0196433317313079,0.3329486107941249,0.1474387168909863,0.6196191246198688,0.9768009768009768,0.300265533401003,0.2633922231941915,,,,,,33.01,16.3,0.0,0.0,75.5
95033,2018,9.613672189991526,162308.0,1.39,,,0,7.08,10.82,,14.53,6.93,3.8,8.7,25.92476815671564,1563,0.0187905541170341,0.3262821673796261,0.151208156674229,0.583913904143561,1.27959053103007,0.2952150949988972,0.2712430486966753,,,3.0,,,32.26,16.3,0.0,0.0,75.5
95033,2019,9.00818804639581,177000.0,1.28,,,0,7.08,10.81,,13.21,7.18,3.3,8.3,26.47460834822837,1615,0.0180506526962277,0.3326141488999254,0.147675197012606,0.5622860527399547,0.6191950464396285,0.2685531176476851,0.2572239616948179,,,,,,32.16,16.3,0.0,0.0,75.5
95033,2020,7.215038751714069,168723.0,0.7,,,0,1.23,5.54,,10.3,6.06,3.7,6.1,26.58930373360242,1694,0.0165688122158104,0.3507217546321076,0.1441422373509831,0.502607836123907,0.6493506493506493,0.2696155111627134,0.2463015293153755,,,,,,31.64,16.3,0.0,0.0,75.5
95033,2021,11.40860771318666,161971.0,1.27,,,7,1.17,5.54,,9.16,6.82,3.1,6.3,27.5929149175796,1797,0.0183651667468979,0.3471722375116631,0.1430273245889134,0.5042067563314022,0.667779632721202,0.2625862562443518,0.2379255890818096,,,,,,30.94,16.3,0.0,0.0,75.5
95033,2022,12.58283447337289,176938.0,1.39,,,7,1.17,5.54,,7.02,6.03,3.3,7.4,27.41297066883183,1777,0.0177218739837519,0.3294099635281001,0.1400357225459733,0.4627608647471963,0.7315700619020821,0.2625493042564989,0.2414603915120106,,,,,,30.11,16.3,0.0,0.0,75.5
95033,2023,11.98942179661729,183836.0,0.76,,,7,1.17,5.54,,8.88,6.36,2.2,6.1,27.53945770942938,1792,0.0166682967026267,0.329966207147421,0.1485650125972176,0.457362546729129,0.390625,0.2417235159777279,0.242126574755064,,,,,,29.93,16.3,0.0,0.0,75.5
95033,2024,12.33431459873113,183836.0,0.76,,,8,1.17,5.54,,8.88,6.36,2.8,5.0,27.16666666666667,1676,0.0175887038434454,0.3235381184664456,0.1422318023790406,0.4366265130027874,0.477326968973747,0.2398112426348928,0.2442415448622066,,,,,,29.93,16.3,0.0,0.0,75.5
95035,2015,24.48497300846097,98899.0,2.56,17.0,2.0,32,5.36,0.63,11.0,10.71,5.39,,,15.8234285953154,7180,0.0176118351532229,0.5626981331454738,0.095103909827404,0.1972525537160972,5.696378830083566,0.2471213463241806,0.4649524480450863,15.0,84.0,128.0,9.0,3.0,24.87,12.0,29.24,26.2199872515723,29.8
95035,2016,22.90894537792571,103545.0,3.15,24.0,2.0,35,5.36,0.63,11.0,8.6,5.05,,,16.31320262857763,7445,0.0183104452767374,0.5443196004993758,0.0807324178110694,0.1764461090303787,5.453324378777704,0.2408429503261414,0.4219725343320848,17.0,86.0,131.0,9.0,3.0,25.35,12.0,29.24,26.2199872515723,29.8
95035,2017,22.28761525225923,110659.0,3.46,22.0,,160,5.36,0.63,9.0,9.59,5.15,3.6,7.4,16.723093607004,7760,0.0197706603400553,0.5258995650454725,0.0751285092922103,0.1581652827204428,4.458762886597938,0.2241118970038941,0.4033214709371293,23.0,95.0,135.0,11.0,,25.79,12.0,29.24,26.2199872515723,29.8
95035,2018,21.25631223263376,125055.0,3.33,23.0,,158,5.36,0.63,11.0,10.8,4.86,3.2,6.2,17.40671978546195,8151,0.0170357751277683,0.4970002222057625,0.0629582993852307,0.1503592326494333,3.349282296650718,0.1963701279381136,0.3658988223094585,22.0,89.0,144.0,11.0,,26.27,12.0,29.24,26.2199872515723,29.8
95035,2019,18.94983655202839,132236.0,2.66,22.0,,133,5.36,0.63,9.0,10.96,4.63,2.8,5.5,18.02397840687967,8715,0.0146270112140419,0.4750296022845999,0.0571149961691161,0.1358222469875322,2.730923694779117,0.1761006289308176,0.337814306610016,22.0,89.0,137.0,10.0,,26.47,12.0,29.24,26.2199872515723,29.8
95035,2020,20.45979234177026,136966.0,5.84,24.0,,119,5.73,1.13,8.0,11.87,5.12,1.9,3.7,17.3020022025555,8001,0.0184049079754601,0.5245398773006136,0.0590490797546012,0.1510736196319018,3.612048493938258,0.1800138472190168,0.3703987730061349,23.0,91.0,131.0,10.0,3.0,25.33,12.0,29.24,26.2199872515723,29.8
95035,2021,20.06166959432802,149223.0,5.58,25.0,,117,5.73,1.13,11.0,12.14,5.19,1.8,2.9,18.08848048740739,8897,0.0187123154757779,0.4650356920091482,0.0706909695751611,0.1240557211171945,5.316398786107677,0.1752433936022253,0.3382077760066532,23.0,87.0,130.0,10.0,3.0,26.96,12.0,29.24,26.2199872515723,29.8
95035,2022,21.13116266238281,166931.0,6.36,26.0,,90,5.73,1.13,12.0,12.19,5.08,1.9,3.2,18.49155467106672,9165,0.0156665077310809,0.4693140794223827,0.0667529459846059,0.1171582317280839,9.01254773595199,0.1729441520267961,0.3201416797220898,21.0,91.0,133.0,9.0,3.0,27.21,12.0,29.24,26.2199872515723,29.8
95035,2023,21.47608627505422,176723.0,7.53,26.0,,311,5.73,1.13,13.0,12.33,5.22,1.5,2.8,19.1720077982645,9235,0.011298684035624,0.4732154725508441,0.0657982187956932,0.1016881563206167,10.88251218191662,0.1707463482958714,0.3143692675794231,22.0,99.0,126.0,10.0,5.0,27.82,12.0,29.24,26.2199872515723,29.8
95035,2024,22.68111181916659,176723.0,7.53,26.0,,296,5.73,1.13,13.0,12.33,5.22,1.7,3.0,19.39094023601066,9280,0.0104698337913885,0.4776861667321031,0.0615102735244078,0.0935741395105352,13.55603448275862,0.1768224544797212,0.32260175369716,22.0,99.0,126.0,10.0,5.0,27.82,12.0,29.24,26.2199872515723,29.8
95037,2015,22.65742328645564,95435.0,3.48,8.0,,20,7.71,9.4,2.0,9.87,7.01,,,19.15685449957948,5995,0.0208539128525957,0.1086598617056305,0.1778070464273954,0.7693996268247173,2.752293577981652,0.2583231266006012,0.1360992207222039,11.0,38.0,41.0,3.0,1.0,24.59,27.5,2.84,54.166099343288,65.87
95037,2016,20.46847992454854,100305.0,2.59,1.0,,21,5.91,6.84,,14.14,7.86,,,20.38036759251628,6394,0.0232534627439086,0.1031240521686381,0.1678293398038621,0.6895157213628551,3.253049734125743,0.238851870835469,0.116267313719543,,,,,,27.39,27.5,2.84,54.166099343288,65.87
95037,2017,16.34840924068334,108554.0,2.14,,,73,5.91,6.84,,15.13,7.48,5.2,12.0,20.41027683728341,6570,0.0195160031225605,0.1005074160811865,0.1727166276346604,0.6606167056986729,3.242009132420091,0.2434438396833251,0.1209992193598751,,,,,,27.33,27.5,2.84,54.166099343288,65.87
95037,2018,15.5803943662175,120864.0,2.14,,,47,5.91,6.84,,14.4,7.69,4.1,10.0,20.59165182374351,6906,0.0122226400902594,0.1006017299736743,0.1711169612636329,0.6355772846934937,3.373877787431219,0.2411820781696854,0.0977811207220759,,,,,,27.9,27.5,2.84,54.166099343288,65.87
95037,2019,13.56236823957805,125057.0,1.78,,,29,5.91,6.84,,16.18,7.29,3.5,8.9,20.91972150632765,7055,0.009193711501333,0.1121632803162636,0.1783580031258619,0.5985106187367839,2.919914953933381,0.2347024308466052,0.1066470534154638,,,,,,29.74,27.5,2.84,54.166099343288,65.87
95037,2020,11.74491531585529,128381.0,1.68,10.0,,44,7.41,9.05,3.0,14.77,6.87,2.7,7.9,20.85129310344828,6843,0.0101513473606496,0.1282761166482096,0.1596530084902178,0.6035437430786269,2.58658483121438,0.2402093653612487,0.1172019195275009,12.0,48.0,41.0,3.0,,30.3,27.5,2.84,54.166099343288,65.87
95037,2021,11.62548840823306,139716.0,1.67,7.0,,45,7.41,7.29,3.0,13.04,6.66,2.5,6.8,20.72781483534336,6906,0.0055325034578146,0.1484555094513601,0.1604426002766251,0.5836791147994468,2.49058789458442,0.2408288994679361,0.111572153065929,12.0,45.0,37.0,3.0,,29.61,27.5,2.84,54.166099343288,65.87
95037,2022,11.52118633585767,153091.0,1.67,8.0,,42,7.41,7.29,4.0,14.71,7.08,2.0,6.0,22.02556538839725,7176,0.0105042016806722,0.1278011204481792,0.1680672268907563,0.5427170868347339,2.870680044593088,0.2296913799219581,0.1207983193277311,13.0,49.0,36.0,3.0,,32.25,27.5,2.84,54.166099343288,65.87
95037,2023,10.80510594343768,158256.0,1.8,7.0,,33,7.41,7.29,5.0,16.21,7.07,1.7,4.9,21.91121377409399,7198,0.0132884479092841,0.1284549964564139,0.1966690290574061,0.5155917788802268,5.890525145873854,0.2343329143472796,0.153260099220411,12.0,50.0,41.0,3.0,,31.43,27.5,2.84,54.166099343288,65.87
95037,2024,10.49558063660469,158256.0,1.8,7.0,,31,7.41,7.29,5.0,16.21,7.07,1.7,3.8,22.61517432570318,7422,0.0161743423852898,0.1242870520132799,0.1966459521579978,0.4911892398059079,6.265157639450283,0.2250776129699896,0.1336511449731846,12.0,50.0,41.0,3.0,,31.43,27.5,2.84,54.166099343288,65.87
95046,2015,11.63601166258223,108205.0,0.0,1.0,,0,4.0,5.8,1.0,7.28,5.19,,,23.15608919382504,858,0.0226315497914371,0.3305911739548671,0.1467464591916269,0.6586124094227013,5.944055944055944,0.3261689905743608,0.2848086858369863,2.0,1.0,,1.0,1.0,31.78,12.3,6.9,0.0,48.31
95046,2016,9.7637234770705,109353.0,0.0,1.0,,0,4.0,3.85,1.0,6.67,5.68,,,25.89299888871249,938,0.0204309958342449,0.3271507409129737,0.1415029040642709,0.6429341884247972,2.665245202558635,0.305016165368151,0.2869698263592371,2.0,2.0,,1.0,1.0,41.5,12.3,6.9,0.0,48.31
95046,2017,10.64174628846285,110500.0,0.0,,,0,4.0,3.85,,9.75,6.43,6.5,18.7,23.51162050302451,876,0.0196433317313079,0.3329486107941249,0.1474387168909863,0.6196191246198688,3.19634703196347,0.300265533401003,0.2633922231941915,,,,,,39.34,12.3,6.9,0.0,48.31
95046,2018,10.13074619401164,113187.0,0.0,,,0,4.0,3.85,,9.3,8.09,7.0,16.5,23.30290456431535,893,0.0187905541170341,0.3262821673796261,0.151208156674229,0.583913904143561,3.135498320268757,0.2952150949988972,0.2712430486966753,,,,,,40.74,12.3,6.9,0.0,48.31
95046,2019,12.11916833341086,117344.0,0.0,,,14,4.0,3.85,,8.7,7.66,6.5,11.9,23.53835755322744,844,0.0180506526962277,0.3326141488999254,0.147675197012606,0.5622860527399547,0.9478672985781992,0.2685531176476851,0.2572239616948179,,,,,,40.05,12.3,6.9,0.0,48.31
95046,2020,12.22713822825432,123818.0,0.0,,,30,4.01,5.82,,10.39,7.83,5.5,9.1,25.961049957663,900,0.0165688122158104,0.3507217546321076,0.1441422373509831,0.502607836123907,0.7777777777777778,0.2696155111627134,0.2463015293153755,,,,,,39.07,12.3,6.9,0.0,48.31
95046,2021,18.92264515012891,130559.0,0.0,,,25,4.01,3.87,,24.06,9.2,5.6,7.0,28.92589508742714,1044,0.0183651667468979,0.3471722375116631,0.1430273245889134,0.5042067563314022,5.268199233716475,0.2625862562443518,0.2379255890818096,,,,,,49.76,12.3,6.9,0.0,48.31
95046,2022,24.32005518733513,148000.0,2.55,,,54,4.01,3.87,,18.6,8.62,2.8,4.3,31.27047060851577,1059,0.0177218739837519,0.3294099635281001,0.1400357225459733,0.4627608647471963,3.11614730878187,0.2625493042564989,0.2414603915120106,,,,,,52.57,12.3,6.9,0.0,48.31
95046,2023,25.76351557548299,157458.0,3.9,,,48,4.01,3.87,,25.81,6.57,1.3,4.9,26.67750517292344,1061,0.0166682967026267,0.329966207147421,0.1485650125972176,0.457362546729129,8.294062205466542,0.2417235159777279,0.242126574755064,,,,,,48.33,12.3,6.9,0.0,48.31
95046,2024,28.88143888019125,157458.0,3.9,,,79,4.01,3.87,,25.81,6.57,0.7,4.1,27.00822264389627,994,0.0175887038434454,0.3235381184664456,0.1422318023790406,0.4366265130027874,7.142857142857142,0.2398112426348928,0.2442415448622066,,,,,,48.33,12.3,6.9,0.0,48.31
95050,2015,26.85994653839003,69341.0,2.45,11.0,,67,1.71,1.66,3.0,13.34,8.37,,,15.07468966968231,3966,0.0167879127028539,0.3875209848908785,0.2224398433128147,0.7218802462227196,2.874432677760968,0.3036322360953462,0.3273642977056519,11.0,59.0,36.0,3.0,3.0,20.87,6.8,61.62,0.0,2.55
95050,2016,27.04025517035039,80324.0,2.19,12.0,,66,1.71,1.66,4.0,13.98,8.72,,,15.01221350241671,4070,0.0167879127028539,0.3875209848908785,0.2224398433128147,0.7218802462227196,2.702702702702702,0.3036322360953462,0.3273642977056519,11.0,63.0,48.0,3.0,3.0,21.46,6.8,61.62,0.0,2.55
95050,2017,26.61021693417989,84269.0,2.54,10.0,,126,1.71,1.66,4.0,14.5,8.29,7.3,13.6,15.21349307414434,4131,0.0167879127028539,0.3875209848908785,0.2224398433128147,0.7218802462227196,3.558460421205519,0.3036322360953462,0.3273642977056519,11.0,63.0,50.0,,3.0,22.23,6.8,61.62,0.0,2.55
95050,2018,28.02818405346873,88872.0,3.02,10.0,,128,1.71,1.66,3.0,13.99,7.74,5.9,11.5,15.38071580654973,4171,0.0167879127028539,0.3875209848908785,0.2224398433128147,0.7218802462227196,3.428434428194677,0.3036322360953462,0.3273642977056519,11.0,67.0,48.0,,3.0,22.42,6.8,61.62,0.0,2.55
95050,2019,25.32770139584924,96872.0,5.3,10.0,,84,1.71,1.66,,14.92,8.09,5.0,9.8,15.83245045091604,4306,0.0167879127028539,0.3875209848908785,0.2224398433128147,0.7218802462227196,4.064096609382258,0.3036322360953462,0.3273642977056519,11.0,69.0,43.0,,3.0,22.82,6.8,61.62,0.0,2.55
95050,2020,25.17324077782381,102000.0,5.6,10.0,,78,1.83,1.85,,13.81,7.08,3.2,6.6,15.09875527209135,4193,0.0167879127028539,0.3875209848908785,0.2224398433128147,0.7218802462227196,4.221321249701885,0.3036322360953462,0.3273642977056519,10.0,62.0,48.0,,3.0,21.55,6.8,61.62,0.0,2.55
95050,2021,26.21396742182251,107311.0,8.32,10.0,,77,1.83,1.85,4.0,13.4,7.51,2.9,6.4,16.87845374213756,4704,0.0167879127028539,0.3875209848908785,0.2224398433128147,0.7218802462227196,3.465136054421768,0.3036322360953462,0.3273642977056519,15.0,62.0,50.0,3.0,3.0,22.2,6.8,61.62,0.0,2.55
95050,2022,24.88053113727482,119356.0,6.38,10.0,,43,1.83,1.85,6.0,13.98,7.7,2.9,6.0,17.48903646159629,4675,0.0167879127028539,0.3875209848908785,0.2224398433128147,0.7218802462227196,4.406417112299465,0.3036322360953462,0.3273642977056519,15.0,63.0,50.0,4.0,3.0,22.99,6.8,61.62,0.0,2.55
95050,2023,20.96966495697382,130051.0,5.43,10.0,,107,1.83,1.85,5.0,13.77,7.49,2.3,4.6,17.38770181032968,4723,0.0167879127028539,0.3875209848908785,0.2224398433128147,0.7218802462227196,6.118992165996189,0.3036322360953462,0.3273642977056519,16.0,59.0,53.0,5.0,3.0,22.92,6.8,61.62,0.0,2.55
95050,2024,19.66641177432841,130051.0,5.43,10.0,,127,1.83,1.85,5.0,13.77,7.49,1.6,3.8,17.9444695486268,4903,0.0167879127028539,0.3875209848908785,0.2224398433128147,0.7218802462227196,7.056903936365491,0.3036322360953462,0.3273642977056519,16.0,59.0,53.0,5.0,3.0,22.92,6.8,61.62,0.0,2.55
95051,2015,19.81819482529732,101292.0,2.61,10.0,,14,1.0,2.42,2.0,8.89,7.41,,,16.27366143861547,5988,0.0166168162180126,0.3356596876038551,0.1240722277611609,0.6203611388058048,2.38810955243821,0.2769469369668771,0.3035338429156973,11.0,35.0,83.0,5.0,,22.04,4.8,68.96,66.4724598966464,3.05
95051,2016,20.96807079313797,106527.0,2.49,11.0,,22,1.0,2.42,3.0,8.99,7.17,,,16.83862386310529,6189,0.0117421007685738,0.3287788215200683,0.1206233988044406,0.5956447480785653,2.56907416383907,0.3084970111016225,0.2807429547395388,12.0,39.0,77.0,4.0,,21.83,4.8,68.96,66.4724598966464,3.05
95051,2017,20.16750515131481,113021.0,2.47,8.0,,99,1.0,2.42,,8.16,6.71,5.0,7.3,17.22809045842311,6436,0.0193187595322826,0.3365531265887138,0.1159125571936959,0.5327910523640061,4.257302672467371,0.2968988307066599,0.2450432130147433,12.0,41.0,86.0,4.0,,22.27,4.8,68.96,66.4724598966464,3.05
95051,2018,20.13245851380841,125520.0,2.18,9.0,,75,1.0,2.42,,8.0,6.62,4.4,7.1,17.62297197322919,6708,0.0126915942594942,0.3163135800058576,0.1200820072244459,0.5144977057502685,4.561717352415027,0.2782387972273747,0.2499267792638875,12.0,38.0,89.0,4.0,,22.78,4.8,68.96,66.4724598966464,3.05
95051,2019,18.29776743221302,134230.0,1.63,10.0,,75,1.0,2.42,,6.23,6.2,3.3,5.4,17.211074167516,6678,0.0106785748956412,0.3358897194447141,0.1135812057081836,0.4931560042714299,4.132973944294699,0.2601689156392583,0.2436656635278128,10.0,39.0,87.0,3.0,,22.59,4.8,68.96,66.4724598966464,3.05
95051,2020,16.18681728545466,150094.0,1.32,7.0,,90,1.17,2.52,,7.9,6.07,2.8,5.1,16.93323650120759,6342,0.0119688809096349,0.3431079194095351,0.1306602832635148,0.4987033712347895,3.815830968148849,0.2524446218319696,0.2403750249351685,12.0,33.0,82.0,3.0,,22.58,4.8,68.96,66.4724598966464,3.05
95051,2021,14.47723596486171,160979.0,1.66,8.0,,32,1.17,2.52,,7.61,5.93,2.2,4.3,16.49004654847975,6508,0.018018018018018,0.3453453453453453,0.1241241241241241,0.4984984984984985,4.609711124769515,0.2583875813720581,0.2362362362362362,12.0,32.0,80.0,3.0,,21.52,4.8,68.96,66.4724598966464,3.05
95051,2022,14.70513566278224,177365.0,2.54,8.0,,33,1.17,2.52,,7.11,6.44,1.9,4.4,17.42342848642126,6797,0.0104354425576321,0.3310881320557821,0.1385067830376624,0.4487240299781804,4.987494482860085,0.2552908797570465,0.2371691490370932,15.0,32.0,83.0,3.0,,21.26,4.8,68.96,66.4724598966464,3.05
95051,2023,14.95482055530253,185632.0,2.99,9.0,,27,1.17,2.52,,7.95,6.8,1.6,4.1,17.07066590594181,6981,0.0133689839572192,0.3332696715049656,0.1470588235294117,0.4411764705882353,5.987680848016043,0.2411252511721366,0.2463712757830405,18.0,33.0,78.0,3.0,,20.93,4.8,68.96,66.4724598966464,3.05
95051,2024,16.42194754318093,185632.0,2.99,9.0,,29,1.17,2.52,,7.95,6.8,1.6,4.3,17.3574628549328,7254,0.012997864636524,0.3100919134713582,0.1531891189304614,0.4326432086157273,7.816377171215881,0.2436982606269184,0.2488162658991737,18.0,33.0,78.0,3.0,,20.93,4.8,68.96,66.4724598966464,3.05
95053,2015,21.88521553730198,133333.0,,,,0,1.72,1.75,,,0.0,,,0.0,0,0.0226315497914371,0.3305911739548671,0.1467464591916269,0.6586124094227013,3.046326523760935,0.3261689905743608,0.2848086858369863,,,,,,0.0,,,,
95053,2016,21.66213109034683,,,,,0,1.72,1.75,,,0.0,,,0.0,0,0.0204309958342449,0.3271507409129737,0.1415029040642709,0.6429341884247972,3.029543886734205,0.305016165368151,0.2869698263592371,,,,,,0.0,,,,
95053,2017,21.59166000308143,,,,,0,1.72,1.74,,,0.0,0.0,0.0,0.0,0,0.0196433317313079,0.3329486107941249,0.1474387168909863,0.6196191246198688,3.400234776812805,0.300265533401003,0.2633922231941915,,,,,,0.0,,,,
95053,2018,19.78981055276641,,,,,0,1.72,1.74,,,0.0,0.0,0.0,0.0,0,0.0187905541170341,0.3262821673796261,0.151208156674229,0.583913904143561,3.361580042040968,0.2952150949988972,0.2712430486966753,,,,,,0.0,,,,
95053,2019,18.64526941674785,,,,,0,1.72,1.74,,,,,,0.0,0,0.0180506526962277,0.3326141488999254,0.147675197012606,0.5622860527399547,2.944050622260229,0.2685531176476851,0.2572239616948179,,,,,,,,,,
95053,2020,17.54709720563181,,,,,0,,,,,,,,0.0,0,0.0165688122158104,0.3507217546321076,0.1441422373509831,0.502607836123907,3.584479531521974,0.2696155111627134,0.2463015293153755,,,,,,,,,,
95053,2021,17.04284265563893,,,,,0,,,,,,,,0.0,0,0.0183651667468979,0.3471722375116631,0.1430273245889134,0.5042067563314022,4.560672262514673,0.2625862562443518,0.2379255890818096,,,,,,,,,,
95053,2022,16.14564561261727,,,,,0,,,,,,0.0,100.0,0.0,0,0.0177218739837519,0.3294099635281001,0.1400357225459733,0.4627608647471963,5.52707868391841,0.2625493042564989,0.2414603915120106,,,,,,,,,,
95053,2023,16.34147828636901,,,,,0,,,,,,0.0,100.0,0.0,0,0.0166682967026267,0.329966207147421,0.1485650125972176,0.457362546729129,6.479898360280129,0.2417235159777279,0.242126574755064,,,,,,,,,,
95053,2024,17.45556006073267,,,,,0,,,,,,0.0,100.0,0.0,0,0.0175887038434454,0.3235381184664456,0.1422318023790406,0.4366265130027874,7.796030244420381,0.2398112426348928,0.2442415448622066,,,,,,,,,,
95054,2015,28.38614890622674,116855.0,2.48,4.0,,1,4.41,2.39,3.0,5.42,2.33,,,10.80495226979032,1559,0.0226315497914371,0.3305911739548671,0.1467464591916269,0.6586124094227013,3.399615137908916,0.3261689905743608,0.2848086858369863,3.0,27.0,28.0,1.0,,11.51,2.8,58.16,8.51131706396845,4.18
95054,2016,24.17742388695355,132538.0,2.67,5.0,,2,4.41,2.39,4.0,5.73,3.33,,,10.43369204628206,1567,0.0204309958342449,0.3271507409129737,0.1415029040642709,0.6429341884247972,3.126994256541161,0.305016165368151,0.2869698263592371,2.0,29.0,32.0,1.0,,13.6,2.8,58.16,8.51131706396845,4.18
95054,2017,25.10896342618912,140890.0,2.25,4.0,,29,4.41,2.39,4.0,6.24,2.81,4.0,7.4,10.78316891483793,1595,0.0196433317313079,0.3329486107941249,0.1474387168909863,0.6196191246198688,1.191222570532915,0.300265533401003,0.2633922231941915,,31.0,27.0,,,14.76,2.8,58.16,8.51131706396845,4.18
95054,2018,25.62635420454391,148011.0,2.83,4.0,,7,4.41,2.39,3.0,7.46,3.4,3.1,5.3,11.98071216617211,1704,0.0187905541170341,0.3262821673796261,0.151208156674229,0.583913904143561,0.5868544600938966,0.2952150949988972,0.2712430486966753,,28.0,30.0,,,15.65,2.8,58.16,8.51131706396845,4.18
95054,2019,25.10076694480852,152500.0,2.64,3.0,,0,4.41,2.39,3.0,8.02,3.69,2.7,4.7,13.02805415103572,1908,0.0180506526962277,0.3326141488999254,0.147675197012606,0.5622860527399547,2.044025157232704,0.2685531176476851,0.2572239616948179,,32.0,30.0,,,17.29,2.8,58.16,8.51131706396845,4.18
95054,2020,17.19801694456124,158212.0,2.25,4.0,,0,2.03,2.06,3.0,6.28,1.87,1.0,2.0,12.25009391043032,1746,0.0165688122158104,0.3507217546321076,0.1441422373509831,0.502607836123907,3.207331042382588,0.2696155111627134,0.2463015293153755,,28.0,32.0,,,16.24,2.8,58.16,8.51131706396845,4.18
95054,2021,20.07545552950989,171799.0,4.94,4.0,,33,2.03,2.06,3.0,6.48,3.31,0.9,1.4,12.15374528765776,1755,0.0183651667468979,0.3471722375116631,0.1430273245889134,0.5042067563314022,7.977207977207977,0.2625862562443518,0.2379255890818096,,29.0,32.0,,,15.26,2.8,58.16,8.51131706396845,4.18
95054,2022,15.89812563193832,194316.0,3.72,4.0,,27,2.03,2.06,4.0,6.16,3.93,1.0,1.4,13.28751431844215,1943,0.0177218739837519,0.3294099635281001,0.1400357225459733,0.4627608647471963,8.131755018013381,0.2625493042564989,0.2414603915120106,,31.0,31.0,,,16.6,2.8,58.16,8.51131706396845,4.18
95054,2023,13.36864121929347,204052.0,3.46,4.0,,41,2.03,2.06,3.0,5.85,3.23,1.7,2.3,12.68058421971742,1929,0.0166682967026267,0.329966207147421,0.1485650125972176,0.457362546729129,10.88646967340591,0.2417235159777279,0.242126574755064,,31.0,27.0,,,16.22,2.8,58.16,8.51131706396845,4.18
95054,2024,13.13067974947501,204052.0,3.46,4.0,,42,2.03,2.06,3.0,5.85,3.23,1.8,2.8,12.50778089013383,2050,0.0175887038434454,0.3235381184664456,0.1422318023790406,0.4366265130027874,10.82926829268293,0.2398112426348928,0.2442415448622066,,31.0,27.0,,,16.22,2.8,58.16,8.51131706396845,4.18
95070,2015,10.38127997168302,167386.0,0.59,3.0,,0,2.89,5.61,2.0,31.5,10.02,,,26.88082503282837,5242,0.0131061598951507,0.3574407244132015,0.0357440724413201,0.7720719647325152,0.782144219763449,0.2439912600145666,0.1846777076134874,3.0,17.0,25.0,4.0,,36.57,10.9,14.65,8.16558176882481,50.77
95070,2016,11.54630760990821,169986.0,2.0,2.0,,0,2.89,5.61,2.0,31.26,9.66,,,27.36024050147115,5319,0.0140268848626534,0.3775569842197545,0.0327293980128579,0.72822910578609,0.582816318856928,0.2237828829901202,0.18468731735827,3.0,17.0,28.0,4.0,,38.36,10.9,14.65,8.16558176882481,50.77
95070,2017,11.47602318505432,173739.0,2.11,,,42,2.89,5.61,3.0,35.76,10.54,2.6,6.3,27.53660089115213,5502,0.0104022191400832,0.3883495145631068,0.0335182616736014,0.705039297272307,1.254089422028353,0.2308326463314097,0.2022653721682847,3.0,16.0,31.0,4.0,,39.05,10.9,14.65,8.16558176882481,50.77
95070,2018,11.51368450155053,177041.0,1.9,,,56,2.89,5.61,,37.0,9.53,2.2,5.6,29.05327711766961,5662,0.0076956904133685,0.4023746701846966,0.0219876868953386,0.647537379067722,1.412928293889085,0.2226947179946284,0.2242744063324538,3.0,14.0,34.0,4.0,,40.48,10.9,14.65,8.16558176882481,50.77
95070,2019,11.20483532865968,193617.0,2.54,,,0,2.89,5.61,,34.72,9.71,2.0,5.1,30.81164251827158,5943,0.0052018310445276,0.3797336662505202,0.0280898876404494,0.6096545984186433,1.261988894497728,0.2146331148234299,0.1935081148564294,4.0,12.0,31.0,4.0,,41.43,10.9,14.65,8.16558176882481,50.77
95070,2020,9.55276576162175,201279.0,2.19,,,0,3.01,5.44,,36.12,9.35,1.9,4.5,32.1798867756504,6175,0.0009883376161296,0.3607432298873295,0.0217434275548527,0.5920142320616723,2.17004048582996,0.2136623532952151,0.1907491599130263,5.0,16.0,29.0,3.0,,42.45,10.9,14.65,8.16558176882481,50.77
95070,2021,6.79096920531993,222235.0,1.38,,,14,3.01,5.44,,33.36,8.95,1.4,4.1,31.09447326726522,6107,0.0009991008092716,0.3906484164252173,0.0159856129483464,0.5764811669497452,2.652693630260357,0.217765623417401,0.2098111699470476,5.0,12.0,27.0,3.0,,40.92,10.9,14.65,8.16558176882481,50.77
95070,2022,8.255117848167828,237455.0,1.6,,,49,3.01,5.44,3.0,30.14,8.14,1.0,3.4,33.04405453168392,6168,0.0009550186228631,0.3982427657339318,0.0162353165886734,0.5262152611975933,1.880674448767834,0.2055657907495394,0.2110591156527552,5.0,13.0,27.0,3.0,,42.29,10.9,14.65,8.16558176882481,50.77
95070,2023,9.446720807976602,240980.0,2.0,,,47,3.01,5.44,4.0,29.5,9.0,1.8,3.6,35.0317050632508,6507,0.0,0.428415499363289,0.0127342186647262,0.4593414589776241,2.151529122483479,0.1863468634686346,0.1964708022557759,4.0,13.0,27.0,4.0,,44.15,10.9,14.65,8.16558176882481,50.77
95070,2024,8.524423078436918,240980.0,2.0,,,95,3.01,5.44,4.0,29.5,9.0,1.6,2.2,34.91421841678072,6420,0.0036466405324095,0.4239219618926064,0.007293281064819,0.4658583280153159,2.50778816199377,0.1794468596799556,0.1978302488832163,4.0,13.0,27.0,4.0,,44.15,10.9,14.65,8.16558176882481,50.77
95076,2015,30.34468458464428,56671.0,2.38,30.0,3.0,23,1.33,0.08,2.0,12.12,7.2,,,15.18654383750693,8599,0.0023300970873786,0.0590291262135922,0.2850485436893204,0.425631067961165,5.651819979067334,0.2379643446163512,0.2322330097087378,11.0,31.0,42.0,5.0,2.0,26.19,6.4,7.28,14590.4761904762,29.0
95076,2016,29.77351561144819,58271.0,1.79,28.0,3.0,31,1.33,0.08,2.0,11.95,8.24,,,15.20927192511497,8767,0.0038370040672243,0.0575550610083646,0.2701250863325915,0.4312792571560125,6.764001368769248,0.2272727272727272,0.2148722277645614,10.0,37.0,41.0,5.0,2.0,26.92,6.4,7.28,14590.4761904762,29.0
95076,2017,28.34160374486162,61211.0,2.24,29.0,4.0,76,1.33,0.08,,12.74,7.95,15.6,23.4,15.39513106480901,9187,0.003699866804795,0.0540180553500074,0.271570223471955,0.4055054018055349,8.893000979645151,0.2298764507675028,0.2205120615657836,8.0,41.0,41.0,5.0,,27.63,6.4,7.28,14590.4761904762,29.0
95076,2018,27.67660388468137,63979.0,1.08,30.0,4.0,119,1.33,0.08,3.0,12.54,8.11,14.7,20.7,16.55075372247789,9599,0.0034843205574912,0.0473867595818815,0.2627177700348432,0.378397212543554,10.43858735284925,0.222692036645525,0.2139372822299651,10.0,40.0,36.0,5.0,,29.03,6.4,7.28,14590.4761904762,29.0
95076,2019,26.83528627879078,66991.0,1.92,31.0,4.0,121,1.33,0.08,3.0,12.68,8.34,13.7,20.1,17.26943213854209,9853,0.0059968017057569,0.0439765458422174,0.2598614072494669,0.3544776119402985,10.14919313914544,0.2099172441633586,0.2165511727078891,7.0,47.0,37.0,6.0,,28.78,6.4,7.28,14590.4761904762,29.0
95076,2020,26.01655775697396,76010.0,1.84,30.0,4.0,125,1.09,0.8,4.0,12.38,7.18,9.6,15.1,17.95541106536468,9965,0.0052864600541862,0.0370052203793035,0.2557325051212582,0.3588184761778893,11.35975915704968,0.1947185916244332,0.1896517544439304,8.0,44.0,35.0,5.0,,30.65,6.4,7.28,14590.4761904762,29.0
95076,2021,27.93938941592121,81318.0,2.6,29.0,4.0,126,1.14,0.8,4.0,12.03,7.53,7.4,11.7,18.5948051645109,10730,0.0031361726149407,0.0357523678103242,0.2584206234711159,0.3236530138618829,12.72134203168686,0.1706916171450246,0.1800163080975977,18.0,43.0,36.0,6.0,,33.44,6.4,7.28,14590.4761904762,29.0
95076,2022,30.10760300690311,86062.0,3.5,31.0,4.0,211,1.14,0.8,7.0,12.58,8.31,6.2,10.3,20.29122270533709,11503,0.0023547418614234,0.0364984988520633,0.248425266380173,0.2966974745393536,11.12753194818743,0.1719333610007707,0.1512921645964561,20.0,41.0,46.0,7.0,,35.08,6.4,7.28,14590.4761904762,29.0
95076,2023,29.70804537047705,86685.0,4.11,30.0,4.0,203,1.14,0.8,5.0,14.14,9.01,5.6,9.3,21.72578237813831,12161,0.0039097408400357,0.0290437890974084,0.2474307417336907,0.2708891867739053,11.59444124660801,0.1472820282196863,0.1535969615728329,20.0,40.0,38.0,7.0,,36.81,6.4,7.28,14590.4761904762,29.0
95076,2024,27.79040675751284,86685.0,4.11,30.0,4.0,211,1.14,0.8,5.0,14.14,9.01,5.1,8.7,20.98036374175784,11969,0.0034536349507857,0.0287802912565475,0.2595982271340586,0.2716859494618086,12.99189573063748,0.1605517880948241,0.1611696310366661,20.0,40.0,38.0,7.0,,36.81,6.4,7.28,14590.4761904762,29.0
95110,2015,35.19313917150644,68693.0,1.25,6.0,1.0,0,1.26,0.4,2.0,3.91,4.16,,,7.70755004572706,1061,0.0226315497914371,0.3305911739548671,0.1467464591916269,0.6586124094227013,7.917059377945335,0.3261689905743608,0.2848086858369863,6.0,30.0,33.0,1.0,2.0,11.56,9.1,68.11,94.0071812246163,15.34
95110,2016,41.51491096077061,69623.0,3.03,5.0,1.0,0,1.26,0.4,2.0,4.84,4.76,,,8.562532433834976,1162,0.0204309958342449,0.3271507409129737,0.1415029040642709,0.6429341884247972,9.38037865748709,0.305016165368151,0.2869698263592371,7.0,37.0,30.0,,2.0,12.62,9.1,68.11,94.0071812246163,15.34
95110,2017,38.62127170400566,76250.0,4.26,5.0,,6,1.26,0.4,3.0,5.34,5.17,10.7,15.4,9.37226877795486,1254,0.0196433317313079,0.3329486107941249,0.1474387168909863,0.6196191246198688,9.4896331738437,0.300265533401003,0.2633922231941915,4.0,38.0,27.0,,,13.24,9.1,68.11,94.0071812246163,15.34
95110,2018,41.06846817539473,87634.0,7.32,5.0,,9,1.26,0.4,,5.96,5.14,8.8,13.0,9.642132356580706,1352,0.0187905541170341,0.3262821673796261,0.151208156674229,0.583913904143561,9.171597633136097,0.2952150949988972,0.2712430486966753,3.0,40.0,27.0,,,13.99,9.1,68.11,94.0071812246163,15.34
95110,2019,41.44338985121075,95829.0,2.57,5.0,,16,1.26,0.4,,6.01,4.28,6.3,8.6,10.1264552388599,1366,0.0180506526962277,0.3326141488999254,0.147675197012606,0.5622860527399547,8.41874084919473,0.2685531176476851,0.2572239616948179,3.0,38.0,31.0,,,13.67,9.1,68.11,94.0071812246163,15.34
95110,2020,35.13900897452588,98209.0,3.39,5.0,,17,1.32,0.5,3.0,8.3,4.57,4.7,7.5,9.928014397120576,1331,0.0165688122158104,0.3507217546321076,0.1441422373509831,0.502607836123907,4.883546205860256,0.2696155111627134,0.2463015293153755,4.0,42.0,31.0,,,14.28,9.1,68.11,94.0071812246163,15.34
95110,2021,27.57362720483143,119408.0,2.74,6.0,,32,1.34,0.5,3.0,8.81,4.37,3.9,6.7,9.888599892035138,1369,0.0183651667468979,0.3471722375116631,0.1430273245889134,0.5042067563314022,6.35500365230095,0.2625862562443518,0.2379255890818096,4.0,41.0,34.0,,,14.36,9.1,68.11,94.0071812246163,15.34
95110,2022,31.14895749829527,129265.0,2.87,6.0,,32,1.34,0.5,3.0,8.52,4.9,3.8,6.2,9.776508811656985,1337,0.0177218739837519,0.3294099635281001,0.1400357225459733,0.4627608647471963,8.451757666417352,0.2625493042564989,0.2414603915120106,3.0,44.0,33.0,,,13.85,9.1,68.11,94.0071812246163,15.34
95110,2023,28.61644821603938,132800.0,1.64,5.0,,20,1.34,0.5,3.0,10.4,5.31,3.6,6.1,10.27052046903929,1426,0.0166682967026267,0.329966207147421,0.1485650125972176,0.457362546729129,12.3422159887798,0.2417235159777279,0.242126574755064,6.0,49.0,31.0,,3.0,15.15,9.1,68.11,94.0071812246163,15.34
95110,2024,27.90529034404664,132800.0,1.64,5.0,,36,1.34,0.5,3.0,10.4,5.31,3.9,6.8,12.21760256474478,1720,0.0175887038434454,0.3235381184664456,0.1422318023790406,0.4366265130027874,15.17441860465116,0.2398112426348928,0.2442415448622066,6.0,49.0,31.0,,3.0,15.15,9.1,68.11,94.0071812246163,15.34
95111,2015,39.04149250012739,57047.0,1.68,10.0,1.0,0,3.31,1.87,1.0,13.97,4.43,,,13.01381984330003,5520,0.0247249350970453,0.5736184942514526,0.4042526888366918,0.2076894548151811,10.36231884057971,0.4393564356435644,0.750401780195327,11.0,24.0,25.0,6.0,1.0,24.44,9.8,64.77,38.7145140672605,10.33
95111,2016,37.65652185000016,61630.0,3.75,6.0,1.0,0,3.31,1.87,1.0,14.13,4.32,,,13.99754074120193,6052,0.0289113755142888,0.5215167352385188,0.3669520738352052,0.1768041810296897,12.80568407138136,0.3940777023266169,0.6872011564550206,13.0,25.0,24.0,5.0,1.0,26.29,9.8,64.77,38.7145140672605,10.33
95111,2017,35.59846738225111,66549.0,3.32,8.0,,84,3.31,1.87,,14.49,4.42,8.0,14.4,14.81869596708326,6248,0.0280782029950083,0.509567387687188,0.3265391014975041,0.1643094841930116,13.73239436619718,0.3310775637688704,0.6447587354409318,10.0,24.0,26.0,5.0,,27.57,9.8,64.77,38.7145140672605,10.33
95111,2018,34.23332472568033,69039.0,3.34,9.0,,57,3.31,1.87,,17.05,6.16,6.4,12.9,15.78728042056674,6537,0.0304568527918781,0.483248730964467,0.3228426395939086,0.1675126903553299,13.7065932384886,0.3089744892773655,0.6060913705583757,11.0,26.0,25.0,5.0,,28.95,9.8,64.77,38.7145140672605,10.33
95111,2019,34.12036597590583,73093.0,3.55,10.0,,46,3.31,1.87,,17.32,6.5,5.9,11.5,16.45641274462235,6720,0.0265356265356265,0.4501228501228501,0.3282555282555282,0.166093366093366,15.41666666666667,0.2627177014661025,0.5739557739557739,9.0,26.0,31.0,5.0,,28.54,9.8,64.77,38.7145140672605,10.33
95111,2020,32.43486176574596,77009.0,3.21,10.0,,105,3.28,1.74,,19.14,6.19,4.3,8.5,16.73340633836196,6842,0.0244188318030865,0.4815393631568666,0.3164680601680015,0.1445594842742723,15.44869921075709,0.270878153725797,0.5792146903692127,11.0,25.0,29.0,4.0,,30.47,9.8,64.77,38.7145140672605,10.33
95111,2021,30.25558800249861,81166.0,3.43,9.0,,306,3.28,1.74,,21.84,7.41,3.9,7.1,17.15853477680557,6929,0.0259291270527225,0.460001920676078,0.3044271583597426,0.1603764525112839,15.80314619714244,0.2672049211841599,0.5656391049649476,11.0,28.0,26.0,4.0,,31.2,9.8,64.77,38.7145140672605,10.33
95111,2022,29.84432990824005,90808.0,3.11,12.0,,297,3.28,1.74,,23.46,8.36,3.6,6.8,17.4411405431636,6953,0.0249448335412069,0.4470881703924014,0.3127698359397486,0.1554255012952125,15.71983316554005,0.2833269304648482,0.5564616713038473,14.0,24.0,29.0,3.0,,32.19,9.8,64.77,38.7145140672605,10.33
95111,2023,29.94392988604368,97162.0,4.36,12.0,,312,3.28,1.74,,22.81,7.35,3.1,6.9,18.51744926551753,7210,0.0238444607483492,0.415443873807777,0.3301540719002201,0.1283932501834189,17.80859916782247,0.2964934826510005,0.5383345561261923,14.0,28.0,24.0,3.0,,33.69,9.8,64.77,38.7145140672605,10.33
95111,2024,30.8745345654917,97162.0,4.36,12.0,,414,3.28,1.74,,22.81,7.35,3.0,6.4,19.17415474983392,7288,0.0382932166301969,0.4567833698030634,0.2817286652078775,0.1230853391684901,24.13556531284303,0.3039153052842931,0.5570751276440554,14.0,28.0,24.0,3.0,,33.69,9.8,64.77,38.7145140672605,10.33
95112,2015,50.75433305142483,49454.0,7.21,15.0,,0,0.48,0.42,3.0,12.63,7.95,,,11.37867952769001,4852,0.0716425687117363,0.4819590986062264,0.3608180278754722,0.3712387651426338,7.790601813685079,0.5183727034120735,0.5418783378924059,23.0,59.0,65.0,4.0,5.0,16.99,6.6,71.93,119.725247938948,5.43
95112,2016,48.8848880316589,56495.0,6.4,,,0,0.52,0.5,,13.12,8.5,,,11.28882970949775,4924,0.0716425687117363,0.4819590986062264,0.3608180278754722,0.3712387651426338,10.70268074735987,0.5183727034120735,0.5418783378924059,,,,,,18.17,6.6,71.93,119.725247938948,5.43
95112,2017,47.25797470116622,60569.0,7.39,,,62,0.52,0.5,,14.32,9.41,12.5,20.5,12.37447412111736,5424,0.0716425687117363,0.4819590986062264,0.3608180278754722,0.3712387651426338,10.47197640117994,0.5183727034120735,0.5418783378924059,,,,,,19.96,6.6,71.93,119.725247938948,5.43
95112,2018,47.86171676869132,63500.0,6.61,,,82,0.52,0.58,,14.64,9.53,9.9,17.8,13.23943661971831,5805,0.0680356259277585,0.4366650173181592,0.351311232063335,0.3624443344878773,10.66322136089578,0.4746480627880902,0.5047006432459178,,,,,,20.6,6.6,71.93,119.725247938948,5.43
95112,2019,44.22112370345478,66501.0,5.39,,,70,0.52,0.57,,14.54,9.66,9.0,16.2,13.92138587131195,6233,0.0669514025164492,0.4074800877294239,0.3370656816345377,0.3266766708992266,11.16637253329055,0.4332675107445696,0.4548078033013967,,,,,,21.49,6.6,71.93,119.725247938948,5.43
95112,2020,42.79842633731722,74019.0,3.96,8.0,,89,0.44,0.56,3.0,14.09,8.43,7.2,13.6,14.3114461548725,5963,0.0477799790234238,0.4311851765528493,0.3635939867148351,0.3053257196130987,10.91732349488513,0.4044074551635213,0.4906188089966204,19.0,64.0,58.0,6.0,7.0,21.03,6.6,71.93,119.725247938948,5.43
95112,2021,40.7853648295058,83224.0,4.2,7.0,4.0,74,0.45,0.47,3.0,13.7,7.67,5.4,11.0,15.35844346800253,6264,0.0456417677835912,0.4052098408104196,0.341756651452744,0.305020594456195,10.8397190293742,0.3605823068309071,0.4430591116553489,22.0,66.0,54.0,5.0,7.0,21.51,6.6,71.93,119.725247938948,5.43
95112,2022,44.26107136362841,85080.0,4.34,10.0,3.0,92,0.45,0.47,,15.38,8.95,4.5,10.2,15.64440663547427,6425,0.0445894507884719,0.3947797716150081,0.3132137030995106,0.3121261555193039,15.65758754863813,0.3848262251946058,0.3969548667754214,27.0,71.0,63.0,5.0,5.0,21.67,6.6,71.93,119.725247938948,5.43
95112,2023,40.39608561862527,89649.0,3.49,12.0,3.0,92,0.45,0.47,,14.45,8.84,4.4,9.1,16.35309868583307,6486,0.0409350425508994,0.3738015727674244,0.3167079607885381,0.3199396746741355,18.47055195806352,0.3813973704226882,0.3813422385004847,23.0,67.0,57.0,5.0,6.0,21.94,6.6,71.93,119.725247938948,5.43
95112,2024,41.8681371408253,89649.0,3.49,12.0,3.0,130,0.45,0.47,,14.45,8.84,3.2,7.4,15.70425112857965,6246,0.0432852386237513,0.4051054384017757,0.2952275249722531,0.3462819089900111,22.12616074287544,0.3789237668161435,0.4062153163152053,23.0,67.0,57.0,5.0,6.0,21.94,6.6,71.93,119.725247938948,5.43
95113,2015,74.16307986609277,61500.0,0.6,3.0,,0,0.96,0.5,1.0,22.53,11.44,,,19.41830624465355,166,0.0226315497914371,0.3305911739548671,0.1467464591916269,0.6586124094227013,13.85542168674699,0.3261689905743608,0.2848086858369863,1.0,23.0,63.0,,2.0,18.97,6.1,100.0,0.0,8.03
95113,2016,71.36796091540242,96711.0,0.48,4.0,,0,0.96,0.5,2.0,22.86,12.18,,,18.99399399399399,187,0.0204309958342449,0.3271507409129737,0.1415029040642709,0.6429341884247972,12.83422459893048,0.305016165368151,0.2869698263592371,3.0,24.0,63.0,,2.0,20.21,6.1,100.0,0.0,8.03
95113,2017,62.07865168539327,114539.0,6.63,3.0,,0,0.96,0.5,,14.91,9.02,6.2,6.6,15.34963047185901,192,0.0196433317313079,0.3329486107941249,0.1474387168909863,0.6196191246198688,9.895833333333332,0.300265533401003,0.2633922231941915,,34.0,63.0,,,14.08,6.1,100.0,0.0,8.03
95113,2018,49.21193016488846,122120.0,5.98,4.0,,0,0.96,0.5,,12.09,10.04,4.1,5.2,12.68695203713254,186,0.0187905541170341,0.3262821673796261,0.151208156674229,0.583913904143561,5.913978494623656,0.2952150949988972,0.2712430486966753,,35.0,66.0,,,13.63,6.1,100.0,0.0,8.03
95113,2019,55.53646052273682,135875.0,14.86,4.0,,0,0.96,0.5,3.0,12.91,11.23,7.0,8.1,12.48220218319886,200,0.0180506526962277,0.3326141488999254,0.147675197012606,0.5622860527399547,0.0,0.2685531176476851,0.2572239616948179,,33.0,65.0,,,14.13,6.1,100.0,0.0,8.03
95113,2020,49.15092199500923,131094.0,23.83,,,0,1.01,0.57,,13.85,12.06,8.5,9.7,14.31372549019608,267,0.0165688122158104,0.3507217546321076,0.1441422373509831,0.502607836123907,15.73033707865168,0.2696155111627134,0.2463015293153755,,32.0,57.0,,,17.74,6.1,100.0,0.0,8.03
95113,2021,48.83010086867352,124625.0,30.36,3.0,,0,1.03,0.57,,14.07,12.38,11.9,11.1,14.07942238267148,248,0.0183651667468979,0.3471722375116631,0.1430273245889134,0.5042067563314022,22.58064516129032,0.2625862562443518,0.2379255890818096,,33.0,51.0,,,17.48,6.1,100.0,0.0,8.03
95113,2022,55.39940261928468,133021.0,39.06,,,0,1.03,0.57,3.0,13.11,11.32,12.4,12.7,14.57658491439149,237,0.0177218739837519,0.3294099635281001,0.1400357225459733,0.4627608647471963,25.31645569620253,0.2625493042564989,0.2414603915120106,,30.0,45.0,,3.0,16.47,6.1,100.0,0.0,8.03
95113,2023,61.78630367605524,140938.0,36.63,,,0,1.03,0.57,,13.08,11.13,12.7,12.3,13.09864920180106,263,0.0166682967026267,0.329966207147421,0.1485650125972176,0.457362546729129,43.34600760456274,0.2417235159777279,0.242126574755064,,29.0,52.0,,3.0,13.92,6.1,100.0,0.0,8.03
95113,2024,59.67601169787631,140938.0,36.63,,,0,1.03,0.57,,13.08,11.13,9.6,10.9,13.40909090909091,274,0.0175887038434454,0.3235381184664456,0.1422318023790406,0.4366265130027874,46.71532846715328,0.2398112426348928,0.2442415448622066,,29.0,52.0,,3.0,13.92,6.1,100.0,0.0,8.03
95116,2015,49.76512155618038,47413.0,5.61,19.0,,25,0.83,0.58,3.0,17.82,8.08,,,14.39400925908848,4996,0.0512557662737057,0.5830343413634034,0.4446437724243977,0.1717068170169144,12.93034427542034,0.4850498338870431,0.7983085597129677,17.0,32.0,19.0,2.0,,26.95,4.7,83.6,10.3746231847922,4.17
95116,2016,47.24415164368438,51399.0,3.68,17.0,,0,0.83,0.58,4.0,18.83,8.05,,,14.57220945175478,5200,0.0509253508880884,0.5316109800024841,0.4558439945348405,0.1751335237858651,12.88461538461538,0.4766198634548499,0.7663644267792821,14.0,36.0,24.0,2.0,,27.8,4.7,83.6,10.3746231847922,4.17
95116,2017,45.88919171980068,56299.0,4.33,16.0,,95,0.83,0.58,5.0,18.51,8.07,14.9,20.2,14.419572213431,5173,0.0517879161528976,0.5536374845869296,0.4660912453760789,0.1381011097410604,15.32959597912236,0.4849412965798876,0.7854500616522813,15.0,33.0,25.0,,,27.14,4.7,83.6,10.3746231847922,4.17
95116,2018,43.3565714053271,60855.0,3.03,14.0,,83,0.83,0.58,6.0,19.56,8.33,13.4,18.3,14.74832244471592,5293,0.0408163265306122,0.5330132052821128,0.4705882352941177,0.1248499399759903,14.79312299263178,0.4401190181006695,0.793517406962785,16.0,32.0,20.0,3.0,,27.23,4.7,83.6,10.3746231847922,4.17
95116,2019,39.37692273278011,65667.0,3.19,12.0,,116,0.83,0.58,5.0,18.64,7.48,10.5,14.7,15.13658755038065,5431,0.0449704142011834,0.5171597633136095,0.4733727810650888,0.1171597633136094,14.9143804087645,0.417834084541357,0.7905325443786982,17.0,31.0,23.0,3.0,,27.02,4.7,83.6,10.3746231847922,4.17
95116,2020,37.04949338331465,70656.0,3.1,14.0,,99,0.65,0.48,3.0,17.86,7.27,9.0,12.2,14.97863325906717,5215,0.030480370641307,0.5218239453791758,0.5010972933430871,0.1402097049500121,16.18408437200383,0.4461711993984208,0.8022433552792002,13.0,29.0,20.0,3.0,,27.08,4.7,83.6,10.3746231847922,4.17
95116,2021,36.74343372548732,76339.0,4.35,14.0,,54,0.65,0.48,4.0,17.84,6.77,7.0,10.3,16.14125753660637,5303,0.0332028933949958,0.5668208229574291,0.4363808846199454,0.1233250326099845,18.10296058834622,0.3980099502487562,0.7968694414799005,12.0,31.0,22.0,3.0,,28.5,4.7,83.6,10.3746231847922,4.17
95116,2022,36.48548788199051,81216.0,4.2,13.0,,56,0.65,0.48,3.0,20.21,7.15,5.5,10.7,17.5489729558252,5750,0.030505027680488,0.5061574963280985,0.4394983617670319,0.1344480849621511,19.35652173913044,0.4259259259259259,0.7253417692916055,14.0,29.0,23.0,5.0,,31.52,4.7,83.6,10.3746231847922,4.17
95116,2023,36.74246212348527,83428.0,4.33,14.0,,44,0.65,0.48,3.0,22.4,7.5,4.6,9.6,18.79506719108489,5952,0.0261580381471389,0.4850136239782016,0.4174386920980926,0.1373297002724795,21.9758064516129,0.4077540106951872,0.6583106267029972,14.0,26.0,24.0,4.0,,33.45,4.7,83.6,10.3746231847922,4.17
95116,2024,39.73349686340721,83428.0,4.33,14.0,,52,0.65,0.48,3.0,22.4,7.5,4.8,9.5,19.90966237875192,6135,0.0177731312075274,0.4662833246210142,0.4056455828541558,0.1338212232096184,27.07416462917686,0.3961239484612928,0.6304234187140617,14.0,26.0,24.0,4.0,,33.45,4.7,83.6,10.3746231847922,4.17
95117,2015,24.3659014630358,67718.0,4.96,3.0,,0,1.72,1.51,,7.19,4.02,,,13.87403916110461,2818,0.0226315497914371,0.3305911739548671,0.1467464591916269,0.6586124094227013,4.861603974449964,0.3261689905743608,0.2848086858369863,2.0,11.0,2.0,2.0,,15.64,5.8,65.29,0.0,1.1
95117,2016,27.05891228611578,71841.0,3.94,3.0,,0,1.72,1.51,2.0,8.58,5.97,,,14.52453887766408,2949,0.0204309958342449,0.3271507409129737,0.1415029040642709,0.6429341884247972,7.188877585622244,0.305016165368151,0.2869698263592371,1.0,14.0,6.0,2.0,,19.31,5.8,65.29,0.0,1.1
95117,2017,25.64028728337733,82279.0,3.56,,,29,1.72,1.51,,9.6,7.49,7.5,13.5,14.63630786011317,2925,0.0196433317313079,0.3329486107941249,0.1474387168909863,0.6196191246198688,6.222222222222222,0.300265533401003,0.2633922231941915,,14.0,8.0,,,20.22,5.8,65.29,0.0,1.1
95117,2018,27.65438295961501,91347.0,3.16,,,35,1.72,1.51,,11.13,8.28,6.8,14.1,15.21019194376859,3073,0.0187905541170341,0.3262821673796261,0.151208156674229,0.583913904143561,5.597136348844777,0.2952150949988972,0.2712430486966753,,12.0,10.0,,,21.48,5.8,65.29,0.0,1.1
95117,2019,27.19121269953554,95726.0,2.77,,,12,1.72,1.51,,9.64,8.07,5.7,12.5,15.18983173631005,3135,0.0180506526962277,0.3326141488999254,0.147675197012606,0.5622860527399547,6.602870813397129,0.2685531176476851,0.2572239616948179,4.0,10.0,9.0,,,20.9,5.8,65.29,0.0,1.1
95117,2020,28.55307660881092,104160.0,2.45,3.0,,14,1.67,1.49,,9.2,7.56,3.9,8.7,14.53536054507602,3115,0.0165688122158104,0.3507217546321076,0.1441422373509831,0.502607836123907,7.319422150882825,0.2696155111627134,0.2463015293153755,4.0,10.0,8.0,,,21.0,5.8,65.29,0.0,1.1
95117,2021,24.831982695558,107972.0,0.48,3.0,,14,1.67,1.49,,7.55,6.51,2.6,7.2,13.55785238623752,2711,0.0183651667468979,0.3471722375116631,0.1430273245889134,0.5042067563314022,8.151973441534489,0.2625862562443518,0.2379255890818096,,10.0,8.0,,,17.88,5.8,65.29,0.0,1.1
95117,2022,23.768033179577,112003.0,0.92,3.0,,16,1.67,1.49,,10.29,7.86,3.0,7.5,15.207759131982,3033,0.0177218739837519,0.3294099635281001,0.1400357225459733,0.4627608647471963,8.968018463567425,0.2625493042564989,0.2414603915120106,,11.0,7.0,4.0,,21.31,5.8,65.29,0.0,1.1
95117,2023,26.29890139795207,115778.0,1.69,4.0,,19,1.67,1.49,,12.18,7.82,1.7,5.0,17.14152097273185,3273,0.0166682967026267,0.329966207147421,0.1485650125972176,0.457362546729129,11.54903758020165,0.2417235159777279,0.242126574755064,,11.0,5.0,6.0,,22.56,5.8,65.29,0.0,1.1
95117,2024,25.60925147345592,115778.0,1.69,4.0,,11,1.67,1.49,,12.18,7.82,2.0,4.1,18.41724483359923,3484,0.0175887038434454,0.3235381184664456,0.1422318023790406,0.4366265130027874,14.03559127439724,0.2398112426348928,0.2442415448622066,,11.0,5.0,6.0,,22.56,5.8,65.29,0.0,1.1
95118,2015,23.45979798566443,90984.0,1.65,8.0,,0,3.17,3.38,3.0,13.37,8.96,,,17.0876345266857,3812,0.0226315497914371,0.3305911739548671,0.1467464591916269,0.6586124094227013,4.74816369359916,0.3261689905743608,0.2848086858369863,9.0,30.0,23.0,2.0,,24.89,9.0,64.87,3.03588547733212,2.42
95118,2016,22.26856190873673,97513.0,2.51,10.0,,0,3.17,3.38,5.0,13.18,8.57,,,16.97260660830274,3819,0.0204309958342449,0.3271507409129737,0.1415029040642709,0.6429341884247972,4.84420005236973,0.305016165368151,0.2869698263592371,8.0,39.0,24.0,5.0,,24.62,9.0,64.87,3.03588547733212,2.42
95118,2017,21.34195889425047,101780.0,2.69,11.0,,12,3.17,3.38,4.0,16.51,9.29,6.4,11.3,18.17667222239693,3996,0.0196433317313079,0.3329486107941249,0.1474387168909863,0.6196191246198688,4.254254254254255,0.300265533401003,0.2633922231941915,4.0,45.0,21.0,4.0,,26.14,9.0,64.87,3.03588547733212,2.42
95118,2018,23.00701835315826,107701.0,4.3,11.0,,11,3.17,3.38,4.0,15.46,8.62,5.5,10.0,18.00675675675675,3994,0.0187905541170341,0.3262821673796261,0.151208156674229,0.583913904143561,4.406609914872309,0.2952150949988972,0.2712430486966753,7.0,45.0,22.0,4.0,,25.77,9.0,64.87,3.03588547733212,2.42
95118,2019,23.88268643001298,115306.0,4.0,11.0,,21,3.17,3.38,4.0,15.78,8.6,4.7,8.9,18.86123191758428,4097,0.0180506526962277,0.3326141488999254,0.147675197012606,0.5622860527399547,4.149377593360995,0.2685531176476851,0.2572239616948179,5.0,44.0,20.0,6.0,,26.53,9.0,64.87,3.03588547733212,2.42
95118,2020,22.04823011133216,123250.0,4.37,12.0,,25,3.14,3.33,4.0,16.8,7.86,3.0,6.5,19.4305419921875,4123,0.0165688122158104,0.3507217546321076,0.1441422373509831,0.502607836123907,5.238903710890129,0.2696155111627134,0.2463015293153755,4.0,45.0,21.0,6.0,,25.71,9.0,64.87,3.03588547733212,2.42
95118,2021,21.64288338291753,130745.0,4.45,13.0,,15,3.14,3.33,3.0,17.2,8.85,2.9,5.6,18.85453933889857,4071,0.0183651667468979,0.3471722375116631,0.1430273245889134,0.5042067563314022,7.270940800786048,0.2625862562443518,0.2379255890818096,5.0,47.0,20.0,6.0,,26.6,9.0,64.87,3.03588547733212,2.42
95118,2022,23.94414001657698,142563.0,4.76,12.0,,13,3.14,3.33,,18.62,8.55,2.2,4.9,19.07880707953818,4194,0.0177218739837519,0.3294099635281001,0.1400357225459733,0.4627608647471963,7.129232236528374,0.2625493042564989,0.2414603915120106,5.0,49.0,20.0,7.0,,27.11,9.0,64.87,3.03588547733212,2.42
95118,2023,22.61786827596355,148438.0,4.58,12.0,,30,3.14,3.33,,20.06,8.71,1.6,4.5,19.50928340297195,4263,0.0166682967026267,0.329966207147421,0.1485650125972176,0.457362546729129,7.670654468684026,0.2417235159777279,0.242126574755064,5.0,50.0,24.0,6.0,,27.38,9.0,64.87,3.03588547733212,2.42
95118,2024,21.47233520183674,148438.0,4.58,12.0,,18,3.14,3.33,,20.06,8.71,1.4,4.4,19.73137591753865,4244,0.0175887038434454,0.3235381184664456,0.1422318023790406,0.4366265130027874,7.775683317624882,0.2398112426348928,0.2442415448622066,5.0,50.0,24.0,6.0,,27.38,9.0,64.87,3.03588547733212,2.42
95119,2015,13.86242298003507,103319.0,3.15,1.0,,13,0.81,5.26,3.0,10.78,4.23,,,15.62934792690845,1172,0.0226315497914371,0.3305911739548671,0.1467464591916269,0.6586124094227013,7.593856655290103,0.3261689905743608,0.2848086858369863,1.0,14.0,2.0,,1.0,25.68,4.2,45.96,116.246862786093,28.81
95119,2016,14.13288228764734,115588.0,1.48,1.0,,10,0.81,1.66,2.0,12.73,5.55,,,16.26636526325704,1192,0.0204309958342449,0.3271507409129737,0.1415029040642709,0.6429341884247972,6.124161073825504,0.305016165368151,0.2869698263592371,1.0,12.0,2.0,2.0,1.0,28.04,4.2,45.96,116.246862786093,28.81
95119,2017,12.47058262566073,120071.0,2.47,,,10,0.81,1.66,3.0,9.88,5.45,2.1,3.4,17.14710805281755,1253,0.0196433317313079,0.3329486107941249,0.1474387168909863,0.6196191246198688,2.154828411811652,0.300265533401003,0.2633922231941915,,13.0,,,,26.57,4.2,45.96,116.246862786093,28.81
95119,2018,12.54338321991689,118090.0,1.61,,,23,0.81,1.66,5.0,11.2,5.82,1.8,2.5,19.03170359052712,1322,0.0187905541170341,0.3262821673796261,0.151208156674229,0.583913904143561,3.40393343419062,0.2952150949988972,0.2712430486966753,,14.0,,,,28.99,4.2,45.96,116.246862786093,28.81
95119,2019,11.02148457669727,126860.0,1.49,,,27,0.81,1.66,6.0,16.39,5.11,0.4,1.8,21.48199860376982,1400,0.0180506526962277,0.3326141488999254,0.147675197012606,0.5622860527399547,0.7142857142857143,0.2685531176476851,0.2572239616948179,,13.0,,,,31.82,4.2,45.96,116.246862786093,28.81
95119,2020,12.4099843595965,122944.0,1.52,,,10,1.0,5.33,4.0,10.84,3.67,0.5,1.7,21.38755980861244,1359,0.0165688122158104,0.3507217546321076,0.1441422373509831,0.502607836123907,4.341427520235467,0.2696155111627134,0.2463015293153755,,12.0,,,,26.77,4.2,45.96,116.246862786093,28.81
95119,2021,11.76550072628864,133017.0,1.44,,,17,1.0,1.82,4.0,8.38,4.55,0.4,1.3,22.72551670851845,1436,0.0183651667468979,0.3471722375116631,0.1430273245889134,0.5042067563314022,4.874651810584958,0.2625862562443518,0.2379255890818096,,13.0,,,,28.69,4.2,45.96,116.246862786093,28.81
95119,2022,11.73306593730435,151500.0,0.68,,,14,1.0,1.82,4.0,6.62,5.07,0.6,1.5,21.65184972755951,1367,0.0177218739837519,0.3294099635281001,0.1400357225459733,0.4627608647471963,4.828090709583028,0.2625493042564989,0.2414603915120106,,9.0,4.0,,,28.55,4.2,45.96,116.246862786093,28.81
95119,2023,12.84756232552363,164129.0,0.86,,,0,1.0,1.82,4.0,7.88,5.62,0.8,2.6,21.51402048042875,1395,0.0166682967026267,0.329966207147421,0.1485650125972176,0.457362546729129,4.157706093189964,0.2417235159777279,0.242126574755064,,9.0,4.0,,,28.03,4.2,45.96,116.246862786093,28.81
95119,2024,13.26773772902594,164129.0,0.86,,,0,1.0,1.82,4.0,7.88,5.62,0.9,2.3,20.42247025182179,1391,0.0175887038434454,0.3235381184664456,0.1422318023790406,0.4366265130027874,4.888569374550683,0.2398112426348928,0.2442415448622066,,9.0,4.0,,,28.03,4.2,45.96,116.246862786093,28.81
95120,2015,9.654223242042882,152721.0,2.21,2.0,,8,3.6,6.15,,19.24,7.14,,,23.07406226755924,5289,0.0103615012664057,0.3108450379921713,0.0552613400874971,0.758692148284596,0.3403289846851957,0.235185612174314,0.198019801980198,1.0,9.0,12.0,4.0,,33.39,40.6,9.22,0.0,52.54
95120,2016,9.807174038491487,161817.0,1.94,2.0,,9,3.6,4.21,,22.25,7.92,,,23.76667372432776,5510,0.0144766146993318,0.2828507795100222,0.05456570155902,0.7483296213808464,0.7259528130671506,0.2152096342551293,0.1859688195991091,2.0,8.0,11.0,3.0,,35.22,40.6,9.22,0.0,52.54
95120,2017,9.770293604002257,171908.0,1.99,,,71,3.6,4.21,,20.31,7.66,2.8,5.1,24.55122967024277,5667,0.0139574833583852,0.2737814043375564,0.0450934077732445,0.7257891346360317,0.7058408328921828,0.2214815611224599,0.1717844105647412,5.0,9.0,16.0,,,35.99,40.6,9.22,0.0,52.54
95120,2018,9.509621688094349,185800.0,1.51,,,43,3.6,4.21,,20.19,7.61,2.7,4.9,24.55657330438926,5640,0.0118585597240189,0.2878395860284605,0.0463561880120741,0.71259163432514,1.117021276595745,0.2158894645941278,0.1466149202242345,4.0,10.0,16.0,,,36.63,40.6,9.22,0.0,52.54
95120,2019,7.713169219071041,206531.0,0.79,,,108,3.6,4.21,,21.23,7.28,1.7,3.5,25.0826294528094,5760,0.0125496758000418,0.3095586697343652,0.0491528968834971,0.6525831416021752,1.232638888888889,0.2030988274706867,0.1516419159171721,5.0,10.0,17.0,,,37.49,40.6,9.22,0.0,52.54
95120,2020,8.038599369354852,207959.0,0.97,,,154,3.46,5.92,,30.16,8.48,2.3,3.9,26.37189931110354,6302,0.0119189511323003,0.2969805323798172,0.0407230830353595,0.6158124751688518,1.015550618851158,0.2018494580888933,0.1519666269368295,4.0,11.0,15.0,3.0,,38.52,40.6,9.22,0.0,52.54
95120,2021,8.167708550735622,221632.0,1.2,,,145,3.46,4.1,,25.78,7.14,2.4,3.7,25.74169664737473,6146,0.0081020862872189,0.314968604415637,0.0526635608669232,0.6066437107555196,1.724698991213798,0.1946077437664707,0.1640672473161839,4.0,12.0,16.0,3.0,,38.16,40.6,9.22,0.0,52.54
95120,2022,8.70564064775318,245273.0,1.5,,,153,3.46,4.1,,25.4,7.1,1.9,2.8,26.90313922585059,6339,0.0039123630672926,0.3071205007824726,0.0420579029733959,0.5985915492957747,2.192774885628648,0.1771383832452535,0.1770344287949921,5.0,12.0,15.0,,,38.68,40.6,9.22,0.0,52.54
95120,2023,9.241229440558822,250001.0,1.49,,,169,3.46,4.1,,28.0,8.03,2.2,3.2,26.75379891347138,6338,0.0098096919756719,0.3266627427898763,0.0490484598783598,0.5689621345889739,2.161565162511834,0.1884015307624374,0.195212870315872,5.0,17.0,15.0,,,38.42,40.6,9.22,0.0,52.54
95120,2024,8.121144406653325,250001.0,1.49,,,117,3.46,4.1,,28.0,8.03,2.3,3.0,28.01687991992858,6501,0.0086897750313797,0.3051076566573332,0.0453799362749831,0.5764217437481897,2.553453314874635,0.1719142360440409,0.1824852756589746,5.0,17.0,15.0,,,38.42,40.6,9.22,0.0,52.54
95121,2015,27.7558353596491,85514.0,2.64,6.0,,6,4.43,0.09,2.0,6.68,3.0,,,17.92186457210329,4055,0.0643306871064878,0.7473309608540926,0.2723788666849165,0.2436353681905283,8.212083847102344,0.4054809843400447,0.7363810566657542,5.0,21.0,28.0,5.0,,27.96,10.8,58.99,19.6680620514926,8.0
95121,2016,25.24081191186389,88877.0,2.02,7.0,,9,4.43,0.09,2.0,8.73,3.85,,,19.00377162179737,4268,0.0643306871064878,0.7473309608540926,0.2723788666849165,0.2436353681905283,8.036551077788191,0.4054809843400447,0.7363810566657542,5.0,25.0,23.0,6.0,,32.79,10.8,58.99,19.6680620514926,8.0
95121,2017,22.07426115094854,94818.0,2.21,5.0,,65,4.43,0.09,,10.63,4.08,4.6,8.2,19.75378447145905,4417,0.0689565443663804,0.6687483736664064,0.2940411137132449,0.2354931043455634,8.014489472492642,0.4031295584140034,0.6843611761644549,4.0,22.0,27.0,4.0,,33.73,10.8,58.99,19.6680620514926,8.0
95121,2018,19.96788836930595,102728.0,1.82,4.0,,63,4.43,0.09,,11.55,4.12,3.5,6.1,21.04089024198205,4599,0.0598727703629786,0.6673319196706997,0.2619433703380316,0.225770238243732,7.088497499456404,0.3684879288437103,0.6623425221404516,3.0,22.0,31.0,4.0,,34.87,10.8,58.99,19.6680620514926,8.0
95121,2019,20.93781937558263,106394.0,1.13,5.0,,44,4.43,0.09,,16.07,4.42,3.2,5.5,22.28024832804881,4837,0.0609901937335565,0.6732839033723989,0.2415690026309495,0.184166467352308,8.042174901798635,0.3407569672629914,0.6732839033723989,,25.0,35.0,4.0,,36.57,10.8,58.99,19.6680620514926,8.0
95121,2020,22.74451660782266,111105.0,0.78,6.0,,40,4.5,0.2,,17.53,3.84,2.5,4.3,22.51816613518741,5015,0.0673244341265235,0.6674405107370864,0.2251886244921648,0.183401044689495,10.04985044865404,0.3672649976381672,0.624492164828787,,27.0,35.0,5.0,,37.88,10.8,58.99,19.6680620514926,8.0
95121,2021,22.45187710633256,117991.0,2.26,6.0,,13,4.5,0.2,,17.65,3.99,2.1,4.0,22.95356185115365,5201,0.0555234239444765,0.6778484673221515,0.2463851937536148,0.1561596298438403,11.84387617765814,0.3783339208083657,0.631578947368421,,27.0,34.0,5.0,,38.77,10.8,58.99,19.6680620514926,8.0
95121,2022,23.70299239110052,128435.0,2.84,6.0,,87,4.5,0.2,,18.25,3.52,2.1,3.3,24.26276018222986,5296,0.0528446143467506,0.6791095120305823,0.2248706993478749,0.1461659545761187,12.44335347432024,0.363761153054221,0.6127726557229594,3.0,28.0,31.0,5.0,,41.07,10.8,58.99,19.6680620514926,8.0
95121,2023,24.86455448189767,133700.0,3.41,5.0,,146,4.5,0.2,,18.51,3.39,2.2,3.6,25.16096523151,5390,0.0478415665331553,0.675344904316867,0.2325322652425456,0.1368491321762349,16.67903525046382,0.3723825693265421,0.5952380952380952,3.0,27.0,29.0,3.0,,43.15,10.8,58.99,19.6680620514926,8.0
95121,2024,24.89313245736484,133700.0,3.41,5.0,,166,4.5,0.2,,18.51,3.39,1.9,3.3,25.03633820585251,5347,0.0394347683207361,0.6725818819147771,0.2245590973819695,0.1336400481980501,17.37422853936787,0.3551152176333073,0.5750903713440683,3.0,27.0,29.0,3.0,,43.15,10.8,58.99,19.6680620514926,8.0
95122,2015,41.90335704814552,57470.0,0.45,16.0,,36,2.39,1.68,3.0,14.12,5.65,,,14.03770351328192,5050,0.0439506775729459,0.6140886338664387,0.4712489317543645,0.0866805029910877,15.82178217821782,0.4028812110853376,0.8631424734464657,14.0,64.0,61.0,,,27.61,8.0,74.82,3.07028795303578,7.2
95122,2016,38.7121733840068,62595.0,1.79,18.0,,33,2.39,1.27,3.0,12.46,4.64,,,14.1588377226757,5076,0.0350495528160502,0.6236403190717912,0.4580613971476915,0.0725163161711385,15.52403467297084,0.3831278704375151,0.8399806623156878,16.0,65.0,63.0,1.0,,29.18,8.0,74.82,3.07028795303578,7.2
95122,2017,36.5097123884158,66606.0,1.95,17.0,,102,2.39,1.27,3.0,12.55,4.65,11.3,17.5,15.71903474171935,5286,0.0219154065307911,0.5928117466579006,0.4054350208196362,0.0569800569800569,16.04237608777904,0.3385930309007232,0.7473153626999781,15.0,71.0,60.0,,,31.07,8.0,74.82,3.07028795303578,7.2
95122,2018,32.49982184969259,73388.0,2.44,16.0,,91,2.39,1.27,3.0,13.27,5.12,9.3,14.4,15.68362755278643,5405,0.0209666740233943,0.6025160008828073,0.3917457514897374,0.0662105495475612,16.57724329324699,0.3630545133524608,0.7393511366144339,12.0,73.0,67.0,,,31.47,8.0,74.82,3.07028795303578,7.2
95122,2019,27.74564690653368,78734.0,2.37,19.0,,81,2.39,1.27,,14.83,5.42,6.9,11.3,16.31831221824272,5567,0.021838829438742,0.577637038654728,0.409478051976414,0.0611487224284778,14.11891503502784,0.3614326272111815,0.713037781174929,12.0,65.0,73.0,,,33.56,8.0,74.82,3.07028795303578,7.2
95122,2020,26.05842908008722,84335.0,2.41,18.0,,161,2.63,1.74,,17.31,6.21,6.0,10.3,17.90934752512631,5770,0.0150587290432687,0.4858949904628049,0.4126091757855636,0.07228189940769,15.70190641247834,0.3162333099086437,0.6846702138339524,14.0,68.0,65.0,,,37.04,8.0,74.82,3.07028795303578,7.2
95122,2021,27.77568823365757,90984.0,2.51,20.0,,121,2.63,1.61,3.0,16.82,5.77,4.7,7.5,17.79482439926063,5655,0.0114261971538381,0.5058689103562896,0.4310792562584398,0.0737509089020463,16.64014146772768,0.3251272462864859,0.6803781032512725,12.0,74.0,65.0,,,35.45,8.0,74.82,3.07028795303578,7.2
95122,2022,29.91828551382605,94924.0,2.81,19.0,,134,2.63,1.51,,18.64,6.43,4.2,7.2,18.19807820378651,5791,0.0125470514429109,0.5165202843998327,0.4412379757423672,0.0669176076955248,18.13158349162494,0.3419071518193225,0.6827687160184023,16.0,75.0,67.0,,,36.16,8.0,74.82,3.07028795303578,7.2
95122,2023,30.06451788596877,103406.0,2.59,17.0,,115,2.63,1.51,3.0,19.62,6.34,3.7,6.5,18.72007048998199,5998,0.01227872710529,0.5146833111634094,0.4225928578737337,0.0634400900439987,20.47349116372124,0.3427811316893482,0.658958354650568,17.0,79.0,67.0,,,37.62,8.0,74.82,3.07028795303578,7.2
95122,2024,29.8276102100171,103406.0,2.59,17.0,,149,2.63,1.51,3.0,19.62,6.34,3.1,6.1,19.80699162973904,6141,0.0099433230585661,0.480262503728746,0.4275628915183454,0.0566769414338271,27.04771209900668,0.3370786516853932,0.6304066819130953,17.0,79.0,67.0,,,37.62,8.0,74.82,3.07028795303578,7.2
95123,2015,20.92851845498921,90881.0,1.57,7.0,,22,1.79,4.24,2.0,11.23,6.83,,,16.86837428764017,7373,0.0390518572336754,0.1843610934520025,0.1353192262283171,0.5094905094905096,4.7470500474705,0.2506584324766143,0.2433929706656979,14.0,55.0,37.0,11.0,1.0,24.25,5.7,49.02,21.0718104499102,7.72
95123,2016,18.93977826915579,97178.0,2.55,7.0,,52,1.79,1.84,4.0,9.77,6.95,,,16.79699248120301,7542,0.0465532676812891,0.1915846016114592,0.126230975828111,0.4995523724261413,5.727923627684964,0.2553763440860215,0.2309758281110116,11.0,54.0,43.0,12.0,1.0,25.74,5.7,49.02,21.0718104499102,7.72
95123,2017,18.55414660797403,102599.0,2.01,7.0,,108,1.79,1.84,4.0,10.41,7.9,3.6,7.2,18.04720452301894,8071,0.034808552958727,0.1889607160616608,0.1176860600033151,0.4574838388861263,5.748977821831248,0.2415940224159402,0.2146527432454831,10.0,55.0,47.0,11.0,,26.93,5.7,49.02,21.0718104499102,7.72
95123,2018,17.12137127832736,112946.0,2.74,7.0,,128,1.79,1.84,5.0,13.78,8.37,3.0,6.6,18.65120709671658,8384,0.0327188572340595,0.1771606416088101,0.1244912616710557,0.4309312903998085,4.353530534351145,0.2392,0.2011012688532439,9.0,56.0,49.0,11.0,,26.87,5.7,49.02,21.0718104499102,7.72
95123,2019,15.77245405077122,117579.0,3.29,7.0,,140,1.79,1.84,4.0,13.27,7.74,2.7,6.6,18.03507547334438,8306,0.0258022899532333,0.1822286727947105,0.1322367360103209,0.4434768585711982,4.695400915001204,0.2376333656644034,0.1943234962102887,9.0,57.0,48.0,10.0,,26.12,5.7,49.02,21.0718104499102,7.72
95123,2020,16.35454909975535,121404.0,3.25,7.0,,133,1.9,4.44,5.0,12.37,7.06,2.4,5.6,18.41725591029212,8314,0.0224928255642596,0.1993329713798184,0.1264251919646319,0.4110757775537113,5.605003608371422,0.2456849634582491,0.2226014116187078,9.0,52.0,50.0,11.0,,25.76,5.7,49.02,21.0718104499102,7.72
95123,2021,16.04979904141944,124389.0,2.91,9.0,,83,1.9,2.17,4.0,12.22,7.06,2.1,4.9,18.28932197193397,8467,0.0199892365649265,0.2114246175136465,0.1245483201353117,0.3974782809256554,4.511633400259832,0.2387002387002387,0.2106558007226877,8.0,54.0,48.0,12.0,,24.8,5.7,49.02,21.0718104499102,7.72
95123,2022,15.78156582839272,138557.0,3.12,8.0,,83,1.9,2.17,4.0,10.97,6.61,1.9,4.4,18.08828503777201,8543,0.0194795075580489,0.2220663861617578,0.1231104877668692,0.3958235935795542,5.712279058878614,0.235569422776911,0.2057035998129967,14.0,57.0,48.0,10.0,,25.19,5.7,49.02,21.0718104499102,7.72
95123,2023,16.38698607599116,136364.0,2.77,9.0,,65,1.9,2.17,7.0,10.39,6.51,2.2,3.8,18.57311572446961,8699,0.0222171148395004,0.2129778594959013,0.1279399371791925,0.3845859189458362,7.518105529371192,0.233752299202943,0.1968896039224699,14.0,60.0,47.0,10.0,,25.8,5.7,49.02,21.0718104499102,7.72
95123,2024,17.63249700969151,136364.0,2.77,9.0,,62,1.9,2.17,7.0,10.39,6.51,1.5,2.7,19.53155273619702,9139,0.0198398118891909,0.2263208171063266,0.126386949812624,0.3438900727459769,9.541525330999017,0.2279579380836826,0.2028069659783966,14.0,60.0,47.0,10.0,,25.8,5.7,49.02,21.0718104499102,7.72
95124,2015,14.19836714442359,106660.0,1.66,8.0,,33,1.38,3.08,4.0,6.54,8.42,,,18.02558600866362,5973,0.004491858506457,0.1516002245929253,0.0864682762492981,0.8422234699606962,2.67872091076511,0.3030996225551869,0.1695676586187535,16.0,31.0,22.0,5.0,,24.39,5.8,63.26,68.3019326907769,2.21
95124,2016,13.44020307873951,117627.0,1.37,8.0,,10,1.38,3.08,2.0,8.3,7.75,,,18.35381235251038,6006,0.0066504101086233,0.1418754156506318,0.1052981600532032,0.837951673686544,1.648351648351648,0.2892655367231638,0.1651518510308135,15.0,37.0,26.0,5.0,,24.89,5.8,63.26,68.3019326907769,2.21
95124,2017,12.16169924159398,131250.0,1.29,8.0,,60,1.38,3.08,,7.33,6.91,4.0,7.4,19.1749076016382,6181,0.0072931860804334,0.1354448843509064,0.1041883725776203,0.783496561783705,1.4560750687591,0.2811372798642054,0.1573244425922067,13.0,35.0,25.0,6.0,,26.48,5.8,63.26,68.3019326907769,2.21
95124,2018,12.93757576765406,143425.0,1.49,9.0,,35,1.38,3.08,3.0,9.11,6.63,3.7,5.5,18.63005667383232,6145,0.0146858281758103,0.1573481590265394,0.0912619322353928,0.771005979230043,1.93653376729048,0.269579115610016,0.1688870240218189,14.0,37.0,26.0,7.0,,26.86,5.8,63.26,68.3019326907769,2.21
95124,2019,14.15526549757592,155550.0,1.87,9.0,,45,1.38,3.08,3.0,9.37,7.1,3.5,5.6,19.18569623943252,6395,0.0172204213938411,0.1570097244732577,0.088128038897893,0.7394651539708266,1.8295543393276,0.2357907742998352,0.1570097244732577,13.0,34.0,27.0,6.0,,27.22,5.8,63.26,68.3019326907769,2.21
95124,2020,13.07636909535142,158484.0,1.75,10.0,,23,1.35,3.14,3.0,10.3,7.41,3.1,4.9,18.79959269150224,6416,0.0255493101686254,0.1676034747061829,0.0981093510475217,0.7194685743484927,1.730049875311721,0.245398773006135,0.1451200817577925,11.0,35.0,23.0,5.0,,27.0,5.8,63.26,68.3019326907769,2.21
95124,2021,12.76668012103398,165344.0,2.23,11.0,,21,1.35,3.14,3.0,8.84,6.93,2.9,5.0,17.85019640745967,6218,0.0373891678239504,0.1741266958658263,0.1164405512231599,0.7221450699711569,1.978128015439048,0.2648431564094214,0.1356692661040487,12.0,36.0,25.0,6.0,,26.17,5.8,63.26,68.3019326907769,2.21
95124,2022,12.32849346164954,178058.0,2.72,10.0,,23,1.35,3.14,,8.68,7.18,2.5,3.9,18.4429473196533,6330,0.0324471425580908,0.1863093992045216,0.104668201800293,0.6970902239899518,2.92259083728278,0.2629897785349233,0.1433954364664015,10.0,36.0,28.0,7.0,,25.62,5.8,63.26,68.3019326907769,2.21
95124,2023,12.81357015171707,188433.0,2.51,11.0,,28,1.35,3.14,3.0,10.01,8.33,2.0,4.0,18.89365467100075,6560,0.0234144355085004,0.15779293494859,0.1282703858291764,0.6820726865519698,2.713414634146341,0.2295997517840521,0.1130001018018935,15.0,35.0,28.0,6.0,,26.75,5.8,63.26,68.3019326907769,2.21
95124,2024,13.64688145196628,188433.0,2.51,11.0,,48,1.35,3.14,3.0,10.01,8.33,1.9,3.2,18.65018427518428,6367,0.0226430629888843,0.1945244956772334,0.1379168382050226,0.6422396047756278,4.33485157845139,0.24375,0.1358583779333058,15.0,35.0,28.0,6.0,,26.75,5.8,63.26,68.3019326907769,2.21
95125,2015,21.40838505924677,102479.0,2.71,7.0,1.0,21,2.41,1.14,6.0,13.04,9.98,,,20.29213936183861,7568,0.0252890173410404,0.0848988439306358,0.1445086705202312,0.6304190751445086,1.519556025369979,0.2311333890281258,0.1074783236994219,6.0,31.0,42.0,7.0,1.0,24.63,6.1,68.05,32.5381100737228,4.77
95125,2016,21.93966554504605,106995.0,2.54,5.0,1.0,20,2.41,1.14,6.0,17.49,11.25,,,21.773415466825,8018,0.017895185342991,0.0920323817639539,0.1312313591819343,0.5990626331487005,2.132701421800948,0.2107564494971578,0.1082232637409458,4.0,36.0,42.0,8.0,1.0,27.61,6.1,68.05,32.5381100737228,4.77
95125,2017,21.92804700110717,114386.0,2.11,4.0,,69,2.41,1.14,5.0,18.3,11.53,6.3,10.9,22.106857413963,8335,0.0140321914981427,0.0949236483697895,0.1279405695418902,0.5786215435410648,2.147570485902819,0.2149445713802149,0.1040033016921172,3.0,43.0,41.0,9.0,,28.49,6.1,68.05,32.5381100737228,4.77
95125,2018,21.79158270786661,116708.0,2.19,4.0,,51,2.41,1.14,4.0,18.49,12.08,5.3,9.6,23.53007055661328,8661,0.0190385530699666,0.08567348881485,0.115024591464382,0.5560844042519435,1.985913866759034,0.1954582319545823,0.0936062192606695,3.0,43.0,44.0,7.0,,29.52,6.1,68.05,32.5381100737228,4.77
95125,2019,20.89447168082226,118788.0,1.88,4.0,,33,2.41,1.14,4.0,18.25,12.99,4.7,8.4,23.28661461762769,8547,0.0193892389723703,0.0904831152043948,0.1090644692195831,0.572790434642107,2.48040248040248,0.2038458364281588,0.10017773469058,4.0,41.0,46.0,6.0,,30.04,6.1,68.05,32.5381100737228,4.77
95125,2020,19.96261780042565,121428.0,1.9,4.0,,51,2.39,1.06,5.0,21.07,13.17,3.8,7.5,24.27879281011909,9057,0.0137101073958412,0.099017442303298,0.1279610023611851,0.5065123010130246,4.250855691730154,0.2011806742271244,0.1348160560591058,4.0,38.0,49.0,6.0,,32.48,6.1,68.05,32.5381100737228,4.77
95125,2021,21.14127658425889,128452.0,3.06,4.0,,95,2.39,1.06,4.0,19.97,13.14,3.3,7.1,23.76304274654998,8783,0.0165250236071765,0.0991501416430594,0.1400692477179729,0.509915014164306,4.485938745303427,0.2036398621021406,0.1510859301227573,4.0,39.0,46.0,6.0,,32.08,6.1,68.05,32.5381100737228,4.77
95125,2022,19.88029124312129,140092.0,4.12,5.0,,69,2.39,1.06,5.0,21.1,13.32,3.0,6.5,23.85202407515047,8705,0.0165081361528181,0.1014071220815973,0.1383539029950475,0.4944579828629825,5.491097070649052,0.2138476436410587,0.1454288184891125,4.0,41.0,48.0,6.0,,32.25,6.1,68.05,32.5381100737228,4.77
95125,2023,19.34445142350931,148422.0,3.63,6.0,,70,2.39,1.06,4.0,22.26,13.04,3.4,6.8,23.75495976563949,8729,0.012488292226038,0.1147361848267249,0.1537620980330939,0.4729940680611926,6.472677282621148,0.2164502164502164,0.1420543240711832,5.0,44.0,45.0,6.0,,32.96,6.1,68.05,32.5381100737228,4.77
95125,2024,18.960754879617,148422.0,3.63,6.0,,38,2.39,1.06,4.0,22.26,13.04,2.3,5.4,23.94016795604476,8769,0.0092109303039607,0.1082284310715382,0.1389315320847405,0.4835738409579367,7.52651385562778,0.2017177527381609,0.1266502916794596,5.0,44.0,45.0,6.0,,32.96,6.1,68.05,32.5381100737228,4.77
95126,2015,33.13253052048558,72877.0,3.79,6.0,,0,1.13,0.72,6.0,11.77,6.88,,,13.34731989835116,3339,0.0226315497914371,0.3305911739548671,0.1467464591916269,0.6586124094227013,4.851752021563343,0.3261689905743608,0.2848086858369863,7.0,23.0,14.0,4.0,1.0,15.23,3.6,81.38,77.1236240756043,1.73
95126,2016,32.04413621504506,77734.0,3.27,6.0,,0,1.13,0.72,6.0,11.04,7.69,,,13.19841494480611,3464,0.0204309958342449,0.3271507409129737,0.1415029040642709,0.6429341884247972,4.849884526558892,0.305016165368151,0.2869698263592371,6.0,24.0,20.0,4.0,1.0,15.72,3.6,81.38,77.1236240756043,1.73
95126,2017,32.24826613483096,85489.0,2.56,5.0,,17,1.13,0.72,7.0,11.95,8.63,8.7,13.8,13.51026343755244,3574,0.0196433317313079,0.3329486107941249,0.1474387168909863,0.6196191246198688,6.239507554560716,0.300265533401003,0.2633922231941915,8.0,20.0,19.0,4.0,,16.83,3.6,81.38,77.1236240756043,1.73
95126,2018,32.80802906822854,92788.0,2.75,6.0,,16,1.13,0.72,9.0,13.1,9.28,8.0,12.8,14.29921084806046,3856,0.0187905541170341,0.3262821673796261,0.151208156674229,0.583913904143561,7.183609958506223,0.2952150949988972,0.2712430486966753,5.0,24.0,23.0,5.0,,18.76,3.6,81.38,77.1236240756043,1.73
95126,2019,31.36443684122298,99160.0,4.44,6.0,,0,1.13,0.72,9.0,13.42,9.51,6.3,11.1,14.68541125780257,4077,0.0180506526962277,0.3326141488999254,0.147675197012606,0.5622860527399547,7.28476821192053,0.2685531176476851,0.2572239616948179,5.0,25.0,24.0,4.0,,18.52,3.6,81.38,77.1236240756043,1.73
95126,2020,27.23532055211706,108503.0,3.93,6.0,,0,0.99,0.85,11.0,12.24,9.13,5.1,9.6,14.57248468823355,3960,0.0165688122158104,0.3507217546321076,0.1441422373509831,0.502607836123907,8.535353535353535,0.2696155111627134,0.2463015293153755,8.0,24.0,21.0,3.0,,18.47,3.6,81.38,77.1236240756043,1.73
95126,2021,24.38337216434113,116063.0,4.31,6.0,,0,0.99,0.85,10.0,12.25,9.36,3.0,7.1,15.11095262912472,4112,0.0183651667468979,0.3471722375116631,0.1430273245889134,0.5042067563314022,11.8920233463035,0.2625862562443518,0.2379255890818096,7.0,22.0,18.0,4.0,,18.69,3.6,81.38,77.1236240756043,1.73
95126,2022,25.10168173719783,121520.0,5.39,6.0,,0,0.99,0.85,8.0,12.19,9.51,2.6,6.2,15.70980646556384,4280,0.0177218739837519,0.3294099635281001,0.1400357225459733,0.4627608647471963,13.78504672897196,0.2625493042564989,0.2414603915120106,8.0,25.0,17.0,4.0,,19.28,3.6,81.38,77.1236240756043,1.73
95126,2023,23.35886544240155,127297.0,5.15,8.0,,0,0.99,0.85,8.0,11.34,9.28,1.8,5.1,14.86702058108214,4165,0.0166682967026267,0.329966207147421,0.1485650125972176,0.457362546729129,15.67827130852341,0.2417235159777279,0.242126574755064,7.0,24.0,18.0,5.0,,17.76,3.6,81.38,77.1236240756043,1.73
95126,2024,22.98061059717542,127297.0,5.15,8.0,,0,0.99,0.85,8.0,11.34,9.28,1.7,4.3,15.95480992511806,4296,0.0175887038434454,0.3235381184664456,0.1422318023790406,0.4366265130027874,16.78305400372439,0.2398112426348928,0.2442415448622066,7.0,24.0,18.0,5.0,,17.76,3.6,81.38,77.1236240756043,1.73
95127,2015,29.1512053392234,70692.0,2.35,8.0,,24,1.53,0.5,2.0,11.51,6.21,,,15.67647237585851,6561,0.0329553164679655,0.2781816419501793,0.3421537268585829,0.3014442182805079,6.294772138393538,0.3196527229676401,0.37026267325773,6.0,23.0,22.0,5.0,1.0,28.4,9.4,17.03,41.3167194822043,13.96
95127,2016,25.95556238036276,78362.0,1.61,10.0,,38,1.53,0.5,2.0,9.52,6.38,,,15.51552457680818,6553,0.0340334500194476,0.2528199144301828,0.3724231816413846,0.3014391287436795,5.997253166488631,0.29855187462805,0.3870089459354336,5.0,26.0,22.0,6.0,1.0,28.7,9.4,17.03,41.3167194822043,13.96
95127,2017,22.25228421855503,84239.0,1.51,6.0,,122,1.53,0.5,,10.57,6.81,9.1,14.1,16.28677683471793,6847,0.0257803148881318,0.2541202467544425,0.334223368013995,0.2946321701500782,5.403826493354754,0.2802859292701279,0.3664487616241598,,27.0,23.0,5.0,,30.11,9.4,17.03,41.3167194822043,13.96
95127,2018,23.02898376492508,92419.0,1.29,6.0,,139,1.53,0.5,,13.89,6.68,7.3,11.1,17.22132570106263,7238,0.0256364922206506,0.2484087694483734,0.3483026874115983,0.2466407355021216,5.070461453440177,0.2934557565937528,0.3739391796322489,,25.0,25.0,6.0,,32.61,9.4,17.03,41.3167194822043,13.96
95127,2019,22.2182322783828,98692.0,1.4,6.0,,147,1.53,0.5,,14.33,6.38,5.7,9.1,17.86102390726877,7493,0.0219705932060165,0.2459016393442623,0.3304039209058645,0.2264661145850938,4.911250500467103,0.2737962406660372,0.3591346966368092,,27.0,21.0,4.0,,33.59,9.4,17.03,41.3167194822043,13.96
95127,2020,23.9446459205449,104518.0,1.88,9.0,,45,1.71,0.7,,15.92,6.51,5.4,8.9,18.381841189497,7067,0.0163497117287668,0.2865502108252301,0.3252732122880991,0.2185698304793047,6.905334654025753,0.2640090917038202,0.3941141037776439,,26.0,23.0,4.0,,33.66,9.4,17.03,41.3167194822043,13.96
95127,2021,23.73275474609028,110887.0,1.6,8.0,,108,1.71,0.7,,17.47,6.54,4.2,7.4,19.20669381804352,7170,0.0173267326732673,0.3011551155115511,0.3061056105610561,0.1864686468646864,8.04741980474198,0.2234683629059256,0.377062706270627,3.0,26.0,24.0,7.0,,34.31,9.4,17.03,41.3167194822043,13.96
95127,2022,24.84256180335415,118770.0,2.7,8.0,,113,1.71,0.7,,18.25,6.8,4.0,6.7,20.08543577060817,7375,0.01918925401775,0.2966338850243863,0.2990325417766051,0.1671064204045734,10.16949152542373,0.2233049127080796,0.3757895578476053,5.0,26.0,23.0,8.0,,35.61,9.4,17.03,41.3167194822043,13.96
95127,2023,24.22272695630836,120548.0,2.4,7.0,,112,1.71,0.7,,15.98,6.08,2.4,5.3,20.56440392201797,7391,0.0206956937037331,0.2976995940460081,0.2969036058266338,0.1703414789461116,12.73170071708835,0.1929442157100185,0.3701345220090742,5.0,24.0,23.0,8.0,,35.81,9.4,17.03,41.3167194822043,13.96
95127,2024,23.07430723295143,120548.0,2.4,7.0,,109,1.71,0.7,,15.98,6.08,2.2,5.3,21.03187420314492,7179,0.0234400258648561,0.3176527643064985,0.2942127384416424,0.1648884578079534,13.94344616241816,0.2059233735335138,0.3693824765599741,5.0,24.0,23.0,8.0,,35.81,9.4,17.03,41.3167194822043,13.96
95128,2015,27.46177846998384,70096.0,2.66,7.0,,26,0.28,0.06,11.0,7.39,7.13,,,15.78822286770531,3822,0.0555081127241673,0.2277255906632508,0.2761172786791915,0.8198121263877028,5.206698063840921,0.4428216283405842,0.2931966979789354,13.0,34.0,47.0,6.0,1.0,18.26,1.8,76.49,238.914128313065,0.91
95128,2016,25.86553541375766,76894.0,4.03,5.0,,29,0.28,0.06,7.0,8.19,7.77,,,17.12174314668405,4043,0.0555081127241673,0.2277255906632508,0.2761172786791915,0.8198121263877028,6.653475142221123,0.4428216283405842,0.2931966979789354,11.0,35.0,41.0,5.0,1.0,19.23,1.8,76.49,238.914128313065,0.91
95128,2017,23.44531471098837,80916.0,3.07,5.0,,51,0.28,0.06,7.0,9.26,7.93,10.5,14.9,17.71534275220504,4293,0.0555081127241673,0.2277255906632508,0.2761172786791915,0.8198121263877028,5.823433496389471,0.4428216283405842,0.2931966979789354,14.0,37.0,43.0,8.0,,20.23,1.8,76.49,238.914128313065,0.91
95128,2018,21.9620966471198,88007.0,3.01,6.0,,61,0.28,0.06,7.0,9.02,7.73,9.3,13.3,18.65392273994425,4494,0.0555081127241673,0.2277255906632508,0.2761172786791915,0.8198121263877028,4.672897196261682,0.4428216283405842,0.2931966979789354,12.0,41.0,44.0,7.0,,21.8,1.8,76.49,238.914128313065,0.91
95128,2019,21.02093776810754,93455.0,4.46,5.0,,37,0.28,0.06,7.0,9.57,7.81,8.4,11.6,18.65043948613928,4576,0.0578197814355,0.243914536346868,0.2569231338158928,0.8077525182351044,4.785839160839161,0.4146842885273153,0.3172038587083881,12.0,39.0,45.0,7.0,,21.69,1.8,76.49,238.914128313065,0.91
95128,2020,21.22599228963415,100198.0,6.86,4.0,,28,0.16,0.05,8.0,11.89,9.09,7.1,10.9,19.87161673984327,4622,0.0601314501468326,0.2601034820304853,0.237728988952594,0.795692910082506,4.392038078753786,0.3865469487140465,0.3412110194378408,13.0,30.0,49.0,6.0,,22.97,1.8,76.49,238.914128313065,0.91
95128,2021,22.31116568250635,105563.0,5.38,3.0,,47,0.16,0.05,7.0,11.46,9.61,6.0,8.6,19.43337009076258,4529,0.0601314501468326,0.2601034820304853,0.237728988952594,0.795692910082506,3.952307352616471,0.3865469487140465,0.3412110194378408,13.0,36.0,45.0,5.0,,22.8,1.8,76.49,238.914128313065,0.91
95128,2022,20.4609835080442,117284.0,4.8,,,28,0.16,0.05,8.0,11.17,10.23,5.2,6.9,20.40828455115443,4481,0.0601314501468326,0.2601034820304853,0.237728988952594,0.795692910082506,4.284757866547646,0.3865469487140465,0.3412110194378408,12.0,44.0,48.0,5.0,,22.97,1.8,76.49,238.914128313065,0.91
95128,2023,20.27190765957359,122647.0,3.54,3.0,,21,0.16,0.05,10.0,11.66,9.86,4.3,5.7,20.60443650439184,4614,0.0601314501468326,0.2601034820304853,0.237728988952594,0.795692910082506,3.29432162982228,0.3865469487140465,0.3412110194378408,14.0,40.0,43.0,6.0,,22.71,1.8,76.49,238.914128313065,0.91
95128,2024,26.28554414786011,122647.0,3.54,3.0,,33,0.16,0.05,10.0,11.66,9.86,3.5,4.6,20.8201417156641,4380,0.0601314501468326,0.2601034820304853,0.237728988952594,0.795692910082506,4.589041095890411,0.3865469487140465,0.3412110194378408,14.0,40.0,43.0,6.0,,22.71,1.8,76.49,238.914128313065,0.91
95129,2015,19.4125798220489,107493.0,3.33,20.0,1.0,101,1.88,3.37,6.0,8.02,6.76,,,17.48165352968793,4588,0.0042402826855123,0.5851590106007067,0.093286219081272,0.7180212014134275,3.029642545771578,0.3728070175438596,0.4254416961130742,13.0,40.0,56.0,4.0,,23.65,5.9,63.36,29.7341693887114,3.75
95129,2016,18.08832056604749,119032.0,3.94,18.0,1.0,103,1.88,3.37,1.0,8.79,7.32,,,18.25914445133292,4762,0.0067907103082982,0.5595545294037756,0.0869210919462175,0.6953687355697407,3.002939941201176,0.3369839932603201,0.4047263343745755,14.0,43.0,62.0,4.0,,24.89,5.9,63.36,29.7341693887114,3.75
95129,2017,16.53756180936996,131976.0,4.31,18.0,,203,1.88,3.37,,9.41,7.7,4.4,6.8,18.97293132161766,4866,0.0078606052666055,0.5476221669068518,0.0786060526660552,0.6668413467837023,2.281134401972873,0.3152482749289677,0.3982706668413467,11.0,48.0,61.0,4.0,,25.7,5.9,63.36,29.7341693887114,3.75
95129,2018,15.5527449998325,144333.0,5.41,18.0,,166,1.88,3.37,,8.98,8.11,3.6,6.1,19.41347795520739,4906,0.0103466114847387,0.5574236937403001,0.0853595447490946,0.6117434040351785,2.038320423970648,0.3030707610146862,0.384117951370926,12.0,45.0,64.0,4.0,,25.69,5.9,63.36,29.7341693887114,3.75
95129,2019,16.76323583374889,148068.0,5.01,17.0,,97,1.88,3.37,,8.87,7.25,3.1,5.4,19.34022797614555,4892,0.0117096018735362,0.5347384855581577,0.078064012490242,0.649232370543846,2.14636140637776,0.3576711039397607,0.41504033307312,14.0,41.0,64.0,4.0,,25.44,5.9,63.36,29.7341693887114,3.75
95129,2020,12.6787304884293,157747.0,4.48,16.0,,56,2.05,3.47,,7.38,8.64,2.5,4.1,19.40313330188445,4917,0.0127959053103007,0.5438259756877799,0.0870121561100447,0.6154830454254638,2.521862924547488,0.3464691880454906,0.4465770953294946,16.0,36.0,57.0,3.0,,26.16,5.9,63.36,29.7341693887114,3.75
95129,2021,11.56976138530634,163245.0,3.49,15.0,,130,2.05,3.47,,7.43,8.6,3.2,4.7,20.28333078996897,5135,0.0087774294670846,0.5454545454545455,0.1065830721003134,0.5504702194357366,3.641674780915286,0.3666881859264041,0.4752351097178682,15.0,38.0,60.0,3.0,,26.86,5.9,63.36,29.7341693887114,3.75
95129,2022,13.45745252142906,178818.0,3.39,15.0,,100,2.05,3.47,,8.12,8.1,1.1,2.6,19.75777068623263,5013,0.0139895714104031,0.6231718173725042,0.0597736232989952,0.525244817499682,6.902054657889487,0.317710384665879,0.493450337021493,11.0,45.0,63.0,3.0,,26.59,5.9,63.36,29.7341693887114,3.75
95129,2023,13.96775070869284,182662.0,3.34,16.0,,86,2.05,3.47,,8.62,8.34,1.3,2.6,19.89192097026604,5270,0.0159803318992009,0.6097111247695144,0.0909649661954517,0.4572833435771358,9.070208728652752,0.271366979457266,0.4990780577750461,10.0,44.0,70.0,3.0,,27.38,5.9,63.36,29.7341693887114,3.75
95129,2024,11.92704483458068,182662.0,3.34,16.0,,162,2.05,3.47,,8.62,8.34,1.7,2.2,19.46709905374991,5162,0.0174042764793635,0.655146693187469,0.0584286424664346,0.4487817006464446,8.465710964742348,0.2251215144538245,0.4686723023371457,10.0,44.0,70.0,3.0,,27.38,5.9,63.36,29.7341693887114,3.75
95130,2015,25.75728764355109,98990.0,3.07,1.0,,21,1.97,3.07,,5.65,5.51,,,17.01935752445709,1515,0.0226315497914371,0.3305911739548671,0.1467464591916269,0.6586124094227013,0.528052805280528,0.3261689905743608,0.2848086858369863,1.0,7.0,5.0,2.0,,19.53,8.1,63.25,3.28702414472541,2.27
95130,2016,27.28262129971674,98179.0,2.13,1.0,,23,1.97,3.07,,5.33,5.97,,,16.57750246374771,1476,0.0204309958342449,0.3271507409129737,0.1415029040642709,0.6429341884247972,0.4742547425474254,0.305016165368151,0.2869698263592371,1.0,7.0,5.0,1.0,,20.83,8.1,63.25,3.28702414472541,2.27
95130,2017,28.96120018302237,106477.0,1.56,,,0,1.97,3.07,,5.4,4.96,4.6,10.2,16.36465402644651,1504,0.0196433317313079,0.3329486107941249,0.1474387168909863,0.6196191246198688,2.992021276595745,0.300265533401003,0.2633922231941915,,5.0,3.0,,,20.49,8.1,63.25,3.28702414472541,2.27
95130,2018,25.50519679288791,120639.0,1.42,,,0,1.97,3.07,,6.67,4.57,3.2,9.6,16.46370180986342,1526,0.0187905541170341,0.3262821673796261,0.151208156674229,0.583913904143561,3.473132372214941,0.2952150949988972,0.2712430486966753,,5.0,3.0,,,21.69,8.1,63.25,3.28702414472541,2.27
95130,2019,20.53939301021133,127772.0,1.33,,,0,1.97,3.07,,8.26,4.3,3.4,10.7,17.16916780354707,1568,0.0180506526962277,0.3326141488999254,0.147675197012606,0.5622860527399547,3.061224489795918,0.2685531176476851,0.2572239616948179,,5.0,4.0,,,21.5,8.1,63.25,3.28702414472541,2.27
95130,2020,18.83676729308207,143125.0,1.36,,,0,1.88,2.79,,11.36,5.13,3.6,9.9,19.15877873460964,1725,0.0165688122158104,0.3507217546321076,0.1441422373509831,0.502607836123907,5.681159420289855,0.2696155111627134,0.2463015293153755,,5.0,4.0,,,23.59,8.1,63.25,3.28702414472541,2.27
95130,2021,13.9995307829863,158656.0,3.12,,,0,1.88,2.79,,13.42,5.52,3.1,8.1,20.05780786491215,1737,0.0183651667468979,0.3471722375116631,0.1430273245889134,0.5042067563314022,4.490500863557859,0.2625862562443518,0.2379255890818096,,3.0,5.0,,,23.76,8.1,63.25,3.28702414472541,2.27
95130,2022,10.11947219350458,169199.0,3.16,,,0,1.88,2.79,,15.36,7.62,2.6,6.7,21.50867224880383,1878,0.0177218739837519,0.3294099635281001,0.1400357225459733,0.4627608647471963,5.005324813631523,0.2625493042564989,0.2414603915120106,,3.0,6.0,,,27.64,8.1,63.25,3.28702414472541,2.27
95130,2023,10.75546604906242,155787.0,6.85,,,0,1.88,2.79,,17.62,9.57,1.8,4.6,22.75591134830628,2073,0.0166682967026267,0.329966207147421,0.1485650125972176,0.457362546729129,4.72744814278823,0.2417235159777279,0.242126574755064,,3.0,5.0,,,30.09,8.1,63.25,3.28702414472541,2.27
95130,2024,10.34166289734212,155787.0,6.85,,,0,1.88,2.79,,17.62,9.57,1.7,3.4,22.54459329435275,2060,0.0175887038434454,0.3235381184664456,0.1422318023790406,0.4366265130027874,5.194174757281553,0.2398112426348928,0.2442415448622066,,3.0,5.0,,,30.09,8.1,63.25,3.28702414472541,2.27
95131,2015,21.81454035320477,108366.0,3.66,3.0,,0,2.83,0.24,11.0,9.29,2.11,,,15.8926487747958,2951,0.0226315497914371,0.3305911739548671,0.1467464591916269,0.6586124094227013,7.421213148085395,0.3261689905743608,0.2848086858369863,4.0,35.0,27.0,3.0,,22.14,8.7,64.08,49.1567815566113,2.81
95131,2016,21.30596101267638,108246.0,3.16,3.0,,0,2.83,0.24,10.0,7.69,3.53,,,15.92566689979019,2930,0.0204309958342449,0.3271507409129737,0.1415029040642709,0.6429341884247972,7.064846416382252,0.305016165368151,0.2869698263592371,4.0,34.0,25.0,3.0,,21.89,8.7,64.08,49.1567815566113,2.81
95131,2017,21.03113987969827,114675.0,3.81,4.0,,42,2.83,0.24,8.0,7.53,4.39,3.2,5.0,16.45383104125737,3110,0.0196433317313079,0.3329486107941249,0.1474387168909863,0.6196191246198688,6.077170418006431,0.300265533401003,0.2633922231941915,3.0,47.0,24.0,3.0,,23.38,8.7,64.08,49.1567815566113,2.81
95131,2018,18.64568219711306,121567.0,3.81,5.0,,48,2.83,0.24,7.0,6.97,4.87,2.9,4.3,16.39396855951235,3138,0.0187905541170341,0.3262821673796261,0.151208156674229,0.583913904143561,5.768005098789038,0.2952150949988972,0.2712430486966753,4.0,47.0,27.0,3.0,,24.23,8.7,64.08,49.1567815566113,2.81
95131,2019,18.95702000204238,126757.0,2.78,7.0,,71,2.83,0.24,7.0,6.99,4.77,2.7,3.7,16.6538609296965,3170,0.0180506526962277,0.3326141488999254,0.147675197012606,0.5622860527399547,5.772870662460567,0.2685531176476851,0.2572239616948179,4.0,40.0,29.0,3.0,,24.06,8.7,64.08,49.1567815566113,2.81
95131,2020,15.31290540492204,139427.0,2.76,4.0,,142,2.83,0.03,7.0,4.78,4.61,2.6,3.4,16.63447158524427,3240,0.0165688122158104,0.3507217546321076,0.1441422373509831,0.502607836123907,4.104938271604938,0.2696155111627134,0.2463015293153755,7.0,33.0,28.0,3.0,,24.66,8.7,64.08,49.1567815566113,2.81
95131,2021,13.60909188507931,151389.0,1.6,5.0,,116,2.83,0.03,7.0,4.68,3.09,1.8,2.8,17.63923208515491,3315,0.0183651667468979,0.3471722375116631,0.1430273245889134,0.5042067563314022,5.610859728506788,0.2625862562443518,0.2379255890818096,4.0,38.0,27.0,3.0,,25.32,8.7,64.08,49.1567815566113,2.81
95131,2022,12.79500572419228,164227.0,1.4,7.0,,43,2.83,0.03,7.0,5.79,3.0,1.2,2.5,17.00654220520185,3181,0.0177218739837519,0.3294099635281001,0.1400357225459733,0.4627608647471963,6.381640993398302,0.2625493042564989,0.2414603915120106,5.0,39.0,27.0,3.0,,24.53,8.7,64.08,49.1567815566113,2.81
95131,2023,13.33329496785502,170128.0,2.51,4.0,,56,2.83,0.03,6.0,9.43,4.18,1.3,2.5,17.96389656854773,3359,0.0166682967026267,0.329966207147421,0.1485650125972176,0.457362546729129,7.829711223578446,0.2417235159777279,0.242126574755064,4.0,39.0,27.0,,,26.63,8.7,64.08,49.1567815566113,2.81
95131,2024,13.7486738864156,170128.0,2.51,4.0,,18,2.83,0.03,6.0,9.43,4.18,1.0,1.8,19.80499695307739,3783,0.0175887038434454,0.3235381184664456,0.1422318023790406,0.4366265130027874,11.73671689135607,0.2398112426348928,0.2442415448622066,4.0,39.0,27.0,,,26.63,8.7,64.08,49.1567815566113,2.81
95132,2015,26.33618119247568,98026.0,2.31,5.0,,0,2.82,1.87,4.0,12.84,4.81,,,19.77145959820327,5014,0.0274622394207964,0.6990388216202722,0.1485457495943078,0.3570091124703533,6.34224172317511,0.3208088877793034,0.6116589689177382,6.0,24.0,11.0,8.0,,29.91,51.0,5.95,0.0,59.96
95132,2016,23.14353327249871,99163.0,2.92,6.0,,23,2.82,1.87,3.0,15.98,5.44,,,20.91601920126689,5219,0.0343073465041996,0.6329113924050633,0.1348633621199574,0.3584526203714658,5.307530178195057,0.3064000946409558,0.5430024843250917,6.0,23.0,9.0,8.0,,31.94,51.0,5.95,0.0,59.96
95132,2017,23.67554251535317,102868.0,2.95,,,86,2.82,1.87,,16.38,6.07,4.7,7.9,21.06036128653253,5327,0.0337052533705253,0.6311018131101812,0.1499302649930265,0.3277545327754532,6.288717852449784,0.3207810320781032,0.5323105532310554,,,,,,32.61,51.0,5.95,0.0,59.96
95132,2018,19.61173273622687,111623.0,2.26,5.0,,113,2.82,1.87,,15.48,6.77,4.2,7.5,21.40569735206959,5574,0.0323769119124706,0.6352573406274422,0.135089873841688,0.2980908786424026,4.897739504843918,0.2969744334040415,0.5213799263146143,5.0,23.0,10.0,5.0,,33.92,51.0,5.95,0.0,59.96
95132,2019,17.40410133818341,121288.0,2.6,5.0,,105,2.82,1.87,3.0,17.03,6.3,4.2,7.5,22.22301986121082,5784,0.0269193496285129,0.6342198772477656,0.116291590395176,0.2821147841068159,5.584370677731674,0.3004199418542048,0.5136211909120276,11.0,29.0,10.0,4.0,,34.52,51.0,5.95,0.0,59.96
95132,2020,15.31300128782301,130078.0,1.88,6.0,,77,3.11,2.17,4.0,14.57,6.39,4.5,8.1,22.21364040630998,5822,0.0305552628806237,0.6174270361395006,0.0979875671688968,0.2865872932251607,5.59945036070079,0.2781582551891265,0.429880939837741,12.0,30.0,11.0,,,35.37,51.0,5.95,0.0,59.96
95132,2021,15.27589515213298,143695.0,2.26,5.0,,63,3.11,2.08,4.0,15.49,6.57,4.2,7.2,22.59235067856884,5836,0.0289110183103116,0.6285469536352929,0.0995823964021844,0.2826855123674912,7.813570938999314,0.2848270692793661,0.4593639575971731,10.0,26.0,14.0,,,36.73,51.0,5.95,0.0,59.96
95132,2022,14.50288531242695,164447.0,2.36,3.0,,58,3.11,2.08,5.0,14.21,5.99,3.8,6.1,23.4230497059613,5813,0.0187519533284717,0.6302739868736327,0.0906344410876132,0.2666944473382644,8.928264235334595,0.2823210751119908,0.447963329513491,11.0,26.0,13.0,4.0,,37.06,51.0,5.95,0.0,59.96
95132,2023,15.02497763826304,172266.0,3.12,4.0,,41,3.11,2.08,5.0,13.53,5.88,3.2,5.0,23.30261330640071,5639,0.0216708202405461,0.6555423122765197,0.1072705601907032,0.2600498428865532,10.09044156765384,0.3023079423556181,0.4713403402318777,9.0,24.0,15.0,4.0,,37.48,51.0,5.95,0.0,59.96
95132,2024,17.77039238897035,172266.0,3.12,4.0,,26,3.11,2.08,5.0,13.53,5.88,2.5,4.3,23.86076263202261,5740,0.0290939318370739,0.6639650872817955,0.0987115544472152,0.2182044887780548,12.0383275261324,0.3023690773067332,0.471737323358271,9.0,24.0,15.0,4.0,,37.48,51.0,5.95,0.0,59.96
95133,2015,38.63476639958697,72459.0,3.1,4.0,,19,0.91,0.8,2.0,18.39,3.49,,,19.34699915469146,3295,0.0226315497914371,0.3305911739548671,0.1467464591916269,0.6586124094227013,12.5948406676783,0.3261689905743608,0.2848086858369863,4.0,19.0,12.0,6.0,,29.16,3.8,73.83,27.1228814133185,8.48
95133,2016,41.51065110514317,73141.0,3.88,5.0,,23,0.91,0.8,2.0,26.49,5.16,,,21.00543181072509,3565,0.0204309958342449,0.3271507409129737,0.1415029040642709,0.6429341884247972,12.39831697054698,0.305016165368151,0.2869698263592371,3.0,19.0,13.0,5.0,,32.34,3.8,73.83,27.1228814133185,8.48
95133,2017,40.83604299996279,79043.0,3.39,,,25,0.91,0.8,,24.06,5.67,8.6,13.1,21.30427261719426,3741,0.0196433317313079,0.3329486107941249,0.1474387168909863,0.6196191246198688,13.09810211173483,0.300265533401003,0.2633922231941915,,,,,,32.34,3.8,73.83,27.1228814133185,8.48
95133,2018,40.33313770482409,82487.0,5.08,6.0,,7,0.91,0.16,,23.36,6.5,8.6,13.1,22.74594444057648,3969,0.0187905541170341,0.3262821673796261,0.151208156674229,0.583913904143561,10.9851347946586,0.2952150949988972,0.2712430486966753,3.0,20.0,18.0,5.0,,33.12,3.8,73.83,27.1228814133185,8.48
95133,2019,41.77531305354739,86686.0,5.08,6.0,,10,0.91,0.16,,23.06,7.53,8.3,12.2,23.84736565727289,4159,0.0180506526962277,0.3326141488999254,0.147675197012606,0.5622860527399547,10.43520076941573,0.2685531176476851,0.2572239616948179,,17.0,18.0,5.0,,34.06,3.8,73.83,27.1228814133185,8.48
95133,2020,38.37628939463284,98386.0,5.09,6.0,,9,1.08,0.7,,20.72,7.09,6.6,10.2,23.68421052631579,3988,0.0165688122158104,0.3507217546321076,0.1441422373509831,0.502607836123907,11.43430290872618,0.2696155111627134,0.2463015293153755,,18.0,15.0,5.0,,34.96,3.8,73.83,27.1228814133185,8.48
95133,2021,32.83031371559077,110484.0,5.22,7.0,,0,1.08,0.46,,19.47,6.2,5.0,8.0,23.25790602726455,4037,0.0183651667468979,0.3471722375116631,0.1430273245889134,0.5042067563314022,12.50928907604657,0.2625862562443518,0.2379255890818096,6.0,18.0,14.0,5.0,,34.19,3.8,73.83,27.1228814133185,8.48
95133,2022,33.72119530096843,126080.0,6.43,8.0,,14,1.08,0.46,,18.92,6.48,3.8,6.2,23.33646387700442,3998,0.0177218739837519,0.3294099635281001,0.1400357225459733,0.4627608647471963,13.43171585792896,0.2625493042564989,0.2414603915120106,5.0,20.0,15.0,4.0,,34.14,3.8,73.83,27.1228814133185,8.48
95133,2023,32.33404043132978,132069.0,5.3,8.0,,17,1.08,0.46,,20.8,7.66,3.0,6.1,23.80168761597983,4134,0.0166682967026267,0.329966207147421,0.1485650125972176,0.457362546729129,17.97290759554911,0.2417235159777279,0.242126574755064,5.0,24.0,15.0,6.0,,35.87,3.8,73.83,27.1228814133185,8.48
95133,2024,30.69156919452879,132069.0,5.3,8.0,,21,1.08,0.46,,20.8,7.66,2.7,5.8,23.21104005385392,4179,0.0175887038434454,0.3235381184664456,0.1422318023790406,0.4366265130027874,18.85618569035654,0.2398112426348928,0.2442415448622066,5.0,24.0,15.0,6.0,,35.87,3.8,73.83,27.1228814133185,8.48
95134,2015,27.18119334656352,114757.0,1.87,2.0,1.0,19,5.45,2.47,3.0,3.2,1.83,,,8.104358960678654,1045,0.0226315497914371,0.3305911739548671,0.1467464591916269,0.6586124094227013,1.052631578947368,0.3261689905743608,0.2848086858369863,3.0,8.0,9.0,,1.0,8.16,4.3,34.84,22.577107236818,10.57
95134,2016,25.40745651695541,126515.0,2.2,1.0,1.0,18,5.45,2.47,5.0,2.77,2.49,,,6.463588767253689,987,0.0204309958342449,0.3271507409129737,0.1415029040642709,0.6429341884247972,2.836879432624114,0.305016165368151,0.2869698263592371,3.0,13.0,12.0,,1.0,6.94,4.3,34.84,22.577107236818,10.57
95134,2017,27.32943505856664,132891.0,2.18,,,29,5.45,2.47,,2.25,2.21,1.5,3.3,5.941460973982656,1043,0.0196433317313079,0.3329486107941249,0.1474387168909863,0.6196191246198688,5.369127516778524,0.300265533401003,0.2633922231941915,,,,,,6.39,4.3,34.84,22.577107236818,10.57
95134,2018,20.61570580757495,139558.0,1.81,,,0,5.45,2.46,5.0,1.76,2.02,0.7,2.7,6.086541287099618,1175,0.0187905541170341,0.3262821673796261,0.151208156674229,0.583913904143561,5.702127659574468,0.2952150949988972,0.2712430486966753,,17.0,12.0,,,6.92,4.3,34.84,22.577107236818,10.57
95134,2019,21.71979829834628,150131.0,2.19,,,0,5.45,2.47,5.0,0.87,2.35,0.5,2.6,5.25060479062319,1191,0.0180506526962277,0.3326141488999254,0.147675197012606,0.5622860527399547,5.289672544080604,0.2685531176476851,0.2572239616948179,,17.0,11.0,,,5.95,4.3,34.84,22.577107236818,10.57
95134,2020,20.4717256109931,153719.0,0.0,,,0,5.94,1.75,6.0,1.24,2.0,0.4,2.2,4.665726745139185,1091,0.0165688122158104,0.3507217546321076,0.1441422373509831,0.502607836123907,3.666361136571952,0.2696155111627134,0.2463015293153755,,15.0,13.0,,,5.72,4.3,34.84,22.577107236818,10.57
95134,2021,15.49825459120843,166828.0,0.0,,,0,5.94,1.75,6.0,0.49,1.4,0.1,1.5,5.107147440010266,1193,0.0183651667468979,0.3471722375116631,0.1430273245889134,0.5042067563314022,4.945515507124895,0.2625862562443518,0.2379255890818096,,17.0,14.0,,,5.91,4.3,34.84,22.577107236818,10.57
95134,2022,15.62979130645858,182920.0,0.0,,,18,5.94,1.75,6.0,1.47,1.73,0.1,1.6,5.987191098460344,1389,0.0177218739837519,0.3294099635281001,0.1400357225459733,0.4627608647471963,5.327573794096472,0.2625493042564989,0.2414603915120106,,14.0,15.0,,,6.87,4.3,34.84,22.577107236818,10.57
95134,2023,12.25131064404716,196847.0,0.0,,,15,5.94,1.75,5.0,1.68,2.19,0.2,2.0,5.840356965790779,1345,0.0166682967026267,0.329966207147421,0.1485650125972176,0.457362546729129,13.53159851301115,0.2417235159777279,0.242126574755064,,12.0,13.0,,,6.13,4.3,34.84,22.577107236818,10.57
95134,2024,16.00394688932802,196847.0,0.0,,,17,5.94,1.75,5.0,1.68,2.19,0.2,2.1,5.828492665157035,1374,0.0175887038434454,0.3235381184664456,0.1422318023790406,0.4366265130027874,13.17321688500728,0.2398112426348928,0.2442415448622066,,12.0,13.0,,,6.13,4.3,34.84,22.577107236818,10.57
95135,2015,16.13173953666488,128654.0,2.16,4.0,,0,4.68,2.83,2.0,56.23,14.69,,,29.97335293577138,4263,0.0894066648604714,0.4077485776212409,0.1449471687889461,0.6868057437008941,2.322308233638283,0.3699673558215451,0.2059062584665402,3.0,8.0,5.0,8.0,,42.22,51.4,5.43,0.0,52.79
95135,2016,12.23596395152456,129923.0,1.11,4.0,,0,4.68,2.83,,42.8,16.68,,,29.0704558910598,4108,0.0894066648604714,0.4077485776212409,0.1449471687889461,0.6868057437008941,2.409931840311587,0.3699673558215451,0.2059062584665402,3.0,7.0,5.0,7.0,,44.2,51.4,5.43,0.0,52.79
95135,2017,12.89780657246241,137067.0,1.93,,,21,4.68,2.83,,42.29,17.79,6.8,8.6,29.43118447468213,4169,0.0894066648604714,0.4077485776212409,0.1449471687889461,0.6868057437008941,1.966898536819381,0.3699673558215451,0.2059062584665402,,,,,,45.63,51.4,5.43,0.0,52.79
95135,2018,12.76280032496109,142531.0,1.91,3.0,,24,4.68,2.83,,34.79,16.48,5.5,6.8,28.91135164147062,4100,0.0894066648604714,0.4077485776212409,0.1449471687889461,0.6868057437008941,1.414634146341464,0.3699673558215451,0.2059062584665402,,8.0,5.0,4.0,,45.19,51.4,5.43,0.0,52.79
95135,2019,11.41688729927458,148438.0,2.17,,,37,4.68,2.83,,38.61,17.5,5.5,6.6,29.84328866681808,4131,0.0894066648604714,0.4077485776212409,0.1449471687889461,0.6868057437008941,1.282982328733963,0.3699673558215451,0.2059062584665402,,6.0,4.0,7.0,,46.01,51.4,5.43,0.0,52.79
95135,2020,9.42912863183424,160901.0,1.61,3.0,,39,4.67,3.02,,50.15,17.98,4.3,4.9,32.79577058065662,4420,0.0894066648604714,0.4077485776212409,0.1449471687889461,0.6868057437008941,0.8823529411764706,0.3699673558215451,0.2059062584665402,,7.0,5.0,5.0,,49.84,51.4,5.43,0.0,52.79
95135,2021,9.37910990968123,178977.0,1.3,3.0,,32,4.67,3.02,,50.05,18.35,4.0,4.9,32.97137664697865,4473,0.0840567727711175,0.4023701253961692,0.1501998070828165,0.69450186027284,0.8495416946121171,0.3965063080549009,0.1998070828165909,,8.0,5.0,6.0,,50.48,51.4,5.43,0.0,52.79
95135,2022,10.0742910728075,199042.0,1.32,3.0,,8,4.67,3.02,3.0,53.4,19.62,4.0,4.9,35.40790580319596,4651,0.0673000791765637,0.3985220374769068,0.1464766429136975,0.6466086038532594,0.967533863685229,0.3901984285524038,0.1807864871997888,,10.0,4.0,6.0,,54.1,51.4,5.43,0.0,52.79
95135,2023,9.734320660899977,196179.0,1.66,3.0,,16,4.67,3.02,3.0,56.81,21.57,3.8,5.3,36.12642052382578,4784,0.0891049007695423,0.4441744295936276,0.1377075739165654,0.6129337113541244,1.797658862876254,0.4272690161926792,0.1809099500472526,,11.0,3.0,6.0,,54.16,51.4,5.43,0.0,52.79
95135,2024,12.24379846171254,196179.0,1.66,3.0,,14,4.67,3.02,3.0,56.81,21.57,2.8,4.5,38.38243330518158,4888,0.0711881957028216,0.4724307533005436,0.1294330830960393,0.565622573129692,3.866612111292962,0.3800598724456592,0.2032099404607817,,11.0,3.0,6.0,,54.16,51.4,5.43,0.0,52.79
95136,2015,22.24464330180649,87500.0,1.4,2.0,,10,3.58,2.32,3.0,7.91,5.76,,,16.13341135166764,4405,0.0501812099247281,0.3526623919710064,0.2021187621968218,0.790354056314469,7.196367763904654,0.3784387655355397,0.3401170894898243,6.0,19.0,5.0,9.0,,20.63,10.2,53.63,0.0,7.55
95136,2016,23.91056911655987,87774.0,1.49,2.0,,10,3.58,2.32,3.0,9.4,5.67,,,16.16275402153832,4663,0.0501812099247281,0.3526623919710064,0.2021187621968218,0.790354056314469,6.562298949174352,0.3784387655355397,0.3401170894898243,8.0,17.0,10.0,7.0,,21.81,10.2,53.63,0.0,7.55
95136,2017,22.96728350194027,98340.0,0.98,,,57,3.58,2.32,,7.45,5.2,4.5,9.0,15.40193207151287,4592,0.0439903505037604,0.3916560238399318,0.2000851426138782,0.7549311763871152,6.184668989547038,0.40227434257285,0.3646941961118206,,,,,,21.45,10.2,53.63,0.0,7.55
95136,2018,18.86483023467375,104909.0,0.96,,,30,3.58,2.32,3.0,7.96,4.63,3.4,8.0,16.08227063593773,5058,0.062704114957544,0.3788373612018288,0.2103200522534291,0.6192031352057479,5.891656781336497,0.3388721706136334,0.3971260613977792,6.0,14.0,4.0,8.0,,22.27,10.2,53.63,0.0,7.55
95136,2019,17.83727037575774,112074.0,1.3,,,0,3.58,2.32,3.0,7.79,4.51,2.5,6.9,17.67419327660291,5409,0.0524371350256226,0.3587176736980098,0.1942557502085568,0.5517816708378024,3.900905897578111,0.272108843537415,0.3599094267667739,5.0,14.0,5.0,10.0,,24.28,10.2,53.63,0.0,7.55
95136,2020,18.41121058167082,119081.0,1.4,,,7,3.13,2.6,4.0,9.75,4.1,1.9,5.9,18.73092468860843,5815,0.0473411868325443,0.3886381151601893,0.1563360123307277,0.4734118683254431,6.861564918314704,0.2832892416225749,0.3666189584938896,6.0,12.0,6.0,9.0,,26.3,10.2,53.63,0.0,7.55
95136,2021,18.17071218803452,131879.0,1.81,,,5,3.13,2.6,4.0,11.01,4.89,1.5,4.2,19.06399001371069,6077,0.0407900386431945,0.3875053671103478,0.145985401459854,0.4626449119793903,8.129011025176897,0.2740167633784655,0.3681837698583082,7.0,11.0,6.0,8.0,,27.4,10.2,53.63,0.0,7.55
95136,2022,21.02513139614167,137006.0,2.74,,,24,3.13,2.6,4.0,14.28,6.25,1.7,3.6,19.86509916691335,6201,0.048962213943587,0.3736029803086748,0.1415646620542842,0.4704630122405535,9.337203676826318,0.3100031959092362,0.3767961681745609,7.0,15.0,5.0,8.0,,28.7,10.2,53.63,0.0,7.55
95136,2023,23.62766502930612,143696.0,5.56,,,47,3.13,2.6,,15.63,5.87,1.9,3.7,19.3587378331955,5956,0.0383393580896045,0.3910614525139665,0.1500712016650235,0.4896483733158068,11.14842175957018,0.3299353282911323,0.3713440683535984,5.0,18.0,8.0,8.0,,27.75,10.2,53.63,0.0,7.55
95136,2024,24.31178736991803,143696.0,5.56,,,37,3.13,2.6,,15.63,5.87,1.9,3.0,18.77809222573664,5924,0.037677304964539,0.3867464539007092,0.1662234042553191,0.4920212765957447,12.39027683997299,0.3383040284887602,0.3734485815602837,5.0,18.0,8.0,8.0,,27.75,10.2,53.63,0.0,7.55
95138,2015,9.92468448096382,145505.0,3.99,1.0,,0,2.04,3.81,1.0,7.37,1.77,,,13.02793180287091,1543,0.0226315497914371,0.3305911739548671,0.1467464591916269,0.6586124094227013,4.40699935191186,0.3261689905743608,0.2848086858369863,1.0,32.0,10.0,,,16.74,22.6,3.98,92.9036189799299,50.2
95138,2016,9.110142200389577,152284.0,0.78,3.0,,0,2.04,1.48,1.0,9.07,1.71,,,13.14669538019792,1649,0.0204309958342449,0.3271507409129737,0.1415029040642709,0.6429341884247972,2.304426925409339,0.305016165368151,0.2869698263592371,1.0,34.0,11.0,,,17.74,22.6,3.98,92.9036189799299,50.2
95138,2017,9.401001326925437,159311.0,0.06,,,0,2.04,1.48,,8.21,2.53,0.8,3.9,13.97299712101658,1842,0.0196433317313079,0.3329486107941249,0.1474387168909863,0.6196191246198688,4.723127035830619,0.300265533401003,0.2633922231941915,,,,,,19.59,22.6,3.98,92.9036189799299,50.2
95138,2018,9.218530379242443,173286.0,1.33,,,13,2.04,1.48,,7.07,2.98,0.7,3.5,14.02292208417606,1910,0.0187905541170341,0.3262821673796261,0.151208156674229,0.583913904143561,3.403141361256544,0.2952150949988972,0.2712430486966753,,31.0,10.0,,,21.99,22.6,3.98,92.9036189799299,50.2
95138,2019,8.983816707343363,179724.0,1.16,,,9,2.04,1.48,,9.87,2.88,0.8,2.3,15.13495211376608,1968,0.0180506526962277,0.3326141488999254,0.147675197012606,0.5622860527399547,3.91260162601626,0.2685531176476851,0.2572239616948179,,30.0,9.0,,,22.86,22.6,3.98,92.9036189799299,50.2
95138,2020,9.395928677056729,166895.0,1.44,,,25,1.39,4.45,,9.1,3.27,1.3,2.6,14.81769189687819,1907,0.0165688122158104,0.3507217546321076,0.1441422373509831,0.502607836123907,7.341373885684321,0.2696155111627134,0.2463015293153755,,11.0,8.0,,,21.64,22.6,3.98,92.9036189799299,50.2
95138,2021,9.69303397726267,172434.0,2.08,,,43,1.39,1.33,,7.5,2.59,2.0,3.4,14.5407777273415,1838,0.0183651667468979,0.3471722375116631,0.1430273245889134,0.5042067563314022,8.54189336235038,0.2625862562443518,0.2379255890818096,,13.0,9.0,,,22.42,22.6,3.98,92.9036189799299,50.2
95138,2022,9.19858225339345,189359.0,2.69,,,77,1.39,1.33,,9.63,2.17,2.0,3.3,15.01544799176107,1867,0.0177218739837519,0.3294099635281001,0.1400357225459733,0.4627608647471963,9.159078735940012,0.2625493042564989,0.2414603915120106,,12.0,8.0,,,22.91,22.6,3.98,92.9036189799299,50.2
95138,2023,9.00024129563175,194300.0,1.33,,,45,1.39,1.33,,9.38,1.81,2.2,2.3,16.85542971352432,2128,0.0166682967026267,0.329966207147421,0.1485650125972176,0.457362546729129,11.2781954887218,0.2417235159777279,0.242126574755064,,14.0,6.0,,,25.97,22.6,3.98,92.9036189799299,50.2
95138,2024,10.82970942989036,194300.0,1.33,,,61,1.39,1.33,,9.38,1.81,2.7,2.6,17.9535864978903,2216,0.0175887038434454,0.3235381184664456,0.1422318023790406,0.4366265130027874,12.72563176895307,0.2398112426348928,0.2442415448622066,,14.0,6.0,,,25.97,22.6,3.98,92.9036189799299,50.2
95139,2015,14.27090143686747,98400.0,0.0,1.0,,17,2.06,6.07,1.0,28.21,9.43,,,18.32252358490566,804,0.0226315497914371,0.3305911739548671,0.1467464591916269,0.6586124094227013,1.616915422885572,0.3261689905743608,0.2848086858369863,1.0,6.0,3.0,,,27.28,5.9,50.63,0.0,33.97
95139,2016,15.46100223595949,120177.0,0.73,,,17,2.06,2.69,1.0,25.27,7.6,,,18.4756527875794,820,0.0204309958342449,0.3271507409129737,0.1415029040642709,0.6429341884247972,1.951219512195122,0.305016165368151,0.2869698263592371,1.0,5.0,4.0,,,29.26,5.9,50.63,0.0,33.97
95139,2017,11.372062563669,125855.0,0.64,,,13,2.06,2.69,,20.83,6.51,2.6,8.0,17.83905458638154,804,0.0196433317313079,0.3329486107941249,0.1474387168909863,0.6196191246198688,2.238805970149254,0.300265533401003,0.2633922231941915,,,,,,28.33,5.9,50.63,0.0,33.97
95139,2018,12.74210250060261,135089.0,0.61,,,12,2.06,2.69,,25.67,6.67,3.2,9.6,19.69011380776087,857,0.0187905541170341,0.3262821673796261,0.151208156674229,0.583913904143561,2.100350058343057,0.2952150949988972,0.2712430486966753,,4.0,6.0,,,28.5,5.9,50.63,0.0,33.97
95139,2019,16.54366928197948,139612.0,0.68,,,20,2.06,2.69,,23.22,5.91,2.1,8.5,20.1548281950292,902,0.0180506526962277,0.3326141488999254,0.147675197012606,0.5622860527399547,2.549889135254989,0.2685531176476851,0.2572239616948179,,3.0,5.0,,,29.44,5.9,50.63,0.0,33.97
95139,2020,14.37260356866636,157500.0,0.0,,,20,2.1,6.15,,16.92,6.69,1.9,6.9,20.14596529881575,984,0.0165688122158104,0.3507217546321076,0.1441422373509831,0.502607836123907,3.556910569105691,0.2696155111627134,0.2463015293153755,,3.0,5.0,,,30.99,5.9,50.63,0.0,33.97
95139,2021,16.20995066278309,148750.0,0.0,,,14,2.1,2.76,,17.17,7.27,0.8,2.3,21.17861142217245,1041,0.0183651667468979,0.3471722375116631,0.1430273245889134,0.5042067563314022,5.283381364073007,0.2625862562443518,0.2379255890818096,,,6.0,,,36.23,5.9,50.63,0.0,33.97
95139,2022,19.33665737079975,187656.0,2.03,,,11,2.1,2.76,,18.88,8.18,0.4,1.7,20.50608407079646,1053,0.0177218739837519,0.3294099635281001,0.1400357225459733,0.4627608647471963,6.552706552706552,0.2625493042564989,0.2414603915120106,,,5.0,,,34.57,5.9,50.63,0.0,33.97
95139,2023,13.97438951927962,193061.0,1.59,,,10,2.1,2.76,,17.17,8.24,0.4,2.4,20.18838745958105,1058,0.0166682967026267,0.329966207147421,0.1485650125972176,0.457362546729129,4.536862003780719,0.2417235159777279,0.242126574755064,,,6.0,,,34.81,5.9,50.63,0.0,33.97
95139,2024,11.14913240917049,193061.0,1.59,,,0,2.1,2.76,,17.17,8.24,1.8,3.0,20.98081023454158,1097,0.0175887038434454,0.3235381184664456,0.1422318023790406,0.4366265130027874,7.657247037374658,0.2398112426348928,0.2442415448622066,,,6.0,,,34.81,5.9,50.63,0.0,33.97
95140,2015,7.142857142857142,166750.0,0.0,,,0,6.06,4.76,,0.0,17.65,,,28.70813397129186,53,0.0226315497914371,0.3305911739548671,0.1467464591916269,0.6586124094227013,0.0,0.3261689905743608,0.2848086858369863,,,1.0,,,70.59,89.3,0.0,0.0,44.19
95140,2016,4.761904761904762,,0.0,,,0,6.06,4.26,,9.38,3.33,,,24.90842490842491,61,0.0204309958342449,0.3271507409129737,0.1415029040642709,0.6429341884247972,0.0,0.305016165368151,0.2869698263592371,,,1.0,,,62.22,89.3,0.0,0.0,44.19
95140,2017,41.17647058823529,,0.0,,,0,6.06,4.26,,16.67,20.0,32.0,40.0,48.57142857142857,30,0.0196433317313079,0.3329486107941249,0.1474387168909863,0.6196191246198688,0.0,0.300265533401003,0.2633922231941915,,,,,,52.0,89.3,0.0,0.0,44.19
95140,2018,33.16831683168317,71563.0,0.0,,,0,6.06,4.26,,14.29,13.92,20.3,38.0,41.73913043478261,43,0.0187905541170341,0.3262821673796261,0.151208156674229,0.583913904143561,0.0,0.2952150949988972,0.2712430486966753,,,,,,36.71,89.3,0.0,0.0,44.19
95140,2019,35.8974358974359,,0.0,,,0,6.06,4.26,,15.38,12.68,25.4,31.0,38.23529411764706,35,0.0180506526962277,0.3326141488999254,0.147675197012606,0.5622860527399547,0.0,0.2685531176476851,0.2572239616948179,,,,,,42.25,89.3,0.0,0.0,44.19
95140,2020,100.0,,0.0,,,0,6.94,5.56,,0.0,15.56,40.0,40.0,21.42857142857143,12,0.0165688122158104,0.3507217546321076,0.1441422373509831,0.502607836123907,0.0,0.2696155111627134,0.2463015293153755,,,,,,15.56,89.3,0.0,0.0,44.19
95140,2021,28.51985559566787,,12.82,,,0,6.94,4.53,,0.0,18.33,8.3,21.7,47.45762711864407,36,0.0183651667468979,0.3471722375116631,0.1430273245889134,0.5042067563314022,13.88888888888889,0.2625862562443518,0.2379255890818096,,,,,,31.67,89.3,0.0,0.0,44.19
95140,2022,13.12803889789303,152750.0,28.57,,,0,6.94,4.53,,0.0,10.53,10.5,26.3,54.94505494505495,33,0.0177218739837519,0.3294099635281001,0.1400357225459733,0.4627608647471963,18.18181818181818,0.2625493042564989,0.2414603915120106,,,,,,17.54,89.3,0.0,0.0,44.19
95140,2023,33.83458646616541,,100.0,,,0,6.94,4.53,,,18.75,18.8,18.8,53.65853658536586,17,0.0166682967026267,0.329966207147421,0.1485650125972176,0.457362546729129,35.29411764705883,0.2417235159777279,0.242126574755064,,,,,,18.75,89.3,0.0,0.0,44.19
95140,2024,37.86407766990291,,100.0,,,0,6.94,4.53,,,18.75,20.7,20.7,52.38095238095239,14,0.0175887038434454,0.3235381184664456,0.1422318023790406,0.4366265130027874,42.85714285714285,0.2398112426348928,0.2442415448622066,,,,,,18.75,89.3,0.0,0.0,44.19
95148,2015,19.1473751880181,107324.0,3.6,7.0,,35,3.96,2.0,5.0,13.39,2.81,,,17.04095386210472,5050,0.0912630810416159,0.6850815283523971,0.2056461426137746,0.2190313944998783,8.03960396039604,0.3358481382331467,0.5402774397663666,7.0,18.0,14.0,10.0,,30.08,11.9,29.24,0.941787035880273,9.17
95148,2016,18.87009661999897,113028.0,2.86,6.0,,40,3.96,1.63,6.0,14.15,2.85,,,18.23613617974731,5338,0.0568828213879408,0.6734926052332196,0.1899886234357224,0.2070534698521046,6.369426751592357,0.3026166097838453,0.5460750853242321,9.0,18.0,12.0,8.0,,31.41,11.9,29.24,0.941787035880273,9.17
95148,2017,16.59924595702462,120088.0,2.36,,,56,3.96,1.63,,12.54,2.83,2.6,6.0,18.41301727601446,5521,0.0534584333406065,0.646956142264892,0.1920139646519747,0.1898319877809295,5.180220974461148,0.2727471088806458,0.5171285184377045,,,,,,31.52,11.9,29.24,0.941787035880273,9.17
95148,2018,16.92573865077959,129984.0,3.25,5.0,,51,3.96,0.44,4.0,12.11,3.14,2.6,5.5,18.65149220125271,5572,0.0537752414398595,0.6595697980684812,0.1942493415276558,0.1832748024582967,4.504666188083274,0.2699736611062335,0.5366549604916593,9.0,18.0,9.0,7.0,,32.42,11.9,29.24,0.941787035880273,9.17
95148,2019,15.00957139449103,138763.0,1.95,5.0,,26,3.96,0.44,4.0,10.95,3.4,2.3,4.6,19.85582002361568,5782,0.0417318727177882,0.6572769953051643,0.1742305685967657,0.1669274908711528,3.87409200968523,0.2649973917579551,0.5331246739697444,9.0,16.0,9.0,7.0,,34.06,11.9,29.24,0.941787035880273,9.17
95148,2020,14.37992531314707,143641.0,1.7,5.0,,50,3.75,1.99,7.0,11.38,2.97,1.4,3.8,20.00041127722141,5804,0.0359860168620193,0.6559736787990952,0.1593666461032284,0.1706765371170059,4.427980702963474,0.2683528685996298,0.5511001439440675,7.0,16.0,10.0,6.0,,35.85,11.9,29.24,0.941787035880273,9.17
95148,2021,13.77676406066592,153433.0,1.93,5.0,,61,3.75,0.29,5.0,11.01,3.45,1.7,3.5,21.17746538420886,5932,0.0329407067278898,0.6388500698742263,0.1527250948293072,0.1657017368736275,6.405933917734322,0.2515472150129766,0.5340387302854861,10.0,17.0,9.0,8.0,,38.3,11.9,29.24,0.941787035880273,9.17
95148,2022,15.49756282415421,158565.0,2.62,4.0,,90,3.75,0.29,6.0,11.12,4.07,1.6,2.9,23.09796883207844,6237,0.0274803373448308,0.5960390410309865,0.1487728607978773,0.1648820240689851,8.946608946608947,0.2501658296219084,0.5107552354780631,5.0,19.0,10.0,8.0,,42.15,11.9,29.24,0.941787035880273,9.17
95148,2023,16.29597049674686,160729.0,2.87,4.0,,68,3.75,0.29,4.0,12.89,5.01,0.9,2.3,23.88306309481847,6527,0.0230606032653814,0.5820496264182271,0.1586569504658241,0.1549672539433631,11.09238547571626,0.2287611843925837,0.495341758140393,5.0,16.0,12.0,11.0,,44.45,11.9,29.24,0.941787035880273,9.17
95148,2024,16.5310225710811,160729.0,2.87,4.0,,61,3.75,0.29,4.0,12.89,5.01,1.0,2.6,23.975997333037,6327,0.0203930292918057,0.5960326288468668,0.1455320726733407,0.1585094549499444,12.54939149675992,0.2373007044864664,0.4931405265109381,5.0,16.0,12.0,11.0,,44.45,11.9,29.24,0.941787035880273,9.17
